pashto,english,semantic_similarity
CNC1-K لړۍ contactor 06 ~ 12A د AC 50 / 60Hz، د 690V ولتاژ مدار، د 12A curre کړي، د مختلفو types.Control مقاومت، inductive، capacitive بارونه contollingmotors: د تودولو، د رڼا او transformer.Control distrbutioncircuit، صنعتي ویش.,"CNC1-K series contactor 06~12A In circuit of AC 50/60Hz, voltage of 690V, curre up to 12A, contollingmotors of different types.Control resistance,inductive,capacitive loads: heating,lighting and transformer.Control distrbutioncircuit,industrial distribution.",0.92946607
"We strive for excellence, services the customers"", hopes to be the top cooperation team and dominator business for personnel, suppliers and prospects, realizes benefit share and continual promotion for iber optic, د نوري الیاف بيلابيلو ډولونو , فایبر کیبل , نوري فایبر ستوري , To improved expand market, we sincerely invite ambitious individuals and providers to hitch as an agent. Gaining purchaser gratification is our firm's intention eternally.","We strive for excellence, services the customers"", hopes to be the top cooperation team and dominator business for personnel, suppliers and prospects, realizes benefit share and continual promotion for iber optic, different types of optical fibers , Fiber Cable , fiber optic stars , To improved expand market, we sincerely invite ambitious individuals and providers to hitch as an agent. Gaining purchaser gratification is our firm's intention eternally.",0.9206135
د Lockheed L-188 Electra د لومړي turboprop طیاره په متحده ایالاتو کې جوړ ه شوی وه. خپلې لومړنۍ الوتنې په 1957 رامنځته شوه. خپلو اجراآتو په پرتله د یو جټ الوتکې د هغو کسانو، په کمه عملیاتي لګښتونه لږ و. (منبع ويکيپېډيا),"The Lockheed L-188 Electra was the first turboprop airliner built in the United States. Its first flight took place in 1957. Its performance was only slightly lower than those of a jet plane, with lower operating costs. (source Wikipedia)",0.9142362
د Gigalight 40G QSFP + LR4 10km optical transceiver (GQS-SPO400-LR4C) د ډیټا سینټر 40GBASE-LR4 ایترنیټ او OTN OTU3 لینکونه د ایس ایم ایف - فایل پر 10km پورې رسیږي لپاره ډیزاین شوي. یو اقتباس ترلاسه کړئ,The Gigalight 40G QSFP+ LR4 10km optical transceiver (GQS-SPO400-LR4C) is designed for Data Center 40GBASE-LR4 Ethernet and OTN OTU3 links reach up to 10km over Single-Mode Fiber (SMF).,0.9077371
【کاریال】 سدیم Ascorbate (na VC) برابروي د په سلو کې د کوليګن 1،000 mg، د خوړو / نوشابه / Pharmaceutical / روغتیا او شخصي پاملرنې په پراخه توګه کارول سوديم 131 ګرامه.,"【Application】Sodium Ascorbate (Na VC) provides 131 mg of sodium per 1,000 mg of ascorbic acid, widely used in Food/Beverage/Pharmaceutical/Health and Personal care.",0.8842684
Dia.95 × 60 ملي متري h؛ Dia.113 × 60 MMH؛ Dia.146 × 70 ملي متري h؛ Dia.168 × 82 ملي متري h؛ Dia.220 × 109 mm H، ECT.,"Dia.95×60 mm H ; Dia.113×60 mmH; Dia.146×70 mm H; Dia.168×82 mm H; Dia.220×109 mm H, ect.",0.88346434
د FileCatalyst | د Adobe شراکت شراکت جوړوي چې د FileCatalyst د چټک فایل د لیږد حل حلونو له لارې په ډیرو سرعتونو کې د فوټبال په لیږلو، شریکولو او شریکولو کې مرسته وکړي، په ډرامیک ډول د تولید سایټونو لوړول. د FileCatalyst ټیکنالوژي په مستقیم ډول د Adobe محصولاتو سره یوځای شوي او کولی شي په مستقیم ډول د Adobe سافټویر کې د یوې پینل څخه لاس رسی ولري.,"The FileCatalyst | Adobe partnership allows creators to send, share and collaborate on footage at maximum speeds via FileCatalyst’s fast file transfer solutions, dramatically enhancing production cycles. FileCatalyst’s technology has been integrated directly into Adobe products and can be accessed from a panel directly within Adobe software.",0.88306046
په Ray د Lido- Open Deal WaveRider WaterSports – پړاو Gozo & Comino د 1، 2 او يا 3 کسان جټ سکي فایرفاکس,"JET SKI SAFARI pande zote Gozo & Comino kwa 1, 2 au 3 watu – WaveRider Watersports katika Ray Lido- Open Deal",0.8778888
مګر د عکس کیفیت ، سمارټ انٹرفیس ، او د 8K مینځپانګې لپاره راتلونکي پروفرو وړتیا لپاره ، دا په ساده ډول ترټولو غوره 75 انچ تلویزیون جوړ کړئ چې تاسو یې کولی شئ. (اندیښنه مه کوئ ، پاتې لیست ارزانه دی.),"But for picture quality, smart interface, and the ability to futureproof for 8K content, make this simply the best 75-inch TV you could buy. (Don’t worry, the rest of the list is cheaper.)",0.8773336
موږ کولای شو د هر اندازې او د dinosaur سم ډول د مراجعينو د اړتیا تولید. سره حیرانونکې Animatronic Dinosaur، تاسو هم Jurasic پارک تجربه، نه یوازې د فلم د ليدو. سره د سوداګرۍ د پراختیا، نور دودیزه ايکټيو dinosaur نندارې موجود دی.,"With the amazing Animatronic Dinosaur, you also experience Jurasic Park, not only watch movie. With business development, more customized interactive dinosaur exhibits is available.",0.86370623
له بلې خوا SiteGround یو ګډ مخلوط بکس دی. پداسې حال کې چې دا معلومه کړې چې دا د 99.95٪ اپاینټ فعالیت سره خورا باثباته دی، د سرعت پایلې لږ توپیر لري. د bitCatcha سرعت ازموینې کارول، SiteGround د متحده ایاالتو، یا اروپا لکه د سنګاپور یا جاپان په سیمو کې لیرې شوي و.,"SiteGround on the other hand is a bit more of a mixed bag. While it has shown that it is quite stable with a 99.95% uptime performance, its speed results vary slightly. Using BitCatcha speed tests, SiteGround performed well for regions such as the U.S., or Europe but lagged in areas such as Singapore or Japan.",0.86131877
د Gigalight د 100G QSFP28 CLR4 2km optical transceiver (GQS-SPO101-CCR4CA) د ډیټا سینټر 100G CLR4 ایترنیټ او انفیني بنډ 4x EDR عالي-فعالیت کولو کمپیوټرې (HPCX) پورې لاسرسی لپاره ډیزاین شوی یو اقتباس ترلاسه کړئ,The Gigalight 100G QSFP28 CLR4 2km optical transceiver (GQS-SPO101-CCR4CA) is designed for Data Center 100G CLR4 Ethernet and InfiniBand 4x EDR High-Performance Computing (HPC) links reach up to 2km without FEC over Single-Mode Fiber (SMF).,0.859784
د Rikoooo installer تاسو ته اجازه درکوي په اتوماتيک ډول vasFMC 2.1 ستاسو په سیمیولیټر د لګولو او د ایربس A320 او A321 له مصره مخکې شکل بندي. د پارسل کې د Navdata Navigraph - Navdata - AIRAC 0609 کال 2006 (وړیا),The installer of Rikoooo allows you to automatically install vasFMC 2.1 in your simulator and pre-configured for the Airbus A320 and A321 Egyptair. The package includes the Navdata of Navigraph - Navdata - AIRAC 0609 year 2006 (free),0.85122895
د KOOWHEEL 8.5inch سمارټ توازن سکوټر K7 ده د په بازار کې د پانې hoverboard یو. دا د نورو hoverboards په پرتله په لږ توپير ټکنالوژۍ د شکلونو، اجازه دا چې خورا پیاوړي ماشینه وکاروي، د 8.5inch څرخ دي پر خاورې او واښه fantastic، که څه هم، نه inflatable کېږي، تاسو ...ادامه مطلب »,"The KOOWHEEL 8.5inch Smart balance scooter K7 is one of the newest hoverboard on the market. It features a slightly different technology than the other hoverboards,allowing it to use more powerful motors, the 8.5inch wheels are fantastic on dirt and grass, even though, not being inflatable, you ...Read more »",0.85087013
2.The د پمپ کولو سيستم تسجيل د بریښنالیک کنټرول commutation. د پمپ commutation دی چټک او کره، د سیستم اغیزه ده د وړو، او د واقعي پمپ موثریت له خوا 7٪ څخه زيات د دوديزې hydraulically کنټرول commutation سیستم زیات شوي.,"2.The pumping system adopts electronically controlled commutation. The pumping commutation is quick and accurate, for system impact is small, and the actual pumping efficiency is increased by more than 7% over the conventional hydraulically controlled commutation system.",0.8497731
Robin DR400 يو-واحد انجن سپکې الوتکې په الوتلو کلپونه پراخه توګه کارول، د شرکت Avions Pierre Robin، اوس Robin د الوتکو غږ له خوا توليد شوې.,"Robin DR400 is a single-engine light aircraft widely used in flying clubs, produced by the company Avions Pierre Robin, now called Robin Aircraft.",0.8489955
25G د 2.5G د بینڈوټس لګښت په لږ لګښت کې 10x وړاندي کوي. پایلې په هر څه کې د 50٪ کمښت کې کمښت دی.,25G provides 2.5x the bandwidth of 10G at a slight increase in cost. The result is nearly a 50% reduction in the cost per bit.,0.84893066
د آلمان فدرالي جمهوریت د برلین ښار کې د لوړو زده کړو رهبرانو او مسوولینو نړۍ وال کنفرانس د افغانستان د لوړو زده کړو لوړ پوړي هئیت په فعاله ګډون جوړ شو,"The International Conference of Leaders and Higher Education Officers in Berlin, Federal Republic of Germany, by participation of Afghanistan’s Higher Education High Commissioner",0.8347364
موږ سره د خپلو ګمرکي بسته ډیزاینونه مشتریانو ملاتړ، موږ نه یوازې د لوړ کيفيت لرونکي محصولات خو هم سره د غوره خدمتونو، مرسته وکړي او وده زموږ د مشتریانو ملتیا کوي.,"We support clients with their own custom packaging designs, we provide not only high quality products but also with nice service, help and accompany our clients to grow.",0.8340771
که د ځینې دلیلونو لپاره تاسو د VPN له لارې لوبه ته اړتیا لرئ، تاسو به د اوږدې مودې په ترڅ کې د شتون سبب کیدو کمولو لپاره تاسو ته نږدې یو سرور غوره کړئ. د لیږد سرعت باید ژر تر ژره وي. په هرصورت، که تاسو د VPN کارولو پورې اړه لرئ د ځانګړي کور سرورونو سره د لوبې کولو لپاره تړل، دا ممکن د ستونزې لږ وي.,"If for some reason you feel the need to game through a VPN, you’ll need to select a server near you in order to reduce lag caused by longer pings. The line speed should be fast enough. However, if you’re depending on using the VPN to connect to specific overseas servers for gaming, that might be a little bit of a problem.",0.8324913
موږ ډاکټران نه یاست پدې ویب پاڼه کې معلومات طبی مشورې نه جوړوي. موږ خپلې هڅې په سمه توګه د سم معلوماتو لپاره چمتو کوو مګر موږ تضمین نلرو. موږ له تاسو څخه غوښتنه کوو چې د ډاکټر یا OBGYN څخه درواغ طبي مشوره وغواړئ.,We are not doctors and information on this website does not constitute medical advice. We make our best efforts to provide accurate information but we make no guarantees. We urge you to seek prudent medical advice from a Doctor or OBGYN.,0.82897973
800 x 1000 (، دلويديځ له) 500 x 50 (، دلويديځ له) 220V / 380V 1.5 لیتر / دقیقه. اجباري هوا کولر 1.0 x 1.2 x 1.1 (M),800 x 1000 (MM) 500 x 50 (MM) 220V/380V 1.5 L/MIN. Forced Air Cooling 1.0 x 1.2 x 1.1 (M),0.82801294
5. د کنګل کولو تونل کې ، د پلاستيک قطع کولو معنی ده چې د تعقیم شوي اوبو یا الکلالي اوبو څخه بهر ساتنه وکړئ,"5.In the rinsing tunnel, there is plastic cutting means enclosure to guard the sterilizing water or alkali water from going outside",0.8206914
"د راتلونکي پرمختګ په، Shuang Yu به د ""عالي ټکنالوژۍ، د لوړ کيفيت او لوړ اعتبار"" د سړک پيروي وکړي، سره قوي ټکنالوژۍ، ښه تجهيزاتو او کامل مدیریت، به موږ د خپلو پیرودونکو لپاره ښه محصولات او د خدمتونو د تجربو ته ادامه ورکړي.","“Keep on going, don’t forget your beginner’s mind”. In the future development, Shuang Yu will continue to adhere to the road of “High technology, high quality and high credibility”, with strong technology, excellent equipment and perfect management, we will provide better products and service experiences for our customers.",0.8198588
د ناکامي K-MONT د خدماتو شرایط د حق یا مقرراتو تمرین یا پلي کول باید د داسې حق یا حاکمیت تخصیص نه وي. د خدماتو شرایط ستاسو او د هغې ترمینځ بشپړ تړون جوړوي K-MONT او ستاسو د خدماتو کارولو اداره کول، ستاسو او ستاسو ترمینځ پخوانیو تړونونو ته پاملرنه کول K-MONT (په شمول، مګر د خدماتو شرایطو په هرډول مخکینیو نسخو کې محدود نه دي).,"The failure of K-MONT to exercise or enforce any right or provision of the Terms of Service shall not constitute a waiver of such right or provision. The Terms of Service constitutes the entire agreement between you and K-MONT and govern your use of the Service, superceding any prior agreements between you and K-MONT (including, but not limited to, any prior versions of the Terms of Service).",0.8162554
د ډیرو ډیرو کاروونکو سره د انټرنټ له لارې آنلاین ترلاسه کول، دا د دې ډاډه کوي چې ستاسو ویب پاڼه د iPad لید لپاره مناسبه ده. ځواب ورکوونکي تاسو ته دا معلومه کوي چې تاسو په ماډل کې ستاسو سایټ ښکاري.,"With more and more users getting online through their iPads, it makes sense to ensure that your website is compatible for iPad viewing. Responsinatorallows you to take a look at how your site appears on the iPad.",0.8138895
پاڼه فلزي د پروسس، د برښنا، د برېښنا وسایل، پراورګاډی برخو کې، د موټرو د برخو، د هارډویر ماشين، دقت برخې، میټالورجیکل تجهیزاتو، زينه ده،,"sheet metal processing, electronics, electrical appliances, subway parts, auto parts, hardware machinery, precision components, metallurgical equipment, elevator,",0.8137578
FileCatalyst UDP-based پروتوکول: د فټلیټالټسټسټ د پیټینګ څخه مخکې پاتې پروتوکول کاروي چې د لوی ډیټا سیسټمونو لیږدولو کې چټکتیا ده کله چې د شبکې لوړ طریقی یا پیټی ضایع وي,FileCatalyst UDP-based protocol: FileCatalyst uses a patent-pending UDP-based protocol that is faster in transferring large data sets when there is high latency or packet loss over the network,0.8090342
2.9 ګډول سيستم تناوب سرعت: 2800-5000 R / min2.10 ماشین وزن: په اړه 1350kg2.11 بعدونه: 3600ملي متري x 1250mm x 2300mm (مټ او د ټوپک په ګډون),2.9 Mixing system rotation speed: 2800-5000 r/min2.10 Machine weight: about 1350kg2.11 Dimension: 3600mm x 1250mm x 2300mm (including the arm and gun),0.80311584
"لیکوال : ویسا | ډول : د رسنیو مقالې | دخپریدو نیټه : ۲۰۱۷ - جولای - ۴ | منبع : ویسا | نور کلیدي موضوعات : , د افغانستان آبي حوزې, د افغانستان اوبه, د افغانستان په اقتصادي وده کې د اوبو حیاتي ونډه, د افغانستان سیندیزې حوزې, د اوبو بندونه, د اوبو دیپلماسي, د اوبو مدیریت","Author : Michael Kugleman | Type : Media Article | Date of Publication : June 19 2018 | Source/s : Dawn | tags : , Afghanistan, Climate Change, Pakistan, Tranboundary Waters, Water Counting, Water Governance, Water Infrastructure, Water Scarcity",0.7969314
A: سره له دې چې د ATM هیڅ ډول شتون نلري، تاسو لاهم د دریو Eftpos ټرمینالونو څخه نغدي پیسې ترلاسه کولی شئ - د گرین سمندر میلمینګ، د سپیټ گلاب میلمستون، او کوه لانت کې د Eftpos ټرمینل شتون لري.,"A: Although there is no ATM as such, you can still get cash out at any of the three Eftpos terminals – There is an Eftpos terminal at Green Ocean Guesthouse, White Rose Guesthouse, and Koh Lanta.",0.7952566
HPF د 15 کلونو څخه ډیر لپاره د CNC مشینی خدمت چمتو کولو فابریکه ده ، موږ د پیرودونکي غوښتنې او پیرودونکي رضایت باندې تمرکز کوو.,"HPF is factory providing CNC machining service for more than 15years, we focus on client's demand and client's satisfaction.",0.79396796
د هغې د خدماتو لړۍ لپاره Shopify د قیمت په نرخ کې دی. درې ټیټونه شتون لري چې په $ 29، $ 79 او $ 299 کې یې انگلیږي - هر یو چې په پلور کې یې د پلور فیسونه شامل کړي. د نرخ توپیرونه په عمده ډول د بازار موندنې اضافي اختیارونه لکه د تحفیل سندونه، اضافي لیږد نرخونه او د پیرود کارټ انتخابونه منعکس کوي.,"For its range of services Shopify is around standard in pricing. There are three tiers which ring in at $29, $79 and $299 – each which also has added transaction fees per sale.",0.7912392
ټول محصولات د نړیوالو معیارونو پر بنسټ ولاړه ده، په اسانۍ سره کلن پمپونو د تبادلې، زموږ د لوړ کيفيت لرونکي محصولات دي په ورته وخت کې 4 سخت نړیوالو طبقه ټولنې تصدیق وفات شو.,"Allar vörur eru byggðar á alþjóðamarkaði, auðvelt að skiptast á við gömlu dælur, hafa okkar hágæða vörur staðist 4 strangar alþjóðlega flokkunarfélagi vottun á sama tíma.",0.790444
"د وينا له مخې پيو څيړنيز مرکز""د می 2013 په توګه، د بالغ بالغ سیلونو٪ 63 خپل ټلیفونونه آنالین ته کارولو لپاره کاروي."" همدغه راپور دا اعداد هم وړاندې کوي چې خلک اوس د انټرنټ رسه د موبایل آلاتو څخه د وخت وخت 40 ته رسوي.","According to the Pew Research Center, “As of May 2013, 63% of adult cell owners use their phones to go online.” The same report also offers the statistic that people are now accessing the Internet from mobile devices about 40% of the time.",0.78948987
"د Bombardier جنون 8 يا پوښتنه لړۍ، پخوا د de Havilland کاناډا په نامه جنون 8 یا DHC-8، د دوه-engined، منځنی لړ، turboprop airliners يو لړ. معرفي de Havilland کاناډا (DHC) په 1984 له خوا، چې اوس له خوا Bombardier فضایي توليديږي. باندې 1,000 د ټولو جنون 8s سره Bombardier د 1,192 واحدونو مجموعي توليد دويم د ټولو ته 2016 له لارې د بېرغونو د حالتو په جوړ شوي دي.","The Bombardier Dash 8 or Q Series, previously known as the de Havilland Canada Dash 8 or DHC-8, is a series of twin-engined, medium range, turboprop airliners. Introduced by de Havilland Canada (DHC) in 1984, they are now produced by Bombardier Aerospace. Over 1,000 Dash 8s of all models have been built with Bombardier forecasting a total production run of 1,192 units of all variants through to 2016.",0.78944945
د فزیک 3 څرخ scooters فضيلت لري د خپلو 4 څرخ سیالانو په پرتله د یو روښانه احساس کله قرطاسيه. خو کله چې حرکت، حتی ډير په ورو د scooters مشرتابه پیداشی به د پام وړ په توګه تر اوسه پورې لږ مقاومت کله چې حرکت شته دی سپک کړي.,"By virtue of physics 3 wheel scooters have a lighter feel than their 4 wheel counterparts when stationary. However when moving, even very slowly the heaviest of scooters steering will lighten up considerably as there is far less resistance when moving.",0.7865896
ځواب: هو، موږ د کیفیت کنترول لپاره ډیر اهمیت لري. بازار ته د پیل کولو دمخه باید ټول محصوالت باید په کلکه محاکمه شي. زموږ محصول CE او ISO9001 تصدیق شوي دي.,"A: Yes, we attach great importance to quality control. All products must be strictly tested before launching to the market. Our products are CE and ISO9001 certified.",0.78651303
6. توکي: مونیل 400 / k500 ، SS316Ti / SS317L / SS410 / SS309 ، 17-4 PH ، a286 / GR660 ، 1.4529 ، 254smo ، ډوپلیکس سپر ډپلیکس ، Inconel718 / 625 ، Alloy20 / 59 ، incoloy725 / 825/925 ، هسټیلوی C276 / C4 / C22 ، برونز ، المونیم ، ټایټانیوم یا نور عالي الیاسونه.,"6. Materials: Monel 400/k500, SS316Ti/SS317L/SS410/SS309, 17-4 PH, a286/GR660, 1.4529, 254smo, duplex asnd super duplex, Inconel718/625, Alloy20/59, incoloy725/825/925, HastelloyC276/C4/C22, Bronze, Aluminium, Titanium or other super alloys.",0.7840239
که څه هم زه باور لرم چې دا په سختۍ سره د SEO اصطالح کې مرسته کوي، سره له دې چې دا کار به ستاسو ویب سایټ لیدونکي احساس کړي چې دا پاڼه په چټک ډول پرمخ ځي - ځکه چې دا د نازک منځپانګې اجازه ورکوي مخکې له دې چې د لټونونو سکرټونه پلي کړي.,"Though I believe it barely helps in term of SEO, doing so will nevertheless makes your website viewers feel that the page is loading in a faster manner – as this allows critical content to load before browsers execute the scripts.",0.7830585
د معمول په توګه، موږ د بټسیچ سیسټم او همدارنګه د WebPage Speed Test له لارې زموږ د آزموینې ساحه چلوله. دا پایلې به معمولا د فعالیت په فکتور فکتورونو کې ستاسو په اوسط ځای کې کلیدي وي.,"As usual, we run our test site through BitCatcha’s system as well as WebPage Speed test. These results will usually key you in on critical performance factors on the average site.",0.7826189
1. یونیورسال پین ډول vane جعبې تعیین شي کوچني مقاومت، په کم برق سره پمپ، او د نور د انرژي د ذخيرې کړي.,"1. Dowel jinis pin vane kits sebutan bisa nggawe pump karo resistance cilik, listrik kurang, lan karo daya energi liyane.",0.780201
کور > 1 2 3 4 Way Aquarium Inline هوا د مچھلی د ټانک هوا پمپ لپاره د ویش Splitter Control د نوی ګټور کور کور د میوو Aquarium وسایل,1 2 3 4 5 Way Aquarium Inline Air Splitter Control Valve for Fish Tank Air Pump New Useful Home Fish Aquarium Equipment,0.77988255
تاسو کولی شئ فلټر اضافه کړئ چې ستاسو د ډاټا سره لوبې وکړي کوم چې د داخلي پاڼې اړیکې لري، لکه څنګه چې د Wordpress sitemap XML پلگ ان لخوا چمتو شوي.,"You can then add a filter to play with your data which contains all internal page links, as provided by the Wordpress sitemap XML plugin.",0.7795608
د دوهم ځل لپاره، د ټول آلمان څخه د LGBTI پناه اخیستونکو فعالانو یو بل سره ملاقات وکړ ترڅو د خپلې شبکې کار ته ادامه ورکړي. دا ځل دا ملاقات په ماینتز ښار کې د Rainbow Refugees انجمن په همکارۍ ترسره شو.,"Refugee LGBTI activists from all over Germany have met for the second time already in order to continue their work within their new network. This time, the meeting was held in Mainz, in cooperation with Rainbow Refugees Mainz.",0.7795076
کله چې ماشین لومړني مرحلې پای ته ورسوي - د بیلګې په توګه د موادو اضافه کول او د هوا استخراج پروسه ， د ډکولو ماشین کولی شي د مختلف حجم لپاره تنظیم شي。,When the machine finishes the initial steps（ie material adding and air extraction process），the filling machine can be adjusted for different volume。,0.77894425
که تاسو د Raclette پنیر منظم نه خوښوی، تاسو کولی شئ خپل ګران ګدادا، اډرمر یا مواراریلا سره تشریح کړئ، نو دلته هم، ستاسو تخیل لپاره هیڅ حد شتون نلري.,"If you do not like regular Raclette cheese, you can also gratinate its pans with Gauda, ​​Edammer or Mozarella, so here, too, there is no limit to your imagination.",0.7762863
غواړي يوازې په برخه وخت 4WD وسایطو، د بشپړ وخت 4WD او AWD دواړه يو مخ او شا differential پر مخ او شا axles چې اجازه ورکوي د چپ او ښي عرابو ته په مختلفو سرعت حرکت کله چې یو وار کولو. دا مسئله ددې لامل د څرخ Skip چې به له ټولو څلورو عرابو حرکت واقع شي.,"Just like on part-time 4WD vehicles, full-time 4WD and AWD have both a front and rear differential on the front and rear axles that allows the left and right wheels to move at different speeds when making a turn. This prevents the wheel skip that would occur with all four wheels moving.",0.77539384
د مهاجرت او کډوالو فدرالي اداره (Bundesamt für Migration und Flüchtlinge يا BAMF): د بمف اداره د پناغوښتنې پروسې او مهاجرو د خونديتوب مسؤوليت لري. دا اداره د پناغوښتنې او مهاجرت په اړه مالومات برابروي او په دې اړه مشورې ورکوي. دا اداره همدا شان د ادغام او جرمني ژبې کورسونه هم وړاندې کوي.,"BAMF, Bundesamt für Migration und Flüchtlinge (Federal Office for Migration and Refugees): The Federal Office for Migration and Refugees is responsible for asylum processing and protecting refugees. It provides information on asylum and migration and offers relevant advice. It also runs courses and projects to promote integration.",0.7750552
کارنان خوښ دي چې بیرته خپلو غوره شویو ویب پاڼو ته راستانه شي. اکثر. دوی په ځانګړې توګه دوی سره مینه لري کله چې دوی د ډیزاین، ټولنې او مالکیت سره اړیکه احساسوي. د یوې ویب ډیزاینر په توګه زما د 11 کلونو تجربو کې ...,"Often. They especially love them when they feel a connection to the design, the community and the owner. In my 11 years of experience as a web designer…",0.7741879
په یاد ولرئ چې د چار پته او د Subnet ماسک دغه ترکیب په چارټ کې د دوو جلا ارزښتونو په توګه لیکل کیږي، لکه د شبکې پته = 200.122.67.80، ماسک = 255.255.255.192.,"Note that this combination of IP addresses and subnet masks in the chart is written as two separate values, such as Network Address = 200.122.67.80, Mask = 255.255.255.192.",0.7730307
د TMDHosting بشپړ ندی مګر زه د دوی د لامحدود کوربه توب د بلاگرانو یا سوداګرۍ لپاره وړاندیز کوم چې د اعتبار وړ ویب کوربه توب ته اړتیا لري. نه یوازې دا چې مستحکم سرور فعالیتونه او ټن ګټورې ب usefulې وړاندې کوي ، مګر دوی په صنعت کې د پیرودونکو غوره مالتړ ټیم هم لري.,"TMDHosting is not perfect but I do recommend their unlimited hosting for bloggers or business in need of a reliable web hosting solution. Not only do they offer stable server performances and tons of useful features, but they also have some of the best customer support team in the industry.",0.7703282
“”، د هغه د ژوند د تصورات سره په يوه میړنیو او ځانګړۍ توګه د خدای فضل او همکارۍ ستره بېلګه وه.”” د Msgr Harrisburg بیشپ رونالد Gainer وايي. Topper، چې د 80 کلونو د Harrisburg د Diocese يو کاهن وو.,"“”His life was a shining example of fidelity and cooperation with God’s grace in a selfless and dedicated manner,”” Harrisburg Bishop Ronald Gainer said of Msgr. Topper, who was a priest of the Diocese of Harrisburg for 80 years.",0.77017945
"لیکوال : تاند | ډول : د رسنیو مقالې | دخپریدو نیټه : ۲۰۱۳ - دسامبر - ۱۵ | منبع : تاند | نور کلیدي موضوعات : , ایران, د افغانستان آبي حوزې, د افغانستان اوبه, د افغانستان په اقتصادي وده کې د اوبو حیاتي ونډه, د افغانستان سیندیزې حوزې, د اوبو تړونونه, د اوبو دیپلماسي, د اوبو مدیریت","Author : Rayyan Baig | Type : media article | Date of Publication : March 3, 2017 | Source/s : Pakistan Observer | tags : , Afghanistan, Kabul River Basin, Pakistan, Transboundary Waters, Water Agreement, water cooperation, Water Diplomacy, Water Sharing Treaty",0.76885927
"لیکوال : لراوبر | ډول : د رسنیو مقالې | دخپریدو نیټه : ۲۰۱۶ - جون - ۱ | منبع : لراوبر | نور کلیدي موضوعات : , بندونه, د افغانستان آبي حوزې, د افغانستان اوبه, د افغانستان سیندیزې حوزې, د اوبو مدیریت, د بریښنا بندونه","Author : Center for Strategic and Regional Studies, Kabul | Type : Analysis | Date of Publication : July 2017 | Source/s : Center for Strategic and Regional Studies, Kabul | tags : , Afghanistan, Afghanistan Transboundary Waters, Iran, Water Diplomacy, Water Management under the National Unity Government",0.76641273
دایمي جګړه، اوږده بېوزلي او د ماشومانو کار: له کندهار، بامیانو،￼ هرات او بلخ څخه تر سه شوي اسناد _ Afghanistan Public Policy Research Organization,"Chronic Conflict, Poverty, and Child Labor: Evidence from Kandahar, Bamyan, Herat, and Balkh _ Afghanistan Public Policy Research Organization",0.7653909
** آيا تاسو په امریکا کې / د اروپا د ځينو مشتريان لري؟ کوم پیرودونکو؟ زمونږ د مشتریانو په ټوله نړۍ کې داسې حال کې ده اروپا او امریکا د لومړيتوبونو، ډیزني په شان دي، هدف، دلوبو R، په امریکا کې Hasbro؛ Studio100، JMD، اوخوړې، په اروپا کې Pampers IKEA، موږ تل د هغوی سره د سوداګرۍ اړیکې لري.,"Our customer is all over the world while Europe and America are the priorities, like Disney, Target, Toys R, Hasbro in America; Studio100, JMD, METRO, Pampers IKEA in Europe, We have always have business relationships with them.",0.7634182
د NAB غونډې خپل معمولي لوړه کچه سوداګریزه او تخنیکي کیفیت وړاندې کړ او د وړ وړ کتونکو او ګډون کوونکو یو جنراتور اړخ یې جذب کړ. د VR ټیکنالوژۍ شاوخوا، د HDR ټیکنالوژۍ او نوي کاري کاري نوښتونه د NABA، DPP لخوا او د رسنیو او نشراتو نورو صنعتونو لخوا اعالن شوي د روان کال د لیدو مثالونه وو.,"Di encamên NAB de asta xwezayî û kalîteya teknîkî ya gelemperî xwe dabû û elaleteke sermî ya mêvanên mêvan û beşdarvanên xweş vebikêşin. Vê teknolojiya VR teknolojî, teknolojiya HDR û xebatên nû yên xebatkar ên NABA, DPP û lîstikên din ên di çapemeniyê û pîşesaziya weşanê de ev xuyakirin ku ev îsal-ê îsal bû.",0.7613973
په یوه AlorAir dehumidifier ستاسو پانګونه به نه یوازې د انرژۍ د سپما کړي خو، دا به هم د یو زیات هوسا او سالم ژوند د فضا په رامنځته.,"Your investment in an AlorAir dehumidifier will not only provide energy savings but, it will also create a more comfortable and healthy living space.",0.7611881
نوم د ځانګړو فلزي عناصر چې له امله د خپلو اټومي جوړښت، په idiochromatic او allochromatic ډبرو د روښنايي د انتخابی جذب اغيزه استعمال. هغوی کروم، کوبالت، مسو، vanadium، منګنيز، اوسپنه، ډالرارزښت او تیتانیوم,"name applied to certain metallic elements which due to their atomic structure, effect the selective absorption of light in idiochromatic and allochromatic stones. They are chrome, cobalt, copper, vanadium, manganese, iron, nickel and titanium",0.7611101
نو په توګه IQ OPTION غړيتوب تاسو بايد د ترافيکو اخلي او جذب سوداګرو ستاسو د ژوند ملګری کار د TOP20 تر ټولو په زړه هېوادونو ته پاملرنه وکړي. د وينا له مخې IQ OPTION دا په د باندې د ټولو سوداګرو د سلوک د ټوليز تحليل پر بنسټ IQ OPTION پلاتفورم.,So as an IQ OPTION affiliate you should focus your partner work to the TOP20 most attractive countries for buying traffic and attracting traders. According to the IQ OPTION it’s based on a thorough analysis of the behaviour of all traders on the IQ OPTION platform.,0.7607646
ورته وویل ، کرښه کیدی شي. د مثال په توګه ، غیر انتفاعي کیټ امریکا ښکلی PSA ترسره کړ ترڅو مشتریانو ته د ځمکې په ورځ د ریسایکل کولو په اړه روزنه ورکړي. جانسن او جانسن د تادیه شوي کمپاین سره د دې هڅې ملاتړ وکړ چې بلاگران استخدام کړي.,"It's simply an opportunity to spread the word about safety and other public issues. That said, the line can be crossed. For example, the nonprofit Keep America Beautiful did a PSA to educate consumers about recycling on Earth Day. Johnson & Johnson supported that effort with a paid campaign that recruited bloggers. How else are bloggers and influencers helped by working with brands on these causes?",0.7577144
Vidispine د شرکت د ټولګی د رسنیو د شتمنې مدیریت ریبډون دی. وړتیاوې د ښه مستندې او پیاوړي RESTful APIs لخوا ښکاره شوي، کوم چې د هر عصري پروګرام کولو ژبې سره کار کوي. د ویزپوین کچه د کوچني آرشیفونو څخه ډیری ځای پرځای کولو ته او د OS، ذخیره کولو، رسنیو فارمټونو، د غوښتنلیک سرورونو، ډاټابیسز، او IT-زیربنا په اړه اجنټیک دی.,"The capabilities are exposed by well-documented and robust RESTful APIs, which work with any modern programming language. Vidispine scales from small archives to multi-site deployments and is agnostic in regards to OS, storage, media formats, application servers, databases, and IT-infrastructure.",0.7568903
اوس د یو څه مودې لپاره په بازار کې و ، نورډ وی پی این لا دمخه خپله پاملرنه ښودلې. دا دوی ته ښه خدمت کوي لکه څنګه چې دوی د کاروونکو لپاره NordPass او د سوداګرۍ کارونکو لپاره NordVPN ټیمونه راوړي.,"Having been in the market for a while now, NordVPN has already shown its mettle. This serves them well as they bring forward NordPass for consumers and NordVPN Teams for business users.",0.75412345
HTML او CSS د لیکلو ژبو پرته هیڅ شی نلري ځکه چې دوی انټرنیټ نه دي. د متحرک ویب پاڼې جوړولو لپاره چې تاسو به کاروونکو ته ځواب ووایي، تاسو ته جاوا سکرپٹ او jQuery لکه ژبو ته اړتیا لرئ. د سرور-ژبو ژبو لکه پی ایچ پی، پیټون او روبی د وخت په اوږدو کې هم اړتیا لیدل کیدی شي.,"HTML and CSS are nothing without scripting languages because they are not interactive. To make a dynamic web page which will respond to users, you need languages like JavaScript and jQuery. Server-side languages like PHP, Python and Ruby might also be needed over time.",0.75337964
د پوښتنې وخت: 1.37 MS د وروستنۍ پوښتنې وروسته: 16.79 MS د پوښتنې یادونه: 0.026 MB د پوښتنو دمخه یادښت: 5.913 MB رینونه بیرته راستانه شول: 0,Query Time: 1.35 ms After last query: 0.37 ms Query memory: 0.029 MB Memory before query: 17.644 MB Rows returned: 1,0.7529216
دا کیدای شي په یوه پراخه Bunker وسلې د اټومي ژوره په تور او یا د دوديزې يا torpedoes یا ماینونه ترسره کړي. دا واحد سره لاندې-wing نښلن ټکي چې کولای شي چې د هوا توغندي او يا د کښتيو ضد توغندي هم تړلي سمبال.,It can carry nuclear depth charges or conventional or torpedoes or mines in a vast bunker weapons. This unit is also equipped with under-wing attachment points which can be attached to-air missiles or anti-ship missiles.,0.7525863
د محصول غوښتنلیک دا ماشین د 10-50Kg مایع ډکولو او ډکولو اندازه کولو او وزن ورکولو لپاره مناسب دی. په اتوماتيک ډول د شمېرنې بشپړول ...,Product Application This machine is suitable for measuring and weighing filling and filling of fluid 10-50Kg. Automatically complete the counting ...,0.7519914
د پوښتنې وخت: 0.98 MS د وروستنۍ پوښتنې وروسته: 4.79 MS د پوښتنې یادونه: 0.023 MB د پوښتنو دمخه یادښت: 3.605 MB رینونه بیرته راستانه شول: 0,Query Time: 0.93 ms After last query: 0.80 ms Query memory: 0.024 MB Memory before query: 8.780 MB Rows returned: 0,0.75088894
"د ساحې سرعت په مساوي توګه اغیزمن و - د سرور غبرګون سرعت د Bitcatcha او ویب پاڼې ټسټ دواړو لخوا د ""A"" په توګه وټاکل شو.",Site speed was equally impressive – the server response speed is rated as “A” by both Bitcatcha and Webpage Test.,0.7504674
که تاسو تاسو هیڅکله هم هیڅکله ویب پاڼه نه جوړه کړې او نه پوهیږئ چې تاسو څه کوئ نو هو، د 000webhost تاسو لپاره ستاسو لپاره د ښه سایټ بوکس کیدی شي. له هغې څخه، که تاسو غواړئ چې ځیني بنسټیز ویب سایټونه چلولو ته اراده ولرئ احتمال ډیر ټرافیک وګورئ، چې دا به هم وکړي.,"IF you have never, ever built a website before and have no idea what you’re doing then yes, 000webhost can be a good sandbox for you to play in. Aside from that, if you intend to run some basic websites that won’t likely see much traffic, that will do as well.",0.7491362
A412 په بشپړ ډول اتومات CNC 4 رنګ نړیواله پرده چاپول ماشین کنترول لپاره د Cylindrical Decoration and اوول Glass کانتينرونو - چین Lanlin Printech,A412 Fully Automatic CNC Controlled 4 Color Universal Screen Printing Machine For Decoration Of Cylindrical And Oval Glass Containers,0.74882567
PivotX د رضاکارانو د یوې ډلې لخوا چمتو شوی د بلاګ حل کولو حل لپاره د ویب پاڼې یو حل دی او د GPL جواز لاندی خپور شوی. دا د اضافي افعالاتو لپاره د ګڼ شمیر لیکوونکي، توزیع او ویجټونو ملاتړ کوي.,"PivotX is an open source blogging solution developed by a team of volunteers and released under the GPL License. It supports multiple authors, Extensions and Widgets for additional functions.",0.748644
د ډیری لپاره، د متن، انځورونو او حتی ویډیو اضافه کول، حذف کول او بدلول - هغوی د دوی په ډیجیټل اپوزیشنونو کنټرول احساسوي.,"For most, the ability to add, delete and modify text, photos – and even videos – gives them a sense of control over their own digital destinies.",0.74843097
کوچني سوراخ / تور / یو اندازه - $9.99 منځنۍ سوراخ / تور / یو اندازه - $9.99 لوی سوری / تور / یو اندازه - $9.99,Small Holes / Black / One Size - $9.99 Middle Holes / Black / One Size - $9.99 Large Holes / Black / One Size - $9.99,0.7463331
د پوښتنې وخت: 1.16 MS د وروستنۍ پوښتنې وروسته: 9.62 MS د پوښتنې یادونه: 0.030 MB د پوښتنو دمخه یادښت: 12.525 MB رینونه بیرته راستانه شول: 0,Query Time: 1.68 ms After last query: 52.20 ms Query memory: 0.026 MB Memory before query: 5.602 MB Rows returned: 0,0.74630684
"لیکوال : ممتاز بهیر | ډول : د رسنیو مقالې | دخپریدو نیټه : ۱۳۹۵ - حمل - ۱ | منبع : د امریکا غږ | نور کلیدي موضوعات : , د افغانستان آبي حوزې, د افغانستان اوبه, د افغانستان په اقتصادي وده کې د اوبو حیاتي ونډه, د افغانستان سیندیزې حوزې, د اوبو بندونه, د اوبو مدیریت","Author : Center for Strategic and Regional Studies, Kabul | Type : Analysis | Date of Publication : July 2017 | Source/s : Center for Strategic and Regional Studies, Kabul | tags : , Afghanistan, Afghanistan Transboundary Waters, Iran, Water Diplomacy, Water Management under the National Unity Government",0.74571705
کور > Blog > د کوربه توب لارښوونه > د مخنیوي تجربه: ما د Live Chat Support لپاره د 28 هستینګ شرکتونو څخه وغوښتل,Home › Blog › Hosting Guides › Undercover Experiment: I Asked 28 Hosting Companies for Live Chat Support,0.744753
د insulator ارټوپیډي مرکب پوليمر insulator پای ارټوپیډي او د نورو ډولونو څخه د لوړ کيفيت مواد جوړ شوي دي، سره مناسب ګرم لويدنې galvanization او اړخونو ته سره د خپرو، ACSR، ACSS د کیبل سره ولتاژ 10-35kV، سیستمونو سره سم د جوړولو په ترڅ کې د اړتیا سیم لړ پوره کوم د له باد او د غورځنګ، vibrations د بریښنا د لیږد مزي د ناکامۍ خطر له منځه وړي.,"Composite polymer insulator end fitting and other types of insulator fitting are made from high quality materials, with proper hot dip galvanization and dimensions to meet wire range of requirement during construction of line with AAAC, ACSR, ACSS cable systems with voltage 10-35kV, which eliminates the risk of failure of electric power transmission line from wind movement, vibrations.",0.74455047
محصولات تر پوښښ په نړۍ توکو څخه زیات 100 هیوادونو او سیمو کې د نړۍ د څه باندې 100 هیوادونو او سیمو کې تر پوښښ,mahsulotlar jahon mahsulotlari 100 dan ortiq mamlakatlar va mintaqalar dunyoda 100 dan ortiq davlatlar va mintaqalarni qamrab qamrab,0.7444516
څیړنې وړاندیز کوي چې ریښه په اخلاقي کرکه هم تاثیر کوي - تر یوې اندازې پورې. له همدې امله ، روټ د احصایو وړ دی چې د پریکړې کولو کې د پام وړ اغیزه وکړي.,"Research suggests that the root also affects moral disgust - to some extent. Therefore, the root is able to statistically significantly influence decision making.",0.7437178
2) هیڅکله بدلون ونه کړئ: محصول به تل د لوړ پاکوالي ساتنه وکړي، نه به بدل شي، لوړ کیفیت زموږ د شرکت کلتور دی.,"2)Never change: The product will always maintain high purity, will not change,High quality is the culture of our company.",0.74342
سلام هلکانو ، زه جیري یم - د ویب کوربه کولو راز افشا شوي (WHSR) بنسټ ایښودونکی. ما دا پا madeه جوړه کړې نو تاسو پوهیدلی شئ چې دا سایټ څنګه کار کوي او څنګه موږ پیسې ګټي.,"Hey guys, I'm Jerry – founder of Web Hosting Secret Revealed (WHSR). I made this page so you can understand how this site works and how we make money.",0.7416438
د ډاټا ډیټا ریککس ترمنځ: 40GE لا تر اوسه ځای پرځای شوی، 100GE په حجم کې ځای پرځای کولو کې پیل کیږي، او 400GE به د بادل خدماتو چمتو کونکو کې لوی تعقیب کړي.,"Between Data Center Racks: 40GE is still being deployed, 100GE is starting to be deployed in volume, and 400GE will follow at large cloud service providers.",0.7400406
د پوښتنې وخت: 0.97 MS د وروستنۍ پوښتنې وروسته: 0.12 MS د پوښتنې یادونه: 0.027 MB د پوښتنو دمخه یادښت: 6.658 MB رینونه بیرته راستانه شول: 1,Query Time: 94.50 ms After last query: 5.07 ms Query memory: 0.023 MB Memory before query: 3.613 MB Rows returned: 0,0.7379993
پدې ورځو کې زه کاروم نوم ارزانه زما د ټولو ډومین نومونو ثبت او اداره کول. د شخصي ویب پا hostingې کوربه کولو لپاره ، زه د کارولو وړاندیز کوم Hostinger واحد - اساسا ځکه چې دوی ارزانه واحد ویب پا hostingه کوربه توب لري (په $ 0.80 / mo کې پیلیږي) او د اسانه ویب پا buildې جوړونکی.,"These days I use Name Cheap to register and manage all my domain names. For personal website hosting, I recommend using Hostinger Single – mainly because they have the cheapest single website hosting (starts at $0.80/mo) and an easy-to-use website builder.",0.7375641
د کمکیانو لپاره د Up چین Top 10 عرضه Magic Photobooth هنداره پله Infinity تشناب دیوال هنداره - چین Huizhou Jiajie هډوتري بریښنايي,Make Up China Top 10 Supplier Magic Photobooth Mirror Decorative Infinity Bathroom Wall Mirror - China Huizhou Jiajie Hardware Electronics,0.7373502
د پوښتنې وخت: 1.24 MS د وروستنۍ پوښتنې وروسته: 45.45 MS د پوښتنې یادونه: 0.027 MB د پوښتنو دمخه یادښت: 6.649 MB رینونه بیرته راستانه شول: 1,Query Time: 2.12 ms After last query: 2.07 ms Query memory: 0.035 MB Memory before query: 16.758 MB Rows returned: 158,0.7356709
د ویب پاڼو یو سایټونه په انګلستان کې دي. نو، غیر انګلیسي، کلیوالي او سیمه ایز خلک نشي کولی ویب پاڼې خلاص کړي. زموږ د ژبې وسیله د دوی لپاره غوره آثار دي.,"URLs of Websites are in English. So, Non-English, Rural and Regional People can't Open Web Sites. Our Language Tool is Best Solution for them.",0.7350414
د PR او رسنیو پاملرنه: د پی آر کمپاین کولی شي د هرې سوداګرۍ یا غیر انتفاعي مرستې لپاره سترې لاسته راوړنې ولري: ښايي تاسو مشهور وي د آئس بالټ ننګونه چې نتیجه یې د 100 میلیون ډالرو څخه زیات د ALS اتحادیې ته ورکړل شوې.,PR & Media Attention: PR campaigns can have huge gains for any business – or nonprofit: You may remember the famous Ice Bucket Challenge that resulted in over $100 million being donated to the ALS association.,0.7341908
د پوښتنې وخت: 3.08 MS د وروستنۍ پوښتنې وروسته: 6.75 MS د پوښتنې یادونه: 0.033 MB د پوښتنو دمخه یادښت: 8.244 MB رینونه بیرته راستانه شول: 18,Query Time: 25.91 ms After last query: 39.04 ms Query memory: 0.027 MB Memory before query: 6.638 MB Rows returned: 1,0.73288286
اپل Integrated د ددفتروسایل ګدام د لټون په اعلانونو، او د دې لپاره خپل ګرځنده غوښتنلیکونه د ودې ښه کافی فرصتونو پرانيستل شو. او IQOPTION چمتو یو د نوي شعارونه چې تاسو به خوند شمېر!,"Apple integrated advertising into the App Store search, and this opens up ample opportunities for promoting your mobile applications. And IQOPTION have prepared a number of new banners that you will enjoy!",0.73223066
د FileCatalyst ساده کارن کارن انټرنیټ د ریاستونو او ادارو تر مینځ د لیږد بهیر راټولوي نو هر کاروونکي کولی شي د FileCatalyst په اغیزمنه توګه کار واخلي.,FileCatalyst’s simple user interface streamlines the transfer process between departments and agencies so every user can effectively use FileCatalyst.,0.7302749
SD Longxiang برابروي د ټولو پاشی غرفه کوره او فرعي سامان لکه د چمتووالي سیمو کې، رنګ ګډول خونې او نور یو بشپړ، خدمت او کومک پکیج، د مشتریانو سره د اقتصادي او مراقبت او د ویش حالاتو روژه په ځواب کې کوي، چې موږ آن لائن دي 24 ساعتونو کې او د معلوماتو غوښتنې هرکلی تاسو هر وخت.,"SD Longxiang provides a complete service and support package for all spray booth ovens and ancillary equipment such as preparation areas, paint mixing rooms and others, provides clients with economical maintenance and fast response to breakdown situations, we are 24 hours online and welcome you inquiry at any time.",0.7300211
د فولادو دوه مواد د رسی کاري کاري پلیټ شتون لري: پینټ شوي فلټ او ګرم ګاز لوګست کول. د ګاز لوټ کولو ګرمۍ د رنګ شوي فولاد په پرتله غوره انټيريروسیک فعالیت لري. د ZLP800 ظرفیت 800 کیلوګرامه دی. د پلی کولو اندازه 7500 * 690 * 1180 ده. د پلی کولو اندازه سایټ وړ ده او دا ستاسو د اړتیا مطابق ده.,There are two materials of steel suspended rope work platform: painted steel and hot galvanizing steel. The hot galvanizing steel has better anticorrosive function than painted steel. The capacity load of ZLP800 is 800kg.,0.7296822
دریم، موږ بايد د باور وړ او باثباته فعالیت، لږ د انرژۍ مصرف او د لوړو موثریت وسايل غوره، له دې امله چې موږ ښه کولای شي موږ ته د کار بشپړ مرسته وکړي.,"Third, we should choose the equipment with reliable and stable performance, less energy consumption and higher efficiency, so that we can better help us finish the work.",0.7293083
SiteGround هم د دغو وړاندیزونو سره سمون لري، مګر که تاسو د دوی سایټ ته ګورئ، تاسو به یوازې د ټیکنالوژیکو توپیرونو تمرکز ته پام وکړئ، دوی د ځانګړو مارکيټونو پالنونه موخه لري. د مثال په توګه واخلئ د هغوی WooCommerce او Wordpress کوربه کټګورۍ.,"SiteGround also does match those offerings, but if you look at their site, you’ll notice that rather than focus only on the technological differences, they have aimed their plans at specific markets. Take for example their WooCommerce and WordPress hosting categories.",0.72731423
Tenorshare هر لپاره د Mac د معلوماتو د افغاني سافټ ده چې د بېرته تګ پر Mac ستاسو د ضايع دوتنې لاسه داسي يو او اغیزمن لاره. تاسو کولای Tenorshare وکاروي بېرته ستاسو معلومات نه له خپل Mac یوازې ترلاسه کوي، خو هم د هر هارډ ډرایو، د حافظې کارت، کامرې او يا هم د ساتلو آله ده چي دا نښلول.,"Tenorshare Any Data Recovery software for Mac is a versatile and effective way to get back your lost files on Mac. You can use Tenorshare to get back your data not just from your Mac, but also any hard drive, memory card, camera or storage device that is connected to it.",0.7267201
موږ د محصول کیفیت هر وخت لومړی ځای، موږ د اروپا څخه د اعتماد وړ برقی اجزا واردوو، د فولادو جوړښت نيمه اتوماتیک ګاز پیټ شوی ویلډینګ دی. د ماسټی برخه کیدای شي د فولین رنګ پینټینګ یا زین کښل شي.,"We put the quality of products the first place all the time,we import reliable electric components from Europe,the steel structure is semi-automatically gasprotected welding shaped.the mast section can be steel painting or dipping zinc.",0.7260318
"لیکوال : بی بی سی | ډول : ملتی میډیا | دخپریدو نیټه : ۱۳۹۵ - دلو - ۱۹ | منبع : بی بی سی | نور کلیدي موضوعات : , د افغانستان اوبه, د افغانستان سیندیزې حوزې, د اوبو مدیریت, نیمروز","Author : Zabihullah Jahanmal | Type : media article | Date of Publication : April 20, 2017 | Source/s : Tolo News | tags : , Climate Change, Groundwater Resources, Kabul River Basin, Transboundary Waters",0.7253195
د پوښتنې وخت: 2.17 MS د وروستنۍ پوښتنې وروسته: 8.04 MS د پوښتنې یادونه: 0.039 MB د پوښتنو دمخه یادښت: 11.213 MB رینونه بیرته راستانه شول: 1,Query Time: 16.62 ms After last query: 0.47 ms Query memory: 0.027 MB Memory before query: 6.648 MB Rows returned: 1,0.7233771
"""71 د افغانستان د ملت د اسلامي عدالت ګوند عبدالقاهر """"شریعتی """" کابل ښار لسمه ناحیه – قلعه فتح الله –دویم سړک - دآغاخان موسسې دفترته مخامخ""","“ Shariati” Kabul City- Tenth District - Qala-e- Fathullah, Second Road- In front of Agha Khan Organization Office",0.7227289
- بیا، تاسو اړتیا لرئ چې د 5 ملی متر ژوروالی لپاره انجکشن داخل کړئ، تاسو کولی شئ په سم زاویه یا سلاپ کې کار وکړئ - لکه څنګه چې په انځور کې,"- Next, you need to enter a needle to a depth of 5 millimeters, you can do at a right angle or slope - as in the picture",0.72150236
په پوست کې چې ما په تیرو وختونو کې یادونه کړې، لوری ستاسو د کورس کوربه کولو لپاره د 4 پلیټس وړاندیز کوي: Udemy، Moodle، Teachable and WizIQ.,"In the post I mentioned in the previous point, Lori suggests 4 platforms to host your course: Udemy, Moodle, Teachable and WizIQ.",0.72092795
د تمرکز د ډلو د اکتشافي څېړنې پکې لږ دی په اړه د تابع کيږي مطالعه مشهور ګټور دي. د تمرکز د ډلو د ازمايښت فرضيې ګټور دي.,Focus groups are useful for exploratory research where little is known about the subject being studied. Focus groups are useful for testing hypotheses.,0.72064835
"واحد د ""فلیټ پیک"" (1230 x 1 150 x 200 ملي متره) په توګه معیاري وړاندې کیږي ، یا ممکن د غوښتنې پراساس راټول شي.","Unit is supplied standard as a ""Flatpack"" (1230 x 1 150 x 200mm), or may be fully assembled upon request.",0.7198108
نور د ویب کوربه توب کنټرول پینل ممکن د cPanel څخه ډیر لږ چارج وکړي ، او په حقیقت کې ، د WHCPs کې یو شمیر وړیا اختیارونه هم شتون لري. په اړه ځینې څیړنې ترسره کول څه WHCP غوره کړئ کولی شي پدې کې لوی توپیر رامینځته کړي چې تاسو څنګه خپل VPS حساب وکاروئ او هغه قیمت چې دا تاسو مصرفوي.,"Other top web hosting control panels may charge much less than cPanel, and in fact,there are a number of free options in WHCPs available as well. Doing some research on what WHCP to choose can make a big difference in how you use your VPS account and the price it costs you.",0.71733505
Robit ویلي چې دا به د پام وړ د خپلو DTH سوداګرۍ سيمه پیاوړي کول، او سره د دوو قراردادونو کې، د دې شرکت د مجموعي خالص خرڅلاو به په پرتله 75 ميليونه € (د امریکا د 83 $ میلیونه ډالره) وي. ته Robit په وینا، د قراردادونو دي د خپل د نړۍ د ودې د ستراتیژۍ یوه مهمه برخه ده، او دا looki ... ادامه مطلب »,"Robit stated that this will significantly strengthen its DTH business area, and with the two acquisitions, the company’s cumulative net sales will be greater than €75 million (US$83 million). According to Robit, the acquisitions are an important part of its global growth strategy,and it is looki... Read more »",0.7153801
3 AAA بطرۍ (اختیاري) او 1 د USB rechargeable لیتیم ion بیټرۍ: دا څراغ د ټولو په اړه انعطاف او اعتبار نو موږ دوه مختلف بیټرۍ بستو کاروونکو وړاندې ده.,This flashlight is all about flexibility and reliability so we are offering users two different battery packs: 3 AAA batteries(optional) and 1 USB rechargeable lithium ion battery.,0.71475416
منطقي معلومات ماډل د معلوماتو جريان ماډل نهاد / پېښه ماډل (نهاد ژوند تاريخ ECD) ږنو لاسرسی يونلورونه ننوتۍ / محصول او جوړښت منطقي خبرو اترو ډیزاین منطقي ډیټابیس د پروسې ډیزاین اړیکی د ارقامو د تحلیل اړتیاوې تعریف دنده تعریف د انتخابونو د ځانګړتیاوو فورمولبندي prototyping فزیکي ډیټابیس نقشه منطقي,Logikaj datumoj modeligado Datumoj fluo modeligado Ento / okazaĵo modeli (ento vivhistorio ECD) Enketo aliro padojn Eniro / Elirita estructuración logika dialogo dezajno logika datumbaza procezo dezajno Interrilataj datumoj analizo Postuloj difino Funkcio difino Formulación de ebloj Specifo prototipado logika por fizika datumbazo surĵeto,0.7136821
د خپلو توليداتو يا pricelist په اړه د پوښتنو، لطفا موږ ته خپل ایمیل ووځي او موږ به د 24 ساعتونو په تماس کې وي.,"You can through the following contact information, or fill in on the right side of the spreadsheet to contact us, we will reply you within 24 hours.",0.712386
"ایسلیل د بصری ډاټا په اسانۍ آنلاین جوړولو او شریکولو کې مرسته کوي. د ویب اپلیکیشن په یو ساده انټرنیټ کې راځي چې د ځینې پیشټینګ ټیمونه او د ډرید او ډډ ځانګړتیاوې لري. که څه هم Easel.ly اوس مهال د beta موډ کې دی، مګر دا د 130,000 کاروونکو څخه زیات لري - په خپل سرور کې لیدونه جوړ کړي.","The web app comes in a simple interface with some preset templates and drag-and-drop features. Although Easel.ly is still currently in beta mode, but it already has more than 130,000 users-created visuals on its server.",0.71106136
په همدې ډول، GoDaddy د صنعت سټارټټ هم دی، دا هغه څه دي چې د ډومینکس نوم کاروبار سوداګرۍ کې د 30 سلنې څخه زیات وي. دا د سترګو لوړولو لپاره د 59 میلیون ډومین نومونه پلورل شوي او هم د دوامداره انلاین سوداګر لخوا اړین ټولو ویب خدماتو چمتو کوي.,"Similarly, GoDaddy is also an industry stalwart, having what it claims to be more than a 30 percent share of the domain name business. It has sold an eye-raising 59 million domain names and too provides all web services needed by the budding online entrepreneur.",0.70967513
* موږ کولی شو سامانونه د EMS، Fedex، DHL، TNT یا سمندر په واسطه تنظیم کړو. مهرباني وکړئ موږ سره اړیکه ونیسئ که تاسو نور اړتیاوې لرئ.,"* We can arrange the goods by EMS, Fedex, DHL,TNT or by sea. Please contact us if u have further requirements.",0.70949715
د Grumman C-1 سوداګرو يو پوځي ترانسپورتي الوتکې د S-2 څارنه څخه اخیستل. دې متحول لومړي والوت 19 جنوري 1955 شو او د راتلونکی کال په ویاړځای. باندې 80 الوتکو جوړ شوي دي او د امریکا متحده ایالاتو د سمندري ځواکونو د يوازې د کارونکي ده. د C-1 سوداګرو د فعالیت 1988 څخه زیات کلونو وروسته په 30 متقاعد. (ويکيپېډيا),The Grumman C-1 Trader is a military transport aircraft derived from the S-2 Tracker. This variant first flew 19 January 1955 and was commissioned the following year. Over 80 aircraft are built and the United States Navy is the only user. The C-1 Trader is retired in 1988 after more than 30 years of activity. (Wikipedia),0.70699334
TKT-400B لپاره 13-14M ښار بس، روزونکي او Intercity بس (مقناطسي د تودوخې درجه 55 ℃) جوړ شوی دی. دا په نیمایي ختیځ، جنوبي امریکا، اروپا، جنوبي افریقا او آسیا نامتو ځکه د عالي يخول د ظرفیت او اطم Performance. دا غوره ګټې لري په لاندې توګه دي:,"TKT-400B is designed for 13-14M City Bus, Coach and Intercity Bus(Ambient Temperature 55 ℃). It’s famous in Mid East, South America, Europe, South Africa and Asia because of High Cooling Capacity and Reliable Performance. It has great advantages as follows:",0.7065084
"لیکوال : اسدالله میلاد | ډول : د رسنیو مقالې | دخپریدو نیټه : ۱۳۹۵ - دلو - ۶ | منبع : لراوبر | نور کلیدي موضوعات : , د افغانستان آبي حوزې, د افغانستان اوبه, د افغانستان سیندیزې حوزې, د اوبو مدیریت","Author : Idrees Malyar, Ed. by Dr. Glen Hearns | Type : Policy Paper | Date of Publication : October 2017 | Source/s : Duran Research & Analysis | tags : , Afghanistan Transboundary Waters, Kabul River Basin",0.70568395
زموږ د پیرودونکو سره په مختلف صنعت کې د لسو کلونو تجربې او وړتیاو سره مرسته کول ، ETOP به باوري وي چې ستاسو وړ AVL او معتبر تولیدي شریک وي. یوازې موږ سره اړیکه ونیسئ که چیرې تاسو د خپلو محصولاتو لپاره د تار ساتنې حلونو یا شریک ته اړتیا لرئ. زموږ مسلکي او تجربه لرونکې ټیم به د مطمئن مهارت او خدمت له لارې ستاسو ملاتړ وکړي.,"With more than ten years of experience and capabilities assisting our customers in various industry, ETOP would be confident to be your qualified AVL and reliable manufacturing partner. Just be free to contact us if you need any wire-harness solutions or partner for your products. Our professional and experienced team would support you by satisfied skill and service.",0.7052695
"د سند سند - کاپی د تصدیق تصدیق کړئ - او د تصدیق تصدیق کړئ - او د ""سند: (CRT)"" ډګر ته یې وټاکئ.",Copy your certificate code including —–BEGIN CERTIFICATE—– and —–END CERTIFICATE—– and paste it into the “Certificate: (CRT)” field.,0.70346034
A CIO مجله سروې توليدي سازمانونو وپوښتل: “”د خپلې سوداګرۍ يونټ ښه کار کوم سیمو کې؟”” د غوڅ اکثریت د کور (70٪) د مالي اړخ دی. بل د تدارکاتو، د نظم د پروسس، عرضه مديريت (42٪)، د انبار مدیریت (33٪)، او د بشري منابعو مديريت (26٪) وو.,"A CIO Magazine survey asked manufacturing organizations “Which areas of your business ERP work best?” The overwhelming majority cited the financial side of the house (70%). Next were procurement, order processing, supplier management (42%), inventory management (33%), and HR management (26%).",0.7029438
ناروغ کولی شي د وړیا لپاره ټک زېږون شوي انسفلایټس واکسین ترلاسه کړي. د روغتیا متخصصینو په وینا ، د ویروس ناروغي پروړاندې واکسین باید په وخت سره وي.,"In extreme cases, the disease is fatal. The patient can get tick-borne encephalitis vaccine for free. According to health professionals, vaccination against a viral pathogen should be timely.",0.7022769
ایپل ممکن د آپیل واچ لپاره نوې ب planningه پلان کړي چې ممکن دا د پارکنسن درملنې کې ډاکټرانو سره مرسته وکړي. یو نوی موندل شوی پیټینټ تشریح کوي چې څنګه سینسر کارول کیدی شي د پارکنسن نظارت کولو کې مرسته وکړي ، نښې نښانې په ځانګړي ډول د ایپل واچ له لارې نظارت کولو لپاره مناسب دي. امتیازات بیانوي چې څنګه د ډاکټرانو درملنه کیږي ... نور یی ولوله,"Apple may be planning a new feature for Apple Watch that could allow it to aid doctors in the treatment of Parkinson’s. A newly found patent describes how sensors could be used to help monitor Parkinson’s, with symptoms particularly suited to being monitored via the Apple Watch. The patent describes that as doctors treat … Read more",0.7013512
د مثال په توګه واخلئ تورګور، کوم چې په اصل کې د هغو خلکو لپاره و چې د پير پیر څخه (P2P) د دوتنې شریکولو شبکو کې و. له دې سره، اجازه راکړئ چې د VPNs ځانګړې ساحو ته یو نظر وګورئ کله چې تاسو د ارزونې ارزولو په وخت کې پام وکړئ.,"Take for example TorGuard, which was mainly meant for people who were constantly on Peer-to-Peer (P2P) file sharing networks. With that, let’s take a look at specific areas of VPNs you should take into consideration when evaluating one.",0.70075583
"1.4980 هکس بولټ, 2205 ساکټ سکرو, A2 بولټ, A286 هکس بولټ, A453 GR 660 هکس بولټ, هسټیلایی C22 د زدکړې بولټ, inconel 625 د زدکړې بولټ","1.4980 hex bolt, 2205 socket screw, A2 bolt, A286 hex bolt, A453 Gr 660 hex bolt, hastelloy C22 stud bolt, inconel 625 stud bolt",0.70009923
کله چې کاپی شوی، خپل د ډیشبورډ ډشبورډ ته لاړ شئ او پاڼه یا پوسټ پرانیستئ چیرې چې تاسو غواړئ چې فورمه وکتل شي. د خپل منځپانګې لپاره د HTML کوډ وګورئ د متن ایڈیټر بدل کړئ.,"Once copied, go to your WordPress dashboard and open the page or post where you want the form to appear. Switch to the text editor to view the HTML code for your content.",0.6996315
زه شرط لرم چې ډیر ځله نه. په ویب کې غوره بلاګونه دودیز ګرافیک کاروي ، د مثال په توګه ښکلي موضوعات بلاګ په زړه پوری ب featه شوي عکسونه لري. دا عکسونه په کور دننه ډیزاینرانو لخوا جوړ شوي. تاسو به وګورئ چې دا ټول ځانګړي او په زړه پوري جوړ شوي دي.,"I'm willing to bet not too often. The best blogs on the web use custom graphics, for example Elegant Themes' Blog has awesome featured images. These images are produced by a team of in-house designers. You'll notice that they are all unique and exquisitely crafted.",0.6982425
د ROLASOLV® رینج ټول تولیدات سجیلا او پایښت لري، د مسافرینو کارولو سره ډیزاین شوي. دوی همدارنګه ډیزاین شوي دي چې نصب او اسانه کار اسانه وي، د لړۍ لړۍ کې عملیاتي سیسټمونو او همدارنګه د بریښنا عملیات څخه غوره کړي.,"All products from the ROLASOLV® range are stylish and durable, designed to withstand passenger use. They are also designed to be simple to install and easy to operate, choose from a series of manual operating systems as well as electrical operation.",0.6978009
یونان کې د اورلګیدنې له امله د پناه غوښتونکو د یوه بل پنډغالي تر ویجاړولو وروسته، په سلګونه کډوال بې کوره شوي دي - The Migrant Project,Hundreds of migrants homeless as another Greek camp damaged by fire - The Migrant Project,0.6962624
سره زموږ د Silberschat د ګرځي، تاسو به حیرانونکې جوراسیک تجربه کوم چې تاسو هيڅکله وکتل شوي دي. سره lifelike اوغوريدل غږ او غورځنګونو ټول Dinosaur دهفتی لپاره نندارچيانو دریښتینو Dinosaur نړۍ ته ننوځي.,"Walking with our dinosaurs, you will have amazing jurassic experience which you never been met. All Dinosaur Exhibits with lifelike roaring sound and movements make visitors enter real Dinosaur World. We can manufacture any size and type of dinosaur according to client’s requirement.",0.695367
ټیم WHSR او د دې مقالې لیکوالان نه مدافع وکیلان دي. په دې ویب پاڼه کې هیڅ شی قانوني مشوره نه ګڼل کیږي. کله چې په شک کې وي، دا غوره ده چې د انټرنیټ د متخصصینو وکیل سره مشوره وکړو ترڅو دا معلومه کړئ چې تاسو د خپل قضایاو او ستاسو د کارولو قضیې لپاره د ټولو نافذ قوانینو مطابق عمل کوئ.,"Team WHSR and the writer of this article are not lawyers. Nothing on this website should be considered legal advice. When in doubt, it’s best to consult a specialist internet law attorney to determine if you are in compliance with all applicable laws for your jurisdictions and your use cases. About KeriLynn Engel",0.69173026
"لیکوال : محمد اسماعیل شاکر | ډول : ملتی میډیا | دخپریدو نیټه : ۲۰۱۷ - جولای - ۱۷ | منبع : دویچه ویله | نور کلیدي موضوعات : , ایران, د افغانستان آبي حوزې, د افغانستان اوبه, د اوبو دیپلماسي, د اوبو مدیریت","Author : Press Trust of India | Type : media article | Date of Publication : June 11, 2016 | Source/s : NDTV | tags : , Afghanistan, India, Pune University, Salma Dam, Transboundary Waters, Water Infrastructure",0.69161713
کله چې تاسو د A / B تجربه غوره کړه، نو دا به تاسو ته د A / B تجربې چک لیست ته لیږل کیږي کوم چې د معلوماتو په اړه ځینې مهمې ډاټا په ګوته کوي چې پدې اړه پوهیږئ چې د A / B تجربه څنګه پرمخ ځي.,"Beginners should choose the A/B experiment. Once you’ve selected the A/B experiment, this will take you to the A/B experiment check list which outlines some important data on information that you need know about how the A/B experiment operates.",0.6914043
د ټولو خوندي مدافع وکیلانو پوښتنلیکونه د راجستر کونکي په اړه عمومي معلومات بیرته راوړي او هیڅ شی نه. د WHOIS معلوماتو د لیدلو لپاره، تاسو کولی شئ د خدماتو کارول لکه څنګه د WHSR ویب کوربه جاسوس or who.is، یا که تاسو د UNIX-based OS استعمال کړئ، په ساده ډول ستاسو د ټرمینډ ډوله کړئ:,"To check your WHOIS information, you can make use of services like WHSR Web Host Spy orwho.is, or if you use a UNIX-based OS, simply type in your terminal:",0.6903587
د پوښتنې وخت: 1.09 MS د وروستنۍ پوښتنې وروسته: 2.78 MS د پوښتنې یادونه: 0.025 MB د پوښتنو دمخه یادښت: 8.305 MB رینونه بیرته راستانه شول: 1,Query Time: 1.04 ms After last query: 3.79 ms Query memory: 0.023 MB Memory before query: 3.612 MB Rows returned: 0,0.6903177
1- 10 : بررسي تغييرات لازم در اساسنامه و پيشنهاد آن به مقام معظم رهبري جهت تصويب.,: 10 - 1 Reviewing of the changes necessary in the articles of association and proposing them for approval to the Supreme Leader .,0.68896115
حزب کمونيست کارگرى در عين حال براى تحقق و تضمين وسيع ترين حقوق فردى و مدنى در جامعه موجود مبارزه ميکند. اهم اين حقوق و آزادى هاى انکار ناپذير و غير قابل نقض عبارتند از:,The worker-communist party is against the act of abortion. The party fights for the creation of a society where no pressures or circumstances would drive people to performing or accepting this act.,0.688787
1969 په جون کښې د هندوستان وزير اعظمې اندرا ګاندهي په کابل کښې د باچا خان بابا سره ملاقات وکړو او د قرآن پاک د يوې نسخې نه علاوه ئې ورله د هندوستاني جوړه کپړه په تحفه کښې ورکړه. 1969 باچا خان بابا د کابل نه د بېروت (لبنان) په لاره هندوستان ته لاړو.,"In London he met with Mr. Oleof Careo, the former governor general of NWFP. 1964: On 12th December Baacha Khan went to Afghanistan from United Kingdom. 1965: Baacha Khan attends the inauguration ceremony of ‘Pakhtoonistan day’ on 31st August in Pakhtoonistan square at Kabul. 1969: In May, the Indian awarded Baacha Khan with “Nehru peace award for 1969” for promotion international goodwill and understanding.",0.6865195
دا مهمه ده چې د ټوټه اندازه اندازه کیدل د امکان تر حده دومره ښه وي کوم چې د تولید کونکي لخوا روبوټ رالویږي. یواځې بیا کولی شي خپل وسایل په بشپړه توګه په ښه توګه ترسره کړي.,It is important that the size of the piece to be mown is as good as possible with that which is assigned to the mowing robot by the manufacturer. Only then can the device perform its work perfectly excellently.,0.68585193
"""زموږ د شرکت د يو پاليسۍ د """"مشتريانو لومړی، د پرمختګ لپاره هڅه"""" په لاندې، د سوداګرۍ فلسفه، سره د ښه کیفیت او غوره خدمتونو د مشتريانو اکثریت لپاره د """"مشتريانو لومړی"""" اصل. موږ صادقانه به په اوږد مهال کې له ټولې نړۍ سره د مشتریانو یو د متقابلو ګټو د سوداګرۍ د اړيکو د جوړولو غواړم. زموږ د شرکت د ټول کارکوونکي ستاسو د راتلونکو تاسو ته ښه راغلاست!""","""Our company follows a policy of """"customers first, to strive for progress"""" ,business philosophy, the """"customers first"""" principle for the majority of customers with good quality and best service. We sincerely would like to establish a mutually beneficial business relationship with clients from all over the world in long run. All the staff of our company welcome to you for your coming!""",0.68510336
د کوډ لولوټر په پروژه کې مدیر ستانیسلاو اوسټینینکو په وینا، ترټولو لویه ګټه د دوی پلیټ ډیزاین د ډیرو مشهورو چوکاټونو او CMS لپاره ځانګړې مرسته ده - او موږ موافقه کوو.,"According to Stanislav Ustimenko, Project Manager at CodeLobster, the biggest advantage their platform offers is special support for many popular frameworks and CMS – and we agree.",0.68485475
"که څه هم ټول WorldLingo معقول هڅو څخه د خدمتونو د برابرولو په WorldLingo دا مني, چې د پايلو د مسووليت نه لري هر نيم گړتياگانۍ د غلطيو, او/يا خطر د مل گيري و خدمتونه, په ګډون د د خطر سره مخامخ دي, چې:","Although WorldLingo uses all reasonable efforts in providing the Services, WorldLingo accepts no responsibility for the results of any errors, defects and/or risks associated with the Services, including the risk that:",0.6824677
A: 1. ټولې زموږ سره د يو کال تضمین وخت تجهیزات، په وړاندې کولو مخکې زموږ د کار د هټۍ په بشپړه توګه ازموينه.,"A : 1. All our equipments with One Year Warranty time , fully test at our work shop before delivery.",0.68043685
سویې له نرمو حیران دلوبو نوي سگ Rabbit ډک حیواناتو ماشوم د ماشومانو ډالۍ حیوانات doll ډک جنګونه - چین Hangzhou Amber ټریډینګ,New Cute Bunny Soft Plush Toys Rabbit Stuffed Animal Baby Kids Gift Animals Doll Stuffed Toys - China Hangzhou Amber Trading,0.6802997
لطفا باوري کړي چې په خپل سیستم لپاره کافي ده. په دې بهير کې له لاسه واک کولای شي د آلې بې ګټې وګرځي.,Please ensure that there is sufficient in your system. Losing power in the process can render the device useless.,0.6794556
"""CB د نائجیریا زیږیدلي MMA فائټر بشپړه کیسه د مستعار نوم سره وړاندې کوي؛ """"د نائیجیریا نخشه"""". زموږ کامارو عثمان د کوچنیانو کیسه او پلار ...""","""CB presents the Full Story of a Nigerian born MMA Fighter with the nickname; """"The Nigerian Nightmare"""". Our Kamaru Usman Childhood Story plus Untold...""",0.6793021
"لیکوال : د استراتیژیکو او سیمه ییزو څیړنو مرکز | ډول : تحلیلي مقالې | دخپریدو نیټه : ۱۳۹۳ - حوت - ۱۶ | منبع : د استراتیژیکو او سیمه ییزو څیړنو مرکز | نور کلیدي موضوعات : , بریښنا, د افغانستان آبي حوزې, د اوبو مدیریت, د بریښنا ظرفیت","Author : K Iqbal | Type : media article | Date of Publication : October 17, 2016 | Source/s : The Nation | tags : , Afghanistan, India, Indus Water Treaty, Pakistan, Transboundary Waters, Water Infrastructure",0.6771124
د 4 ګامونه ته د ټکنالوجۍ له یوه اغیزمنه ستراتیژي د پلي کولو ته اړتيا لري 1) پوه ټکنالوژۍ منظره 2) 3) د معلوماتو پر بنسټ د سازمان 4) حد IT ارزښت جوړ کړي د یو ستراتیژي جوړه کړي.,The 4 steps required to implement an effective IT strategy are 1) understand the IT landscape 2) develop an IT strategy 3) create an information-based organisation 4) maximize IT value. Companies should partner and/or outsource whenever possible so they will be able to focus on their core competencies.,0.6763871
د اوږدمهالې مودې لپاره، ډاډ ترلاسه کړئ چې تاسو د بیوزلو پرته د BSF د کرهڼې سوداګري جوړه کړې. یو سوداګر فاکتور امنیت او آرام دی چې اوس یې د لسیزو راهیسې راځي.,"For the long term, make sure you have built a modern BSF cultivation business without smell. One business factor is the security and comfort of running it for now for decades to come.",0.67590296
WebHostFace د کوربه - شریک، VPS، وقف او بیا ریلورډ کې نږدې هر څه وړاندیز کوي. تراوسه ستاسو ترټولو غوره پلورل څه شی دی؟,"WebHostFace offers almost everything in hosting – shared, VPS, dedicated, and reseller. What’s your best selling package so far?",0.6749321
sales د پلور وروسته تضمین: یوځل چې ستاسو د محصولاتو ترلاسه کولو وروسته ستونزه وي ، تاسو کولی شئ په وخت سره زموږ سره اړیکه ونیسئ. موږ به دا په لنډ وخت کې حل کړو.,"♥After-sales Warranty:Once there is problem after you received products, you can contact us in time. We will resolve it in short time.",0.6737596
WHSR په دې مقاله کې د ځینو شرکتونو څخه د راجع فیسونه ترلاسه کوي. دا ډیرې هڅې او پیسې ترې اخلي د دې لپاره ګټور منځپانګې رامینځته کولو لپاره - ستاسو ملاتړ خورا ډیر ستاینه کیږي.,WHSR receive referral fees from some of the companies mentioned in this article. It takes lots of effort and money to create useful content like this – your support is highly appreciated.,0.67346257
راځئ چې ووایم تاسو تل د FSP کاروئ او د FDSFX پاپ اپ استعمالولو ته اړتیا نلرئ، تاسو کولی شئ تل د هر یو لپاره سم غږ او سم بدل کړئ,"Let's say you always use FSP and see no need to use the FDSFX pop-up, You can always edit and change the audio for each",0.6723635
"ګټور ټیک: د کارولو وسیله لکه د بټی چک, ويکيپېډيا، او د ویب پاڼې ازموینه د ځان لپاره د سټیټ سرعت تفتیش کړئ.","Useful Tip: Use tool such as Byte Check, Bitcatcha, and Webpage Test to test site speeds for yourself.",0.6707742
ما دمخه د عنصر # 1 کې یادونه وکړه چې تاسو باید زما په اړه په انډیټوټونو او داستانونو کې کارولو څخه کار واخلئ.,I already mentioned in Element #1 that you should use anecdotes and storytelling in your About Me page.,0.66952634
دوهم باید ټینګار وکړو چه دنړۍ دبیلا بیلو هیوادونو مائوئیست ګوندونه او سازمانونه د «اعلا میی» دمسودی پر وړاندی شوی متن باندی بحث وکړی او دهغه په هکله دخپلو وړاندیزونو د وړاندی کولو لپاره حد اقل یو میاشت وخت ولری.,"Secondly, it should be underscored that we need at least one month time for all Maoist parties and organizations to discuss and provide suggestions on the draft of the statement.",0.66936755
"لیکوال : شیر جان احمدزی | ډول : مطبوعاتی مقاله | دخپریدو نیټه : ۱۳۹۶ - عقرب ۱۵ | منبع : د امریکا غږ - پښتو سرویس | نور کلیدي موضوعات : , د افغانستان آبي حوزې, د اوبو مصؤنیت, د کابل سین حوزه","Author : Zia Hashmi, Amjad Masood | Type : Media Article | Date of Publication : Oct 3 2018 | Source/s : Daily Times | tags : , Afghanistan, Climate Change, India, Kabul River Basin, Pakistan, Peace, Transboundary Waters, Water Conflict, water cooperation",0.6689501
د فیلډ کټسټسټ کار سره د Evolphin فارم شراکت د فایل فایل لیږد ظرفیتونو سره د هغوی د رسنیو د مدیریت مدیریت) MAM (پلی کولو زوم کې ضمیمه کړئ.,CONSOCIATIO Evolphin Forms FileCatalyst integrari cum Fast File Capabilities in sua serie Media Asset Management (MAM) Platform Romani Zoom,0.66649175
As دفتر 365 د پرمختګ لپاره پرمختګ کوي، نو د SharePoint کار کوي، د مایکروسافټ ګډې هڅې وسیله. د شیباینټ کارول، ډلې کولی شي په ورته ډول سره همکاري وکړي، د تازه معلوماتو سره په پرمختللي توګه. د پيغامونو او مخ په وړاندې د پيغامونو د خپريدلو پر ځاى، متخصصين کولاى شي په يو ځاى کې لاسليک کړي او د هر سند وروستۍ وروستي بڼه وګوري.,"Yet, today, the eminence that is Microsoft SharePoint not just dispenses with the mistakes that originated from various forms but since everybody’s working in a similar place, it likewise incorporates a rendition history that enables clients to survey past variants of a document.",0.66619885
هرکله چې تاسو په خپل سوداګرۍ پاڼه کې ګورئ، په شخصي شخصي پروفیسور کې دا پوسټ شریک کړئ - دا طریقه، تاسو به رسیدنه او فیصده زیاته کړئ، ځکه چې ستاسو شخصي پروفیسرې د سوداګرۍ پاڼې پاڼې په پرتله په خبرفاد کې ډیر ځله ښودل شوي.,"Now it's pretty small. Every time you post on your business page, share that post on your personal profile – that way, you will increase reach and feedback, because your personal profile posts are shown more often in the Newsfeed compared to business pages.",0.66583115
پرته له هغه پالن چې تاسو یې غوره کړئ، دا به د SSD لخوا پرمخ وړل شوي سرور پرمخ وړل کیږي. مینی پلان د 10GB ویب پاڼه لري، مګر نور ټول پالنونه د لامحدود ځای وړاندیز کوي. د پرمختیا او برېښنا شرکتونه وړیا سره راځي د ډومین ثبتول او د SEO شننه هم.,"The Mini plan has 10GB of web space, but all of the other plans offer unlimited space. The Advance and eCommerce plans come with free domain registration and SEO analysis as well. You can pick your shared hosting plan based on the number of daily visits that your site receives.",0.6636413
Home > محصولات > د بیروني محدودیتونو لیډ ډرایور > د واټونو روښانه کولو چلوونکی > د سایټ وړ پایپ لین چلول 240W د سړک رڼا.,Home > Products > Outdoor Liminaires Led Driver > Street Lighting Led Driver > Adjustable Output LED Driver 240W Street light.,0.6630478
همدا اوس زه کاروم د ولسن سکور وقفه (نور وضاحت دلته) ټیټ حد ، د کاروونکي بیاکتنې تنظیم کولو لپاره د 95 confidence اعتماد وقفه. میتود و په لوی upvote / downvote سیسټمونو کې کار کولو ته ثابت شوی کوم چې په انټرنیټ کې ډیر دی. د کاروونکي درجه بندي د میزبان سکور محاسبې کې 15 contrib برخه کوي.,"Right now I am using Wilson Score Interval (more explanation here) lower bound, 95% confidence interval to sort user reviews. The method has been proven to work in major upvote/downvote systems which abound on the Internet. User’s rating contributes 15% to the HostScore calculation.",0.66298807
2. د فلزي برخې دي چې د مقاومت او یا د عمومي ولاړې او د محلي ولاړې مختلفو ډولونو، په شمول د فشار ولاړې چاوديد او پتینګ په وړاندې وساتل.,"2. Metal components are resistant to or protected against general corrosion and various forms of localized corrosion, including stress corrosion cracking and pitting.",0.6620916
NJMM پرمختللي وسايل، بشپړ ته راغي ټکنالوژي او همدارنګه د 10 کلونو کې په مطبوعاتي-د ویلډنګ فولادو ځالی په سيمه کې د جوړوونکي او مدیریت بډایه تجربه لري. NJMM د څو مخکښ جوړونکو چې له خوابدۍ د اوسپنې ځالی bearing bar ټول د تولید په پروسه لري په منځ کې ده.,"NJMM has advanced equipments, full-fledged technology as well as rich manufacture and management experience in press-welded steel grating area over 10 years. NJMM is among the few leading manufacturers who have the entire production process from bearing bar to galvanized steel grating.",0.662009
© 2017 د وپ سایټ ټول مادي او معنوي حقوق د افغانستان د ملکي هوایي چلند خپلواکې ادارې لپاره خوندي دي,Thank you very much All material and moral rights reserved for the website of the Civil Aviation Authority of Afghanistan. 2017,0.66132945
د POD مخکې، خپاره خپور لیکونکي باید د 500 یا د 1000 نسخې د دوی د کتاب او بازار پیرود، خپل ځانونه وپلورئ او وویشئ. دا د منځنۍ سولیورینګر یا پیل پیل لپاره د لګښت منع کول و.,"Before POD, self-publishing authors had to purchase 500 or 1000 copies of their book and market, sell and distribute those themselves. This was cost-prohibitive for the average solopreneur or beginner.",0.6598164
HRANK یو سایټ دی چې د ویب کوربه توب شرکتونو باندې معلومات وړاندې کوي. دا د شفاف میتودولوژی سره یو څه لوی شمیر بیاکتنې لري او یو څه چې د بیاکتنې سایټونه وړاندیز نه کوي - د ویب کوربه توب شرکت اپټایم او فعالیت په اړه جامع معلومات.,HRANK is a site that offers information on web hosting companies. It has a fairly large number of reviews along with a transparent methodology and something that most review sites don’t offer – comprehensive data on web hosting company uptime and performance.,0.65884477
"""٢) شرايط سياسى و اقتصادى‌اى که پرولتاريا از جامعه سرمايه‌دارى طلب ميکند. شرايطى که """"حالات"""" معينى را به يک جامعه سرمايه‌دارى، از نظر سياسى و اقتصادى، تحميل ميکند، و به اين اعتبار به خودى خود ناقض مبانى عام نظام سرمايه‌دارى نيست و لذا در حکم نابودى سرمايه‌دارى نيست. شرايطى که ميتواند و ميبايد در يک انقلاب دمکراتيک پيروزمند تحقق يابد.""","1) Political and economic conditions which the proletariat puts forward against the capitalist society and as a replacement of it. The realisation of these conditions requires a socialist revolution, the establishment of the dictatorship of the proletariat and the destruction of capitalism.",0.6585388
د جغل او کنډوالو ستونزمن وي. د بيلابيلو سرچينو 1 څخه د 1200 تر 2500 کيلو متر مکعب وزن تکيه لري چې د اندازې په مطابق. درانه - په پرتله ښه دي.,"According to various sources, the weight of 1 cubic meter from 1200 to 2500 kg depending on size.",0.6568902
"د پالنګر کارولو محدودیت هر حساب د 200,000 انوډونو پورې محدود دی او د کوربه توکیو حسابونه ممکن د 10 ثانیو څخه د اوږدې مودې لپاره د سیسټم سرچینو څخه د 90 سلنې څخه ډیر کار ونه کاروي.","Server Usage Limitation Each account is limited to 200,000 inodes and hosting accounts may not use more than 10 percent of the system resources for longer than 90 seconds.",0.6557345
تر ټولو پراخه توګه کارول casting بهیر د لشمانيا casting،، مصرفیدونکي شګو فنجی څخه کار اخلی تر څو پیچلې فلزي برخو کې چې کولای شي د نږدې هر الیاژ جوړ جوړ کړي.,"Sand casting, proses casting paling wiyar dipigunakaké, ngompliti cetakan wedhi expendable kanggo mbentuk bagean logam Komplek sing bisa digawe saka saklawasé sembarang alloy.",0.6546235
د لوی لید ليزر پرېکوونکې د ډیجیټل د چاپي صنعت لپاره په ځانګړي ډول ده - د پراخه بڼه په ډیجیټل چاپ او یا رنګ-sublimated نساجي ګرافیک، شعارونه او نرم ټرافیکی بشپړولو بې ساري وړتیا توليدوي.,"The large vision laser cutter is specially for the digital print industry – producing unparalleled capabilities for finishing wide format digitally printed or dye-sublimated textile graphics, banners and soft signage.",0.6544318
هرکله رښتیاګوی اووسئ. د غلطو مالوماتواو اسنادونو ورکول او یا د ځینو خبرو نه ویل کیدای شي په راتلونکو پړاونو کې ستاسو د پناه په درخواست باندې ناوړه اغیزه وکړي، ځکه چې په دې مرکه کې ستاسو ځوابونه به د هغه مالوماتونو سره مقایسه شي چې تاسې یې په دوهمه او بعدي مرکو کې وړاندې کوئ.,"Always be truthful. Giving false information and documents or deliberately withholding something can be viewed negatively in the later stages of your asylum procedure, as your answers during this interview will be compared with the information you give during a second or later interview.",0.6522907
لکه څنګه چې ما مخکې پدې پوسټ کې یادونه کړې ، زه دا د مایع اضطراب بریدونو او اضطراب له لارې لیکم. زما پیل په بشپړ ډول د لوستلو وړ او خورا سخت و ځکه چې زه نشم کولی زما لوستونکي باندې ډیر تمرکز وکړم پداسې حال کې چې زما نیمایي دماغ د اندیښنې سره مبارزه کې بوخت و او ژړا ته اړتیا درلوده.,"As I mentioned earlier in this post, I'm writing this through mild anxiety attacks and depression. My beginning was completely unreadable and too stiff because I couldn't focus too much on my reader while half of my mind was busy fighting off the anxiety and need to cry.",0.64996886
د لیندۍ ۷ مه / ۱۳۹۰ د کلیو د بیارغونې او پراختیا وزیر جارالله منصوري او د دغه وزارت د پروګرامونو مرستیال مهندس ویس احمد برمک د ملګرو ملتونو د پراختیايي ادارې د استازیو، نړیوالو مرسته کوونکو او د ملګرو ملتونو د پراختیايي ادارې له مرستیال جان جیلس سره د دغه وزارت د کنفرانسونو په سالون کې کتنه وکړه.,"H.E Jarullah Mansoori Minister of Rural Rehabilitation and Development and honorable Wais Ahmad Barmak Deputy Minister for the programs of the MRRD met with representatives of the United Nations Development Program (UNDP), International Donors and John Jelis Deputy Director of UNDP in the conference hall of the MRRD.",0.64992386
"تاسې کولای شئ د فیداسیل د بیرته ستندلو دفتر چې آدرس یې 57 chaussée d’Anvers, 1000 Brussels دی په کاري ساعتونو کې (دوشنبه تر جمعې ورځې ۹:۳۰ څخه تر ۱۶:۰۰ بجو پورې) ورشئ.","You can also go to Fedasil’s Return Counter during working hours (Monday to Friday 9.30-16.00) at 57 chaussée d’Anvers, 1000 Brussels.",0.6487849
غوره پیري - banichka یا banitza (د بینزا څخه د پالیسۍ بیلابیلو ډکونو سره پاڼي) .د پنیس داسې ډول شتون نلري؛,Favorite pastries – banichka or banitza (sheet baking with different fillings from brynza to spinach).Cottage cheese as such is not present;,0.6476261
ما د دریو کلونو لپاره د MOZ سرچینې کارولې ، هیڅکله د شکایت کولو لپاره هیڅ نلرم. ټولنه هم ملاتړ کوي.,"I've used resources from MOZ for three years now, never had anything to complain about. The community tends to get supportive, too.",0.6469013
ویب کوربه توب په بنسټيزه توګه ځای لري او د دې وړتیا لري چې ټرافيکي ته اجازه ورکړي چې ستاسو ویب پاڼې ته ورسیږي. دا د ځمکې پلازمینې په څیر دی چې تاسو خپل پوزه جوړوي. په هرصورت، داسې کوربه شتون لري چې کولی شي د یوې ویب پاڼې جوړولو لپاره ستاسو ژوند ډیره اسانه کړي.,"Web hosting is basically space and the capacity to allow traffic to reach your website. It’s like the plot of land that you build your hose on. However, there are hosts that can help make your life much easier in your quest to build a website.",0.64681995
"لکه څنګه چې د میګانا ګروپ سی ای او میتیو کلیمشا (عکس) تشریح کړې ، ""د میګا دریځ پدې کال د میډیا + انټرنیټ ټیک ایکسپو (METexpo) کې دریځ روښانه څرګندونه ده چې موږ څومره ژمن یو او [...]","As Magna group CEO Matthew Clemesha (pictured) explained, “Magna’s stand at this year’s Media + Entertainment Tech Expo (METexpo) is a clear demonstration of how committed we are to and [...]",0.64666176
هو، موږ تل د لوړ کيفيت د صادراتو د بسته بندۍ وکاروي، او ډاډه زموږ ماشین کولای شي خوندي او د انتقال په ترڅ کې خوندي کړي. مننه.,"Yes, we always use high quality export packaging, and make sure our machine can be safe and secure during transfer. thanks.",0.6463318
زموږ ډیری لوستونکي د ویب پاڼې خاوندان دي چې د دوی د سایټ لپاره د عوایدو د سلسلو د جوړولو الرې چارې لري. زه پوهیږم چې تاسو یو ملګری پروګرام لرئ. د دې پروګرام لپاره د لاسلیک کولو په اړه به څوک وکولی شي؟,Many of our readers are website owners who are interested in ways to build streams of income for their site. I understand you have an affiliate program. How would one go about signing up for this program?,0.6459577
مګر که څه هم تاسو د دوه اوونیو وروسته ویډیو وپیژانده - کومه مهمه نه ده چې په پیل کې دا څومره ښه وو - WAS ستاسو لپاره ندی، او تاسو د 200 پیسو ورکه کړې؟,"But what if you realized after two weeks that WordPress — no matter how great it looked in the beginning — WASN’T for you, and that you had just lost 200 bucks?",0.6456622
که چیرې دلیل کانال بند شی ، مایع د سترګو له سطحې څخه د اوبو ایستلو توان نلري. ککړتیا د شدید تخریب لامل کیږي ، او چپچې رازونه ممکن په کونجونو کې رامینځته شي.,"If the lacrimal canal is blocked, the fluid is unable to drain from the surface of the eye. Contamination causes severe lacrimation, and sticky secretions may form in the corners.",0.64543265
دا په یوه کتابچه کې ولیکئ یا د وخت څخه د تعقیب یو ایپ استعمال کړئ لکه څنګه Chrometa. تاسو به شاید حیران شئ چې څومره سمدستي وختونه اضافه کیږي.,Write it down in a notebook or use a time-tracking app like Chrometa. You’ll probably be shocked at how quickly the hours add up.,0.6430825
په می کې. لپاره RC نمونې د بیلګې په توګه، د نکل فلز هايډرډډ (NiMH) بیټرۍ معمولا کارول کیږي کوم چې د ځان ځان وژونکي وي، د بیلګې په توګه کرافمکسکس ریس پیک، د اړین اړیکی سره سم باید په لرې پرتو کنټرول الوتکې وزن او البته د بټیټ په اړخونو کې پام وکړئ.,"in mAh. For RC models For example, nickel-metal hydride (NiMH) batteries are often used which have low self-discharge, for example Kraftmax Racing Pack, In addition to the required connector must at remote-controlled aircraft be paid attention to the weight and of course on the dimensions of the battery.",0.64275175
د FileCatalyst UDP پر بنسټ پروتوکول د نړۍ په کچه د نړۍ په هر ګوټ کې د لوی رسنیو فایلونه، د 10Gbps پورې سرعت، د فایل یا لیږدولو وختونه د ساعتونو یا ورځو څخه یوازې دقیقو ته واستوي - په نتیجه کې په پراخه توګه تولید شوي.,"Protocol misit in FileCatalyst UDP, secundum magnam circa media files usquam in mundo, at usque 10Gbps decessisse celeritatis momenta, horas, aut dies videre Miconos lima transfero a temporibus in iustus minutes - vehementer essent, meliusculae productivity consequens.",0.6422918
ستاسو ډیزاین او ساده ساده ساتل، زما څه معنی په عمده توګه د سر د کمولو په بڼه دي. یو سایټ په پراخه کچه، د تنفس اخیستلو انځورونه او حیرانوي ویډیوګانې احتمال لري چې په خرابې ورځې کې د سږو په څیر وخوري. دا پاک او پاک وساتئ او هڅه وکړئ چې په مختلفو پاڼو کې ستاسو ویډیو او انځور توزیع وویشئ.,"By keeping your design and visual simple, what I mean is mainly in the form of reducing overhead. A site heavy in massive, breath-taking images and stunning videos is likely to load as quickly as a sloth on a bad day. Keep it neat and tidy and try to split your video and image loading across various pages.",0.6419566
سلام. زه غواړم د موټرسایکل لخوا کوهینګګ څخه لیدنه وکړم. نو څنګه کولای شم د سیانکوک څخه زما موټرسایکل سره لاړ شم؟,Hello. I’m going to visit kohrong by motorbike. So how can I go to there with my motorbike from Sihanouk?,0.64188623
موږ په شتمنيو، ټکنالوژۍ، اداره، استعداد، د پانګې اچونې غوره ګټه لري. په کورني صنعت، موږ لومړی مقام ترلاسه کړي. تود هرکلی سوداګر، دوستانو سفر ته د څیړنې او خبرې اترې ترسره کړي. تعاوني اقتصاد پراختیا، ځلیدونکی جوړول.,"We have a great advantage in assets, technology, management, talent, investment. In domestic industry, we win first place. Warmly welcome travelling merchants, friends to carry on investigation and negotiations. Develop cooperative economy, Create brilliant.",0.64113486
دا عموما د کنترول او نظارت وسایلو په واسطه ترسره کیږي چې په شک کې د شکمنو ټرافيکو یا پیښو لپاره سترګې پټوي. په دې ډول، هرڅوک چې په مالویر کې ځي یا د برید ترسره کولو تمه کولی شي ژر پیل شي.,"This is usually done by having control and monitoring tools in place that keep an eye out for suspicious traffic or incidences. This way, anyone hoping to sneak in some Malware or carry out an attack can be detected early.",0.64072454
د بی بی سی رسمي ویب پاڼه د وړیا آنلاین سرچینو او تل د کیفیت لوړ کیفیت لري. د ټولو ذوق، ابتدايي او منځنیو کچو لپاره یو څه شتون لري؛ ګرامر، لغت، څرګندونې، رسنۍ لکه راډیو، تلویزیون، ویډیوګانو، مجلو. عملي، خورا بشپړ، بی بی سی د ژبو زده کړې په برخه کې د جدي او مسلکي رتبه ساتي.,"The official website of the BBC has a large number of free online resources and always of a high quality of teaching. There is something for all tastes, beginners and intermediate levels; grammar, vocabulary, expressions, media such as radio, TV, videos, magazines. Practical, very complete, the BBC keeps its rank of serious and professional in the field of language learning.",0.6399113
ټول نسوور سترګې نجونې په کور کې، ځینې غږونه تولید کړئ) - د ډیزاین لپاره د NYE ګمراه کول، VJs، نائٹ کلبونه 2019,"All the brown eyed girls in the house, Make some noise! (produced) - NYE Countdown for Djs, Vjs, Nightclubs 2018",0.6391481
1 د پروژې د پلان د timebox پر بنسټ. 2 د فعالې او غیر فعال غوښتنو بايد کم ترکمه شي او timeboxes بېلې شوې دي. 3 په timeboxes د احتمالي ده په ولسي لومړیتوبونو کې شامل دي,1 Project planning is based around the timebox. 2 Functional and non-functional requirements should be grouped and allocated to timeboxes. 3 The contingency in timeboxes is contained in the lower priority,0.6355523
یادونه: د اغیزمنو SEO محتوا جوړول د احتمالي سترو شیانو څخه دي چې تاسو یې کولی شئ خپل ویب پاڼې ته ټرافيک راوړو. په دې وخت کې مصرف کړئ! دلته ځینې د SEO وسایل دي چې تاسو یې د رجحانونو تعقیبولو کې مرسته کولو کې لیوالتیا لرئ، اغیزمن کلیدي جوړښتونه او نور یې:,"Spend time on this! Here are a few SEO Tools which you might be interested in to help you track trends, formulate effective keywords and more:",0.6304851
په عین حال کې، تاسو کولی شئ د SnapChat فابریکه د آنلاین مارکيټ څخه وګورئ. د فلپ پاپ د سایپټوټ فلټرونو لپاره د بازار ځای دی. تاسو د ودونو، زیږونونو، او نورو لپاره Geofilter ډیزاینونه موندلی شئ. الیکس کییر، د فلټرپپ په دفتر کې د اجراییوي ریس دفتر د هغه شرکت ماموریت شریکوي،,"We also create geofilters for birthday parties, weddings etc.” Alternatively, you can look for professional SnapChat filters from an online marketplace. FilterPop is the marketplace for custom SnapChat filters.",0.6296562
دا بریښنایی سکوټر کولی شي د فولیو فعالیت مالتړ وکړي. د تاسو لپاره د 10 انچ انکلونو سره، د 36V 250W / 350W او 48V 500W ریک حب موټر، د سکوټر ډیک کې لرې وړ بیټرۍ، په ډیک کې نرم سیپل او د ال زیاتو آسانتیاوو لپاره شرط. د دې برخې الندې، یو اسانه او آرامۍ سفر څخه خوند واخلئ.,"For you a portability and comfort riding condition with 10 inch wheels, 36V 250W/350W and 48V 500W rear hub motor, removable battery in the scooter deck, soft saddle on the deck and more. Under these components, enjoy a smooth and relaxing traveling.",0.6291406
د نوي ځواب “”لږ لګښت يو شمېر احتمالي کاروبارونه چی کولای شي د يو ځوان له خوا پیل شي او د فعاليت څه دي؟””,Nova respondo al “”Kio estas kelkaj eblaj malkara negocoj kiu povas esti komencita kaj operaciita de adoleskanto?””,0.62896293
که تاسو د خوړو لپاره ښه ځایونه په لټه کې یاست، سګیا (یوازې د ساحې ساحه کې د ساحلي ساحې ساحه څخه) د تایید خورا مستند خوراکي توکي لري. ښه خوړو رستورانت (د ورته لوري ګلی ته) ډیر ارزانه دی او کیفیت سم دی. څو بارونه (د مثال په توګه کوکو او بون) د ښکلی لوی لویدیځ خواړه ترسره کوي.,"If you’re looking for good places to eat, Sigi’s (just off the main beach area down a side alley) does fantastic authentic Thai Food. Nice Food restaurant (down the same side alley) is very cheap and the quality is OK. Several bars (e.g. Coco’s and Bunna’s) do pretty decent western food.",0.628756
PU هوايي پايپ او د اوبو د نل په څېر مشين، نساجۍ، د هوا کمپرسور، رنګمالۍ، ولډنګ، هارډویر وسیلې، د کرنې د صنعتي سيمه کې په پراخه توګه کارول، د خوړو، درملو، د مدني انجنيرۍ، کرنې د صنعتي، منظره د اوبو لګولو، د برېښنايي صنعتي او نور,"PU Air hosipaipi uye mvura chubhu rinoshandiswa chaizvo maindasitiri nharaunda akafanana motokari, Whitehead Textile, mhepo compressor, kupenda, nomoto, Hardware maturusi, kurima, Food, mushonga, vehurumende engineering, kurima maindasitiri, nzvimbo kudiridza yemagetsi maindasitiri nezvimwewo",0.628651
د میډیا ښار کې د 27-30 لپاره د رسنیو او اعلاناتو مسلکیان به راټول شي Telemundoد د ایکسپو سیین ویډیو تلویزون - د بین المللی لوبغاړو سره یوځای کول چې نړیوال تولیدات یې د تولید کولو بدلولو خدماتو، د ویب ټیکنالوژۍ خدمات او سافټویر لپاره.,"Media- en reclameprofessionals zullen in juni 27-30 verzamelen in Mexico City Telemundo's Expo Cine Video Televisie - een internationale expo die belangrijke industriële spelers verbindt met baanbrekende productiediensten, webtechnologiediensten en software.",0.62808406
زياتره برقي bikes زه په اړه اورېدلي مو يوازې يو ډېر محدود Riding لړ برابر کړي. څومره کولای شي يو برقي موټرسايکل په رښتيا ته لاړ؟,Most electric bikes I’ve heard about only provide a very limited riding range. How far can an electric bike really go?,0.62766373
ښاغلی پوهنيار شهيدزی اوس مهال د شيخ زايد پوهنتون د شرعياتوپوهنځي د رييس په توګه په پوره اخلاص او صداقت سره خپله دنده پرمخ وړي، استادان، مامورين او محصلين ترې بشپړ رضايت لري.,"Mr. Shaheed Zaidi, currently acting as Shahee Zayed University, head of Sharia University, has his full commitment to sincerity and sincerity, teachers, employees and students have full satisfaction.",0.62757576
"د پالنګر کارولو محدودیت د محاسبې اړتیاوونکي CPU وخت، یا د زیرمه کولو ځای، یا د شبکې بډیډ به معطل شي. د ""زیاتوالي"" په اړه هیڅ واضح تعریف نشته.","Server Usage Limitation Account consuming excessive CPU time, or storage space, or network bandwidth will be suspended.",0.6273185
ننګونه د سوورز او د هغه ټیم په څیر د سم ملګري موندلو کې دي څوک چې ستاسو $ 100 ویب پا treasureه هم خزانه کړي.,The challenge is in finding the right partners like Sauers and his team who will treasure your $100 website as well.,0.62721926
اوس V3 د 9 حجمونو څخه د 5 حجمونو ته کم شوی او د خدمت د ژوند طرز مفهوم مشخصوي. دا نومونه په لاندې ډول وو:,Now V3 reduced from 9 Volumes to 5 Volumes and specifies the concept of Service Lifestyle. These were named as:-,0.62667716
نرخونه معمولا د غوښتنې لخوا پرمخ وړل کیږي او لکه څنګه چې د ویب کوربه توب صنعت شتون لري ، دلته تل یو سیال شتون لري چې هڅه کوي د لوی لوبغاړي کمولو هڅه وکړي. دا سالم رقابت شرکتونه په خپل قیمت کې صادق ساتي - پرته لدې چې انحصار څرګند شي.,"Prices are normally driven by demand and as competitive as the web hosting industry is, there is always a competitor trying to undercut a major player. This healthy competition keeps companies honest in their pricing – unless a monopoly emerges.",0.62534654
● مواد : موږ تل د کیفیت د خامو موادو رانيول ټينګار. وتلي روښانه عصبي ښيښه، په A1 پروفیل، د لوړ پای چرم، طبیعي مرمرو او 304 لوله پلیکا، داغ ضروري دي.,"●Material: We always insist on purchasing quality raw materials. Ultra clear tempered glass, E1 MDF, high end leather, natural marble and 304 stainless stain are necessary.",0.6247933
دې سړي همدا دعا د الله تعالی څخه وغوښته او الله تعالی صحت ورته ورکړ .(مسلم ),"“ One who defends the honer of his brother, Allah keeps the fire of hell away from his face on the Day of Judgment” .",0.62408024
HOLTOP بلنه تاسو ته په HVAC R چې د Big 5 نندارتون دوبۍ نندارتون زمونږ د غرفو د سفر په کتو سره د وروستيو هوا او د هوا د توليداتو د خپل پروژو سره مطابق لپاره؟ راشه ته HOLTOP په غرفه NO.Z4E138، د BIG5 نندارتون د HVAC & R نندارتون، دوبۍ څخه د 26 څخه تر نومبر 29، 2018. Addr پوره ...,"HOLTOP Invite You to Visit Our Booth at HVAC R Expo of the BIG 5 Exhibition Dubai Looking for the latest air conditioning and ventilation products to suit your projects? Come to meet HOLTOP at booth NO.Z4E138, in the HVAC&R Expo of the BIG5 Exhibition, Dubai from 26 to 29 November, 2018. Addr...",0.6237831
د ګمرک پروژې ته د مالتړ د پوهانو په همکارۍ پورې د نویو امکاناتو پرانيستل شوه. موږ سره د ابتکاري د ژاولې او د نوار مواد احاطې-ماتولو حل رامنځته کړي.,Expert collaboration for custom project support opens up new possibilities. We create boundary-breaking solutions with innovative resin and acrylic materials.,0.6202683
A: کوه رونګ (د کاهو رونګ یا کاس رون په څیر هم د رومانیزم بڼه) د کمبوډیا دویمه لویه برخه ده، چې د 78 کیلومتره مربع ځمکه لري. د ټاپوګانو د 43km ساحل سمندر 61km ساحل دي (د 23 په انفرادي ساحو کې شتون لري چې اوږدوالی او رنګ توپیر لري، ځینې یې د سیاحت لپاره وده کړې - زمونږ لوستل ساحل لارښود نور زده کړئ).,"A: Koh Rong (also romanized as Kaôh Rong or Kos Rong) is the second largest island of Cambodia, having an area of approximately 78 km². 43km of the island’s 61km coastline are beaches (there are over 23 individual beaches that vary in length and colour, some of which have now been developed for tourism – Read our Beach Guide to learn more).",0.6202216
"3. دا ماشین د ""نه بوتل نه ډک"" ، ""د ناسم چک کولو او ناسم سکین پخپله"" ، ""د غیر معمولي مایع کچې لپاره د امنیت الارم سیسټم"" فعالیتونه لري.","3. This machine has functions of “no bottle no fill”, “malfunction check and malfunction scan automatically”, “security alarm system for abnormal liquid level”.",0.6172937
2.Bitter د خټکو د ښودل شوي دي چې د اوږدې مودې لپاره د وینې د قند د کنټرول څو نښو، په ګډون د fructosamine او هیموګلوبین A1c کچو ته وده ورکړي. اوس هم، ډېر لوړ څرنګوالې درلودونکې څیړنو ته اړتیا ده.,"2.Bitter melon has been shown to improve several markers of long-term blood sugar control, including levels of fructosamine and hemoglobin A1c. Still, more high-quality research is needed.",0.6153753
له تبعیض او کرکې ډکو نظریاتو مانا دا ده چې یو څوک د لاندې دلایلو په خاطر له ګواښ، ملنډو )ریشخند( سره مخامخ شي او یا,"“Discriminatory or hateful statement means threatening or insulting a person or promoting hate of, persecution of or contempt for another person based on his or her",0.615144
پر دې ګواښمنو سفرونو چې د قاچاق وړونکو لخوا د بېړیو پرمټ ترسره کېږي، معمولا پرې په زرګونه ډالره لګښت راځي. ګڼ شمېر هم په دې لار کې خپل ژوند له لاسه ورکوي.,"These dangerous boat journeys, operated by smugglers, usually cost thousands of dollars. Many also die along the way.",0.61495996
د یونان د ساحلي ځواکونو کارکوونکي وايي چې د پلټنې او ژغورنې په دغو عملیاتو کې درې الوتکو، پوځي بیړۍ، د ساحلي ځواکونو کښتۍ او د اروپايي تولنې سرحدي ایجنسۍ (Frontex ) بیړیو برخه واخیسته.,"The Greek coastguard service said that three aircraft and navy and coastguard vessels, as well as vessels from the EU’s border agency Frontex, took part in the search and rescue operation.",0.61330354
تېروتنه = د سی - طرز ډیزا ډیریدلو کې پاتې راغی: D: \ د پروګرام فایلونه \ لینکید مارټینین \ تیپسیکسینډ ویکسینکس \ ګګګز \ CALLOUT_SOUND.dll، گیګ: غږ. DLL د 3 bit دی. د 4 بڼې نسخه اړینه ده. دا کتابتون (زه فکر کوم) د پیکج له لارې نصب او د Gauge32، Gauge64 [VCockpit122] لخوا ویل کیږي,"error=C-style gauge failed to load: D:\Program Files\Lockheed Martin\Prepar3D v4\Gauges\CALLOUT_SOUND.dll, Gauge: sound. DLL is 32 bit. A 64 bit version is required. This Library is (i think) installed by the package and is called by the Gauge122, Gauge33 [VCockpit01]",0.6130836
لږ تر لږه ۶۳ کډوال د کالاس د کښتیو په ترمینل کې له یوه منسجم حرکت وروسته چې غوښتل یې د ډوور(د انګلستان یوه بندرګاه) په لوري حرکت کونکې بېړۍ ته سپاره شي ونیول شول، فرانسوي مامورینو د ۲۰۱۹ کال د مارچ په ۳ نېټه وویل. په نیول شویو اشخاصو کې افغانان، پاکستانیان، اریتریایان، او سومالیایان شامل دي.,"Among those detained were Afghans, Pakistanis, Eritreans and Somalis. Late on the evening of 2 March, about 100 migrants broke through the perimeter fence and stormed the port as they tried to board a ferry bound for the UK.",0.61282325
د بهرنیو واټن او وخت تعدیل دنده: د ثانوي پرمختګ بهرني غوښتنلیک آسانه، MCU دی چې په لرې واټن کې & وخت تعدیل تحليل کارول شوی؛,"External distance and time adjusted function: easy to external application of secondary development, MCU is used to analyse the distance&time adjusted;",0.6120686
د ډیزاین فرش سره د ډیزاین ډیزاین کور - د سټوډیو ډیزاینټنټا - د نوبل داخلي ډیزاین، سٹوڈیو، معمار، ډیزاینر، شرکتونه، ډیزاین، بیه,"Modern design interior with Constanta floor - Studio design Constanta - Nobili Interior Design, studio, architect, designer, companies, design, prices",0.61128634
د لارښوونې قواعد. د معیارونو سمبالول تاسو ته اجازه ورکوي چې د ځانګړې پایلې له لارې فعالیت په کورس کې د سرچینې، هدف او بندر په رڼا کې تمرکز وکړي. په چانس کې چې تاسو د ځان سوځولو ځانګړتیا یا د بیاکتنې ماشین لرئ تاسو کولی شئ د پراخې ترتیباتو پرته پرته یو مجازی ماشین او د لارښوونې اصول ډیزاین کړئ ترڅو د ګازو له لارې حرکت ته حرکت ورکړي.,"Steering Rules. Directing standards permit you to course activity through particular end focuses or addresses in light of source, goal and port. On the off chance that you have your own particular firewalling or review machine you can without much of a stretch arrangement a virtual machine and design directing principles to push movement through the gadget.",0.61109424
دا د بریښنایی محافظت له ډریسر وین څخه د سیسټم ډکولو لپاره ډیزاین شوی. د مستحکم دوه اړخیز پچ او کیفیت لپاره د تار تولید کونکو څخه ټول مات شوي تارونه. اړوند نښلونکي د اصلي JST او DDK څخه دي. د لاوم هره څانګه د مینځپانګې لیبل سره نښه شوې.,This wiring harness designed for filling system from Dresser Wayne. All the twisted wires from wire manufacturers for stable twist pitch and quality. Related Connectors are from original JST and DDK. Each branch of loom marked with content label.,0.60882825
Zhejiang جوویا پلاسټیک Co.Ltd د آلمان د امپراتور کریوروففي او د پرمختیایی ماشینونو بشپړ تولید سره د تولید فیصلو لپاره ځانګړي شوي. زموږ په زړه پورې ... نور یی ولوله,Zhejiang Jovyea Plastic Co.Ltd has geared up with a complete set of Germany emblem KraussMaffei and advanced machines exclusive for production percent profiles. Our nicely-geared ... Read more,0.60818535
هو، موږ کولای شو تر ټولو اسنادو په ګډون د تحلیل / Conformance سندونه برابر کړي؛ د بيمې؛ اصل، او نورو د صادراتو د اسنادو کې چې اړتیا ده.,"Can you supply the relevant documentation? Yes, we can provide most documentation including Certificates of Analysis / Conformance; Insurance; Origin, and other export documents where required.",0.60817635
زده کونکو ته غوږ نیول په زړه پورې وه. هغوی د ښکلا د احساس خپرول او اغیزه یې د انساني طبعیت د ښکلا پېژندنې په برخه کې د رسامي پر وړاندې خبرې کولې. صدف وویل: “ښکلا د تاوتریخوالی مخالف دی او یا برعکس دی. ښکلا د انسان ښکلی طبیعت راویښوي. کله چې راویښ شو، انسان به هیڅ کله په کور او ټولنه کې تاوتریخوالی رامنځته نه کړي.”,"Listening to students was surprising. They were talking about the role of artworks on spreading the sense of beauty and its effect on the aesthetic side of human nature. Sadaf said: “Beauty is opposite to violence. Beauty wakes up the aesthetic side of human being; when it wakes up, human beings will not commit violence in the family and society.”",0.606984
تاسو کولی شئ د خلکو نظرونو شاوخوا مناظرې پیل کړئ ، تاسو د تنظیمي مینځپانګو شاوخوا بحثونه پیل کولی نشئ - او دا ستاسو د SEO لپاره ښه ندی!,"You can start debates around peoples opinions, you cant start debates around regurgetated content – and it isn't good for your SEO either!",0.60549444
"""زه ماشوم په سینه کې دوه سينې ورکړم، مګر دا کافی ندی، دا اړینه ده چې د مخلوط ضمیمه شي. د شيدو اندازه څنګه لوړوي؟ ""","""I give the child two breasts in one feeding, but this is not enough, it is necessary to supplement the mixture.",0.6047892
√ وروسته او ښکته ليزر مشر یقیني کوي چې د فلزي سطحې ته machined شي د ليزر د تمرکز څخه په لرې واټن کې ده چې د په سيمه کې د پري کړل شي لږ چينی صورت ثابت، ډاډ machining دقت او د قلمو د وړتيا د لوړولو فايبر ليزر د پري کولو ماشین .,"√ Following up and down laser head ensures that the distance from the laser focus to the metal surface to be machined is constant in the case of slight unevenness in the area to be cut, ensuring machining accuracy and enhancing the cutting ability of the fiber laser cutting machine .",0.60417247
موږ د د د سګرټو د خامو موادو په شمول د المونیم ورق کاغذ، اسيتيت دوه، BOPP فلم، د چاڼګر امسا Plug کاغذ، د سګريټ رانغاړل کاغذ، د سګريټ بسته Inner چوکاټ تخته، د پلویانو تر ټیپ، او د حرکت د صادراتو تجربه بشپړ لړ لري کاغذ.,"We have a full range of experience in the export of raw materials for cigarettes, including Aluminium foil paper, Acetate tow, BOPP film, Plug wrapping paper for filter rod, Cigarette wrapping paper, Inner frame board for cigarette packing, Tear tape, and Tipping paper.",0.6020756
پر بنسټ اودبې تکنالوژي اتومات کنترول محصولات، HW8002 لري لوړ حساسيت او اعتبار، او په پراخه کچه په اتومات ټرننګ خانگی مختلفو ډولونو، لکه اتومات دروازې، اتومات مينځلو ګرځنده تیلیفونونه، اتومات مايع droppers، سینسر flushers، د سمارټ د لوبو د بېلابېلو ډولونو کارول، د انرژۍ د سپما لپاره څراغونه. ، اتومات-د بدن حس شپه رڼا او نورو ټرننګ برقي وسايل.,"Kwakavakirwa michini Michina otomatiki kuzvidzora zvigadzirwa, HW8002 ane yakakwirira nehanya uye kuvimbika, uye ari zvinowanzoshandiswa-siyana otomatiki induction midziyo yemagetsi, zvakadai otomatiki madhoo, otomatiki Washing mobile phones, otomatiki mvura droppers, Switch flushers,-siyana matoyi ngwara, simba-kuponesa mwenje. , Automatic achiona muviri-usiku chiedza uye mamwe induction magetsi.",0.60143197
Jera د لوړ ولتاژ fittings او د برېښنا مزي لوازم محصول د دوسېې په دوامداره توګه د پراختيا. موږ د خپلو مشتریانو لپاره د بشپړ حل تمرکز وکړي.,Jera’s product assortment of high-voltage fittings and power line accessories is constantly expanding. We focus on the complete solutions for our customers.,0.60107934
د يوه رول څو امسا لارښود، د يوه د کارتنونو 60-70 رول، بيا 48-60 د کارتنونو ته د لرګيو د قضیې --100٪ بصري د تفتیش.,"Several rod guides to a Roll, 60-70 Roll to a Carton, then 48-60 carton to a Wooden Case ——100% visual inspection.",0.6006553
د صنعت کې يو قوي تخنیکي ټیم لري، د مسلکي تجربه، ښه ډیزاین کچه لسیزو کې، د يوه لوړ کیفیت لوړ موثریت هوښيار پريس سامان په جوړولو.,"have a strong technical team in the industry, decades of professional experience, excellent design level, creating a high-quality high-efficiency intelligent presses equipment.",0.60030186
"""موږ چمتو کوو یو اضافي """"زده کړه + پل"""" د چهارشنبې په ورځ د A-Stream او B-Stream لپاره د کور کاري مرستې په بڼه.""","""We provide an extra """"LEARNING + moment"""" in the form of homework assistance on Wednesday afternoons for A-stream and B-stream.""",0.5989352
A: د فبروري په پیل کې، د کوه رون موسم هوا باید تودوخه او وچ وي، د ورځې په جریان کې د اوسط درجه حرارت 25 درجه C سره. لکه څنګه چې میاشت پرمختګ کوي، نو باید په تدریجي ډول تود پیل شي، د میاشتې په پای کې د 35 ° C د حرارت درجه رسیدلو لپاره.,"A: At the start of February, the weather on Koh Rong should be warm and dry, with an average temperature of 25°C during the day. As the month progresses, it should start to get gradually hotter, reaching temperatures of 35°C by the end of the month.",0.5976733
پایپ پروسس اتومات تولید ليزر پایپ پري ماشین P2060A او د 3D روباټ ملاتړ کوي، چې د ليزر ماشين په اتومات د قلمو، برمه، خوځيدنه وهي، راپرځول، flange، ولدنګ د اکر په کارولو سره کرښه. دغه ټوله پروسه مصنوعي پایپ پروسس پرته ترلاسه کېدای شي، crushi ... ادامه مطلب »,"Pipe processing automation production line using laser pipe cutting machine P2060A and the mode of 3D robot supporting,which includes laser machine automatic cutting, drilling, robotic picking, crushing, flange, welding. The whole process can be achieved without artificial pipe processing, crushi... Read more »",0.5963521
د لنډیز تفصیلات شکل: د وړاندیز د مول محصولاتو توکي: پلاستيکي محصول: د چمتو کولو لپاره د خاورې اساسي او د غوړ مواد مخکې: S136 مخکې سمون mold: ...,Quick Details Shaping Mode: Preform Mould Product Material: Plastic Product: preform ready mould core and cavity material: S136 preform mold:…,0.59390324
دا راز راز پالیسۍ باید د حکومتدارۍ قانون او ځانګړي ځای په واسطه اداره شي لکه څنګه چې د NYECOUNTDOWN، LLC کې د کارولو شرایط په رسمي ډول د دې شرایطو پلي کیدل او په هغه صورت کې چې قانون لخوا اجازه ورکړل شوې وي.,"This privacy policy shall be governed by the same Governing Law and Exclusive Venue as found in NYECOUNTDOWN, LLC’s Terms of Use insofar as those terms are applicable and insofar as permitted by law.",0.59246397
تر هغه چې امنیت ته ځي، IXWebHosting د شبکې سافټویر کاروي چې مسلسل څارنه، د مالویور موندنې او د بیرته راګرځولو خدماتو ترسره کوي. د مالیلیر خدمت یوه ښه باره دا ده چې که ستاسو په حساب کې فایلونه وموندل شي، ناسمه کوډ په خپله په فلټر کې فلټر شوی او فایلونه سم دي.,"Two heavy duty generators are available to keep servers up and running in the case of a power outage. As far as security goes, IXWebHosting uses network software that performs constant monitoring, malware discovery and recovery services. A nice feature of the malware service is that if infected files are found in your account, the malicious code is automatically filtered out and the files are corrected.",0.59141487
د خپل مدیر سره موضوع په اړه بحث وکړئ، د هغو شيانو په اړه خبرې وکړئ چې تاسو سره نده او که هغه هیڅ شی غوږ ونه نیسي، ستاسو د بشري حقونو د بشري حقونو څانګې سره د خبرو کولو څخه ډډه مه کوئ.,"Discuss the subject with your manager, talk about things that do not suit you and if he does not want to hear anything, do not hesitate to talk to your HRD.",0.5891433
P30120 پایپ ليزر ماشين کولای څخه 300mm 20mm 12m تيوب، او تيوب قطر پرې، دا د فلزي فرنیچر، د طبي آله، فټنس وسايل، د لوبو سامان، نندارې ته طاق، د کرنې ماشینونه، د پولادو د جوړښت، د اور په کنټرول، د درنو ماشین، euqipment تولید استعمال او د پایپ د پروسس صنعت او نور,"P30120 pipe laser machine can cut 12m tube,and tube diameter from 20mm to 300mm,it is applied to metal furniture, medical device, fitness equipment, sports equipment, display shelf, agriculture machinery,steel structure,fire control, heavy machine,euqipment manufacturing and pipe processing industry etc.",0.58884805
8 جومات \ CMS \ راٹر \ روټ :: _ () jroot / plugins / system / sef / sef.php: 110,8 د منځپانګې کنټرولر -> ډیزاین () JROOT / کتابتونونه / src / mvc / کنټرولر / BaseController.php: 710,0.58824927
د اکاتما مشوره هم د کوم ټولنیز مینځپانګې سره کار کوي ، نه یوازې فېسبوک ، بلکه د فېسبوک د مینځپانګې ترتیباتو له امله ، دا یوه ګټونکې تګلاره ده چې تاسو یې د ټیپ #8 سره تکمیل کولی شئ.,"Akathma's advice also works with any social medium, not just Facebook, but because of Facebook's content settings, it's a winning strategy that you can complement with Tip #8.",0.58660793
خلک کله ناکله غوسه کوي او د دوی د اعلامیې په پایله کې د تبعیض شمیرې په نښه کوي. کیدای شي نتیجه ډیر جذباتي یا ناباوره وي، د اعلامیې ټکي باید په لیکلي ډول په لیکلي ډول کارول کیږي.,"People sometimes get angry and put a number of exclamation marks at the end of their sentences. The result may seem too emotional or immature, exclamation points should be used sparingly in writing.",0.58641845
♦ ملاتړ کوي څو د حل تر 1.920 x 1،080P په 60Hz، په داسې حال کې چې دا د تر ټولو مشهور پریکړه څخه ملاتړ کوي تر څو د لوړې د توافق سره د ولايتي شوراګانو پراخه تشيخص او HDTVs,"♦ Supports multiple-resolution up to 1,920 x 1,080P at 60Hz, while it supports the most popular resolutions to ensure high-compatibility with wide brands of PCs and HDTVs",0.58476615
ملټي وظیفې: دا ډرون H823H Plus کولی شي 360 roll رول او ب turnه کړي ، هم د قد ، هیډ لایس موډ ، د ټیټ بیټرۍ الارم ، د یو ت startۍ پیل او ځمکې ته راوړل ، او د یوې ت buttonۍ بیرته راګرځول دي. کوچنيان کولی شي د عمليات له مخې سرعت (ټیټ / متوسط / لوړ) غوره کړي. سنیپینټ کامل کوچني پیلوټان رامینځته کوي!,"Kids and beginners can easily control this drone. Multi functions: This drone H823H Plus can roll and turn 360 °, There are also Altitude, Headless mode, Low battery alarm, One button start and landing, and One button return. Children can choose a speed (low / medium / high) according to the operability.",0.58462894
د 3 څخه 11 څخه زاړه ماشومانو ته اسپانویانو د زده کولو لپاره د ډیرو لویو تعلیمي سرچینو سره ډیر بشپړ سایټ. د دې سایټ ډیری برخه دا ده چې دا اسپانوی زده کړې کې ستاسو ماشومان سره یوځای مختلف میتودونه وړاندې کوي. ډیری ښوونکي مرستې ورکول کیږي مګر ډیر بشپړ دي: ډیویډونه، کتابونه، سی ډیونه، مجلې، نرسري شعرونه او تعلیمي لوبې.,A very complete site with a large number of educational resources to learn Spanish to children from 3 to 11 years old.,0.5845816
تطبيق احکام اين قانون اساسي و ساير قوانين، دفاع از استقلال، حاکميت ملي و تماميت ارضي و تأمين امنيت و قابليت دفاعي کشور از وظايف اساسي دولت مي باشد.,"Strengthen national unity, safeguard independence, national sovereignty and territorial integrity of the country;",0.5843606
"""د سایټ سایټونو ډیزاین او فعالیتونه """"سټک"""" جوړ کړي - د سایټ ډیزاین مسلکي نه بلل کیږي، یو پاڼه لري، دا ځای په فټیک کې محدود دی ...""","""Design and function of scam sites Sites made """"quick"""" - the design of sites is made not professionally, has one page, the site is limited in functi...""",0.58386457
تاسو باید خپل پلیټ په پام کې ونیسئ - ستاسو د بلاګ لپاره موخې ممکن ستاسو د خبر لیست لپاره توپیر ولري، او د رایوپ اپ محتويات چې تاسو یې خپاره کړئ باید په دې سکټور کې شامل وي,"You have to mind your platform – your goals for your blog may differ from those for your newsletter, and the roundup content you publish must fit into that scheme",0.5838411
موږ له وړاندې کولو مهال ويش انعطاف او کولای شي په نمونه او توليد مقدار د دواړو نسبتا روژه ته راتاو کړي. چټک وار مردان سره کولو prototyping خدمتونو څخه يوازې 24 ساعته شتون لري.,We are flexible with delivery schedules and able to provide relatively fast turnaround on both sample and production quantities. Quick turn PCB prototyping service with delivery available from just 24 Hours.,0.5820336
د ایس ایس ایل سندونه د دې پالنونو سره شامل دي، او دواړه دواړه د ټرافي ټرافيکي ویب پاڼو لپاره غوره دي. د نیم نیمګړی کوربه کولو سره تاسو څه شی ترلاسه کوئ چې تاسو مشترکه کوربه کولو سره نه یاست CPU په چټکۍ سره، د FTP ګړندي، نور رام، ډیر ذخیره کول، او لږ کاروونکو سره د بینڈوډت شریکول دي. دا د کوربه کولو یو ډیر خوندي بڼه ده.,"SSL certificates are included with these plans, and both are ideal for high-traffic websites. What you get with semi-dedicated hosting that you don’t with shared hosting is faster CPU processing, faster FTP, more RAM, more storage, and sharing bandwidth with fewer users.",0.5777477
د حرارتی پیډونه خوندي دي د هټۍ ټټ ترمسټټات کنټرولر د تشناب د حرارت کولو پیډ Petco حرارتی پیډونه د حرارت پیډ کاناډا د حرارتی پیډ برقی حرارتی پیښه وارمر د برق برقی پیډونه,Heating Pads Safe Heat Mat Thermostat Controller Reptile Heating Pad Petco Heating Pads Warmer Heating Pads Amazon Heating Pad Amazon Heating Pad for Whelp Pet Heating Pads,0.5772836
( سَلَامٌ عَلَيْكُمْ طِبْتُمْ فَادْخُلُوهَا خَالِدِينَ ) [الزمر: ۷۳] ژباړه: سلام دي وي پر تاسو ، تاسو (د ګناهو څخه) پاک یاست، نو جنت ته د تل لپاره ننوزئ.,"“If a person engages himself in the pursuit of Islamic religious knowledge with the object of reviving the faith through it (i.e., by instructing it to others and bringing them round to act on it) and he dies in the process, his place will be so very close to",0.5762162
په 2016 کې ، د 50 څخه تر 54 پورې په ټوله نړۍ کې نارینه او ښځینه مساوي ژوند کاوه. له هغې وروسته ، سړي ښکته ځي. د 75 څخه تر 79 کلونو پورې د عمر ګروپ کې ، یوازې 80٪ د ښځینه نارینه په څیر ژوند کوي.,"In 2016, an equal number of men and women lived all over the world from the age of 50 to 54. Since then, men go downhill.",0.5758533
د امريکا د بهرنيو چارو وزارت وياندې جن ساکي هم وويل، هېواد يې تصميم نيولى، څو وپوهېږي، چې حامدکرزي په لويه جرګه کې ددې ځانګړې موضوع له وړاندې کولو څه موخه درلوده؟,"Today they have become hopeless with false promises from the West of establishing democracy. And moreover people are fed-up of the fundamentalism of the Taliban, Northern Alliance, and Gulbuddin Hekmatyar, etc. So today if we witness demonstrations organized by our suffering and tired people, tomorrow they will be much more organized under the leadership of democratic movements.",0.57535243
"""د ټویټر ټیمونو په اړه ترټولو غوره شیان دا دي چې دا د Snapchat یا Instagram غبرګون نه دی. پرځای یې، دا یو ځانګړی وسیله ده چې هر برانډ ته اجازه ورکوي چې خپلو پیروانو ته د مشکوک کیسې بیان کړي. ""","“One of the best things about Twitter Moments is that it isn’t a replica of Snapchat or Instagram. Instead, it is a unique tool that allows every brand to narrate an engaging story to their followers.”",0.57414806
که تاسو غواړئ زموږ د حل د کار په اړه نور معلومات ترلاسه کړئ، زموږ لیدنه وکړئ څنګه کار کوي پاڼه. همدارنګه، زموږ د قضیې مطالعه ولولئ NICE سافټویر دا وګورئ چې موږ څنګه دوی ته د CPU جدي غوښتنلیکونو لکه د سمیزیک تحلیل او ذخیره کولو تخنیکي سافټویر سمبالولو لپاره د چلولو وختونه په ډیره کمه توګه راکم کړل.,"If you would like to get more details on how our solutions work, visit our How it Works Page. Also, read our case study on NICE Software to see how we let enabled them to drastically reduced run times for CPU intensive applications such as seismic analysis and reservoir simulation software.",0.5731685
د ګوګل ژباړونکي د خلکو لپاره د کارولو لپاره د آنلاین ژباړونکي وسیلو څخه یو دی. دا د ژباړې لیکونو کیفیت سره د ژباړې څو وسیله ده چې د دې وسیلو په لوړوالي کې، د DeepL په څیر ښه نه ده. د ګوګل ژباړونکي د 100 څخه زیات ډیزاین وړاندې کوي او کولی شي په یو وخت کې د 30 000 نښانو ته ژباړه وکړي.,"Google Translate is one of the most popular online translation tools for people to use. It is a multilingual translation tool with a quality of translated texts at the height of its means, but not as good as that of DeepL. Google Translate offers more than 100 languages and is able to translate up to 30 000 signs at once.",0.5731056
د فارغ شوو متخصصو او مسلکي ځوانانو په مرسته د اقتصادي بنسټونو سمه رهبري او مدیریت د هیواد د اقتصاد په وده او پراختیا کې اغیزمن واقع کیږي.,"Well leadership and management of economic sectors through, update knowledge of fresh graduated students which can be effective in economic development.",0.5727328
زموږ موخه دا ده چې په منظم ډول وده وکړو او د صحي پیرودونکو اډو ترلاسه کولو فرصت په لاس راوړو چې زموږ د ودې ستراتیژی کې احساس احساسوي. موږ د کلونو په اوږدو کې د پیرودونکو کوچني اډې ترلاسه کړې دي او دا به دوام ومومي ځکه چې فرصت پخپله وړاندې کوي.,Our goal is to continue to innovate to grow organically while taking any opportunity to acquire healthy customer bases that make sense within our growth strategy. We have acquired small customer bases over the years and will continue to do so as the opportunity presents itself.,0.5714394
په Newport مرکزي کاتولیک د ليسې زده کوونکي او د پوهنځي د غړو په عمومي دروازې څخه بهر د grotto لپاره د موقت اساسي ران ډان یو rosary لمونځ خدمت کې ګډون وکړي. (د لوړ ښوونځي عکس کنسرټ),Studenti u membri tal-fakultà fil Newport Kattolika Ċentrali High School jattendu servizz talb rużarju għal prinċipal interim Ron Dawn fil-Grotta barra d-daħla prinċipali. (Korteżija Ritratt tal-iskola għolja),0.5694526
ځینې ویب کوربه تاسو ته اجازه درکوي چې د دوی سکین راپورونه وګورئ، پداسې حال کې چې نور یې په ساده توګه دوی د بسته بندۍ په توګه کار کوي. ځینې میزبان دلته د نورو په پرتله خورا پراخ انتخابونه وړاندیز کوي، مګر لږ تر لږه تاسو باید د دې وړتیا ولرئ د دې توان لرئ چې خپل سایټ د پخوانۍ نسخه څخه بیرته راستانه کړئ چې متاثره نه و.,"Some web hosts allow you to see their scan reports, while others simply perform them as part of the package. Some hosts offer more extensive options here compared to others, but the very least you need to be able to do is be able to restore your site from a previous version that wasn’t infected.",0.56876993
A: هو، د کوه ټیو په روغتون کې روغتیایی مرکز شتون لري. لطفا د چا څخه پوښتنه وکړئ کله چې تاسو د لارښوونو لپاره یاست.,"A: Yes, there is a medical facility on Koh Touch. Please ask someone when you are there for directions.",0.56617785
12 JEventDispatcher-> ټرک () JROOT / components / com_content / views / article / view.html.php: 193,17 Joomla \ CMS \ جدول \ جدول -> __ جوړونه () JROOT / منتظم / اجزاو / com_ ټیمونه / جدولونه / style.php: 30,0.5661535
په پلیرټوټو ګویمیر ، ټیرنیف کې د پلور لپاره درې د خوب خونه پراخه اپارتمان د سمندر څخه یوازې 80 متره او د ساحل څخه 400 متره لرې! ...,"Three bedroom apartment for sale in Puertito de Guimar, Tenerife! Spacious apartment just 80 meters from the ocean and 400 meters from the beach!...",0.5640505
"""د """"د لومړي ټولګي، ډیزاین، د لومړي ټولګي د توليداتو، د لومړي ټولګي د خدمت"""" اصل سره ژمنتیا، د خرڅلاو وروسته د خدمت د شرکت رياست کولای شي ښه-خرڅلاو مخکې برابر کړي ......""","Adhering to the “first-class design, first-class products, first-class service” principle, the after-sale service department of the company can provide excellent pre-sale ......",0.56403446
د براون نجونې به د تور ګل رنګ رنګ ډیزاین سره مینه وکړي؛ پته ټتو د دې ټایټ ډیزاین جوړوي چې حیرانتیا او ښکلی ښکاري,Brown girls will love the black flower ink design; foot tattoo this tattoo design make them look astonishing and lovely,0.56354547
٨ ځکه چه تاسو دَ ايمان په وسيله په فضل خلاصُون مُوندلې دې،دا ستاسو له طرفه نه نۀ،بلکه دَ خُدائ پاک بخښنه ده. ٩ اؤ دا دَ عملُونو په سبب نۀ ده،دَ پاره دَ دې چه څوک فخر ونۀ کړى.,"Our job is to understand what is good, so that we know what to ask for. The natural mind cannot understand this. But, when we offer ourselves as “a living sacrifice” and are transformed by the renewing of our minds, then we “will be able to test and approve what God’s will is—his good, pleasing and perfect will” (Romans 12:1–2).",0.5628111
په دې اړه فکر وکړئ چې تاسو به څنګه د کیک لپاره یو لارښود ولیکئ. تاسو به د کیک د مینځلو لپاره پیل ونه کړئ. پرځای یې، تاسو به د کوم اجزا سره پیل کړئ چې راټول شي او بیا د کیک جوړیدو مرحلو له الرې حرکت وکړي. تاسو کیدای شي د کیک د څرنګوالي څرنګوالي سره نږدې وي.,"You wouldn’t start with how to cut a cake. Instead, you would start with what ingredients to gather and then move through the stages of making the cake. You might close with how to cut the cake.",0.56248164
دا د خوښۍ خبره وه چې چایکنا یې درلوده د سینینیمیم لپاره زموږ ښوونکي په توګه. د کورس بشپړ مجموعی پوښښ او د موضوع په اړه د ښوونکو ماهرین دا په واقعیا سره زړه پورې او دلچسپي کړل.,It's been a real pleasure to have Chikanna as our instructor for Selenium. Overall good content coverage of the course and instructors expertise on the subject made it really interesting and exciting.,0.5624248
تورین - یو مشهور د اروپا بندر او د نړۍ فرهنګي شاخص - په عمده ډول دزاړه ښار. د ښار په دې برخه کې د XI - XV صدیونو ډیری ودانۍ ساتل شوي، په شمول د ډیرو لوی برجونو برجونه.,"In this part of the city preserved many buildings XI – XV centuries, including a huge number of towers. The country’s history is closely intertwined with the history of Rhashiya. Not once Estonia was part of the USSR, but always striving for autonomy.",0.56238663
"""د مایکروسافټ Azure د غوره غوره کلاشینګ ګمارلو څخه یوه ده،"" د سوداګرۍ پراختیا انالمي ټیک، ایلن اتیکنسن وویل. ""د FileCatalyst پلیټیټ په اسانۍ سره په بادل کې ځای پر ځای کیدی شي، او موږ د ازور سره یو ځای کیدو ته لیواله یو.""","«Microsoft parma caerulea deployments praesto est optimus nubes"" dixit Vice Praeses Unlimi-Tech Business Development, Alan Atkinson. 'Quod facile potest laxari FileCatalyst platform in nube, et erit dolor in integrating in parma caerulea. "" De Unlimi Software-Tech, Inc.",0.5618449
"""کله چې د FileCatalyst حل سوېټ ته ګورو، موږ ژر تر ژره ارزښت ولید. د انډول کولو، ویشلو او مدیریت څخه، موږ د دې لپاره ډیر خوښ یو چې په ترکیه کې زموږ پیریدونکو او مراجعينو لپاره د حل لاره پیدا کړو. ""د بلګیرک لپاره اجراییه ریس، حکان پیکیلین وویل.","Semu orgugliosi per avè resellate a Communa di FileCatalyst di i prudutti "". ""Quandu si prisintò a solu suluzione FileCatalyst, avemu vistutu immediatamente u valore. Ddu ingestisce, distribuzione è gestione, avemu assicuratu à furnisce un novu settore di suluzioni à i clienti è i clienti in Turchia "", disse Hakan Pehlivan, CEO di Bilgipark.",0.56051403
"Generally speaking,the main differentiating way on types of sleeves on women’s apparel is the length. And another determining factor is the way the sleeve is cut and how it fits around the arms. The type of sleeves tailored into women’s چنګکونه or جامې gives each piece of clothes a distinctive style,if you can wear it perfectly,the dramatic sleeves can make you be the fashion ELF.","When puffed sleeves combine with dull quiet pink brown and green,the stylish of retro and elegant will come out.Only with the most simple pure white, you will become more romantic and gentle, the design of pull sleeve will transport us back to زاړه د ویکتوریا مشغول .که تاسو د مidi یا میسسي سکرټ سره بوټو، نو تاسو به عصري او اوسني شي ښځینه په ورته وخت کې.",0.55831105
سی ایس ایس هغه سلیزه ژبه ده کوم چې د ویب پاڼې د HTML نښه کولو لپاره سجده کوي. د سی ایس ایس پرته، یو ګورت پاڼه به نور څه ونه ګوري بلکه لوی سپینه پاڼه چې په دې کې ځینې نامتو متن او عکس لري. CSS هغه شی دی چې پاڼه یې په زړه پورې کوي چې موږ څنګه غواړو.,"CSS is the styling language which is used to decorate the HTML markup of a web page. Without CSS, a web page would look nothing but a large white page having some unordered text and image on it. CSS is the thing that makes the page ideally how we want.",0.55803835
مونږ خوښ يو چې چې له 3 څخه تر 6 دسمبر 2019 موږ به په چين کې د شانګهای د نړيوال نندارتون د نوي مرکز په Labelexpo آسیا عادلانه وي تاسو ته خبر. ولاړ E3-L15. په دې نندارتون کې موډل کورمن-350 لېبل ليزر مړه پري ماشین ...,We are happy to inform you that from 3 to 6 of December 2019 we will be at Labelexpo Asia fair at Shanghai New International Expo Center in China. Stand E3-L15. The exhibition model LC-350 label laser die cutting machine…,0.5578977
5) پوښتنه: که زه اړونده محصولاتو ته اړتیا لرم چې زموږ د فاسټینرونو سره میچ کړئ لکه د هیکس ساکټ سر کیپ سکرو لپاره د هیکس الین کیلي (الین رنچ) ، ایا تاسو دا عرضه کولی شئ؟ کوم ډول ملاتړ شوي محصولات تاسو زموږ لپاره وړاندیز کولی شئ؟,"5) Q: If I need related products to match our fasteners such as hex allen key(allen wrench) for hex socket head cap screw, can you supply these?What type of supported products can you offer for us ?",0.55694216
د فاریاب ولایت په میمنه ولسوالۍ کې د لوی اختر خوشالي په غم بدله شوه د ډیوه راډیو او نورو خبري رسنیو د خبر له مخې په میمنه ولسوالۍ کې ديو جومات څخه بهرداختر دنمونځ په موقع ترسره شوي ځانمرګي بريد کې 45کسان د پنځو ماشومانو په ګډړن وژل شوي او 80 کسان ټپیان شوي دي .,"We were shocked to hear the sad news of the gory suicide incident in Mahmand Agency, FATA in which more than 50 innocent people were martyred and more than 80 were severely wounded.",0.5568937
"یو بل ځانګړي شی چې دوی یې اضافه کړي د WP شخصي همکار دی. دا ریښتینی انسان دی څوک چې د دوی نوي ویب پا withې سره پیرودونکو سره مرسته کوي له هغه وخته چې دوی لاسلیک کوي. ""دا هغه څه دي چې په ساده ډول پدې بازار کې شتون نلري.""","Another unique thing they've added is a personal WP assistant. This is a real human being who helps customers with their new website from the moment they sign up. “That is something that simply doesn't exist in this market.” The personal WP assistant gets to know the websites they are working with. They look at specific features, such as plugins, functionalities.",0.5561384
ډوی د موټرو سوداګریزه دنده لري او د خپل پیرودونکي مرکز پراختیا لپاره یوه ویب پاڼه جوړه کړه. څرنګه چې هغه یوازې د خپل مراجعینو د اډې زیاتوالی دی، احتمال لري چې د ډیجیټل ساده شتون ټول هغه سره وي چې د پیل کولو اړتیا لري.,"Dave has a locksmith business and set up a website to expand his customer base. Since he is only looking to increase his client base, it is likely that a simple digital presence can be all he needs to start off with.",0.5558189
د ترکیې غوښه خورا صحي او رژیم ګ .ل کیږي. او دا واقعیا ده. دا لږ زیان رسونکي کولیسټرول لري او دا په بشپړ ډول د بدن لخوا جذب کیږي. راځئ چې د ترکیې ډرمسټیک سوپ جوړ کړو.,Turkey meat is considered the most healthy and dietary. And indeed it is. It has little harmful cholesterol and it is perfectly absorbed by the body. Let's make turkey drumstick soup.,0.5546697
"h) ""لاسي او اتوماتیک سویچ 14"" ته ""لارښود"" ته واړوئ the د ""کاري ترتیباتو سویچ 13"" ته ""کار کولو"" ته واستوئ ، او اړونده ""پمپ 1 سویچ"" ""آن"" ته واړوئ.","h) Switch ""manual and automatic switch 14” to “manual”; switch the “working setting switch 13” to “working”, and the corresponding “pump 1 switch” to “ON”.",0.553937
له دې نیونې درې ورځې مخکې د ترکیې ساحلي ځواکونو د اجین په سیند کې هغه بیړۍ درولې چې (۳۱۰) کډوال یې یونان ته انتقالول. ساحلي ځواکونو خبر ورکړی چې د دغو کډوالو ډيری برخه افغانان او د سوريې وګړي وو.,"Three days prior to the arrests, the Turkish coastguard intercepted a vessel in the Aegean Sea carrying 310 migrants, heading towards Greece. The coastguard reported that most of the migrants onboard were from Afghanistan and Syria.",0.55358696
د افغانستان د اعتدال پالنې کمېټې نن خپله ناسته په سپېدار ماڼۍ کې د افغانستان اسلامي جمهوریت اجرائيه رئيس ډاکټر عبدالله عبدالله په مشرۍ وکړه. په دې ناسته کې لومړی د یادې اجرایوي کمېټې سکرتریت د تېرې ناستو او د اعتدال پالنې ملي استراتیژی...,"The meeting of the Executive Committee on Sustainable Development Goals was held on Tuesday, 13 November, 2018, under the auspices of Dr. Abdullah Abdullah, the Chief Executive of the National Unity Government to assess preparations for the...",0.5531882
تاسو شاید پوه شئ چې ستاسو په بریښنالیک کې غلطی به ستاسو د کار غیرمعمولي انځور وړاندې کړي. دا اړینه ده چې د سپیل چک چک کولو له لارې د لویو غلطو څخه مخنیوی وکړئ او ستاسو حتی د امکان تر ممکن حد پورې بیاکتنه وکړئ.,You probably know that errors in your mail will give an unprofessional picture of your work. It is essential to avoid gross errors by getting a spell checker and reviewing your spelling as much as possible.,0.5522654
د دې ترڅنګ ، د هر پوهنځي په ستراتیژیک پلان او ماموریت بیانیه به هغه هدفونه په ځان کې رانغاړي چې د ټولنې لپاره به ګټور وي او همدارنګه په ملي، سیمه ایزه او منطقوي پراختیا او پرمختګ کې به برخه واخلي..,"In addition, the mission statement and strategic plan of each Faculty includes goals that benefit society and contribute to local, regional and national development. 8",0.55222124
دا مهم دی چې بلاګ ورکونکي له 60-90 ورځو څخه دمخه خپل بلاګ کې په نښه کړئ. حتی کوچني بلاګونه اکثرا د ادارتي کیلنڈرونو سره کار کوي او مخکې یې پالن جوړوي، نو له دې وروسته یې د وروستیو دقیقو څخه مه پریږدئ. ډاډ ترلاسه کړئ چې خپل تحقیق وکړئ!,"It’s important to ask bloggers 60-90 days in advance to be featured on their blog. Even small blogs often work with editorial calendars and plan in advance, so don’t leave it to the last minute.",0.5509893
د ښځو مینځل د سټیلیل نظر به د ټیکټ په تور تور رنګ ډیزاین سره د موزیک ټایټ مینه وکړي. دا د ټایټ ډیزاین د پوټکي رنګ سره سمون لري ترڅو د سجیلا نظر راوړي,Women loving stylish look will love Music Tattoo with a black ink design on the ankle. This tattoo design matches the skin color to bring the stylish look,0.5503799
په حقیقت کې ، داسې نه ده. د لینک ودانۍ د ګوګل او لینک پراساس لټون څخه دمخه شتون درلود ، نو د دې ویلو لپاره چې د لینک جوړول د SEO تخنیک دی چې دا د لینک پراساس SEO سره مرسته کوي ، مګر دا نه کوي تړاو لري دې ته,"In fact, it's not. Link building existed long before Google and link-based search, so to say that link building is an SEO technique is a stretch— it helps link-based SEO, but it does not belong to it.",0.55023605
په بازار موندنه کې مناسب پانګه اچونه به دا ډاډ ترلاسه کړي چې ستاسو ویب سایټ هغه کلیدي لیدونکو ته چې تاسو یې غواړئ لیدل کیږي. دا به د لیدونکو یو منظم سټراټیټ چمتو کړي او ستاسو د ټولیزې کچې د لټون د انجن ویب پاڼو لکه د ګوګل په توګه ښه کړي.,Proper investment in marketing will ensure that your website becomes visible to the key audiences that you want. This will provide a steady stream of visitors and improve your overall ranking on search engine websites such as Google.,0.5480337
د کال 2011 راهیسې Leistungen fur Bildung and Teilhabe ( د زده کړې او ګډون لپاره ګټې ( ماشومانو، ځوانانو، او بالغ ځوانانو ته د هغوی د میاشتني عادي اړتیاو پوره کولو سره سره هغوی ته پام کوي,"Since 2011, Leistungen für Bildung und Teilhabe (benefits for education and participation) have been taken into consideration for children, teenagers and young adults in addition to their regular monthly requirements.",0.5480064
د کلیو د بیا رغونې او پراختیاوزیر ښاغلي جارالله منصوري د سرپل ولایت د بلخاب ولسوالۍ ته د یوه کاري سفر په اوږدو کې، د هغه سړک د پروژې کار چې هغه ولسوالي د هېواد د حلقوي سړک سره نښلوي پرانیست,H.E Jarullah Mansoori Minister of Rural Rehabilitation and Development during a business trip to the Balkhab district of Sar-e-Pul province inaugurated the work of that project which is connecting Balkhab district with the ring road of the country,0.5479586
باوري شه. په دې وروستیو کې، زه یو برنامه وټاکم چې ما په خپل غسل خونه کې د ښه معاش لپاره درلوده. زه د دې ځانګړي محصولاتو ځینې برخې سره ناشوني وم، نو ما دا پروژه بیرته واړوله.,"Be authentic. Recently, I was pitched a brand that I had in my bathroom for good pay. I was uncomfortable with some of the ingredients in this particular product so I turned the project down.",0.54772365
تاسو ممکن غواړئ د G + ټولګی جوړ کړئ او د بلاگرانو لپاره چې تاسو په کنفرانسونو کې لیدل شوي یو د ټویټر لیست جوړ کړئ، او په راتلونکی کانفرانس کې په یوځای کې سره یوځل بیا وینئ!,"You might want to build a G+ community and create a Twitter list for bloggers you’ve met at conferences, and do connect again in person at the next conference!",0.5476531
چاڼ او فشار تنظیموونکی یو واحد واحد په ګډه، او د مایعاتو د تیلو، په پايله کې او چټلی هوا پاکوي. لپاره ځانګړی درخواست، د معياري 40μm چاڼګر عنصر کیدای شي په اسانۍ سره د يو 5μm چاڼګر عنصر له خوا بدل شي.,"Filter en druk tafersjochhâlder kombinearje ien ienheid, en reinigt De komprimearre loft fan floeiber oalje, kondinsstripen en smoargens dieltsjes. Foar spesjale programma, de standert 40μm filter elemint kin maklik wurde ferfongen troch in 5μm filter elemint.",0.54728156
لکه څنګه چې تاسو د پورته پورته څخه لیدلی شئ، نظر دا دی چې د خپل پاڼې لپاره د موضوع سره راشي او بیا هغه پخوانی پوسټونه ومومئ کوم چې پدې موضوع کې شامل شي. تاسو باید پدې کې شامل وي:,"As you can see from above, the idea is to come up with a theme for your page and then find old posts that tie into that theme. You should include:",0.5459366
دا د 2006 تر څنګ دوام لري، کله چې یو قانون چې په هیواد کې د آنلاین انلاین قمارونو بندیز منع کړای شوی و روسی حکومت. تر هغه وخته، محلي پیرودونه د قمار کونکو ډیرو ویب پاڼو ته لاس رسی لري.,"The only authorized management body of the gambling activity is University of Iceland Lottery. This organization has a number of slot machines, which were legalized in 1994, near bars and gas stations.",0.5446913
د فاضله ګڼو یادونه مه کوئ، د خام تیل چې د مالک لخوا تیریږي. د حيواناتو د ضايع کولو په شمول چې د چاپېريال چاپېريال ويجاړ او خرابوي.,"Not to mention waste pulp, palm oil that is thrown away by the owner. Including animal waste that is scattered and disturbing the surrounding environment.",0.54396725
"نینسی ای شینکر، د اجراییه رییس، د سونګ مارکیټ مارکیټ او د هغه مالک بد هلک، ښه سوداګریزه بلاګ، بلاګ کول و ، لکه څنګه چې هغې ورته وایی ، ""د بلاګ له زیږون راهیسې."" ویل اړینه نده ، هغه د هغه څه په اړه خورا ډیر څه زده کړل چې ستاسو د بلاګ کلونه کلونه او د ګوګل د بدلونونو له لارې بریالي ساتي.","Nancy A. Shenker, CEO, theONswitch Marketingand owner of the Bad Girl, Good Business blog, has been blogging, as she puts it, “since the birth of the blog.” Needless to say, she's learned quite a bit about what it takes to keep your blog successful over the years and through Google's changes. Her best advice includes:",0.5436501
ISO4427 / AS / NZS4130 / BS EN 12201 معياري پارچه پایپ، له سره د SDR11، SDR13.6، SDR17، SDR21 & SDR26 فشار درجه dn20-1200mm شته، د لوړ کیفیت تضمین سره د 15 کلونو کې تر ټولو غوره عمده پلور بيو سره. له SUNPLAST د پارچه د اوبو رسولو پایپ زیات تفصیل لپاره له مونږ سره اړيکه !!,"Basic Info Model NO.: Equal Tee Specification: 16, 20, 25, 26, 32 HS Code: 74122090 Trademark: Sunplast/ OEM Origin: China Product Description Compression fittings in brass for Multilayer Pipes Size: 16mm, 18mm, 20mm, 25mm, 26mm, 32mm Material: hpb58-2, CW617, hpb59-1, DZR With/without nickl...",0.54222316
د دغه ماشين ماشين، د برېښنا او د هایدرولیک د ادغام د پلي کولو، د ناظم هوښيار کنترول ټوله پروسه، سمبال معلومات او خارجي آله، هیدرولیک د لیږد د مطلوب، هیدرولیک خوځښت کمپرسی اچوو، د ښه د خښتو د compactness ترلاسه کړي.,"The implementation of this machine machine, electrical and hydraulic integration, the whole process of PLC intelligent control, equipped with data input and output device, hydraulic transmission to achieve the ideal, hydraulic vibration compression molding, the better the compactness of bricks.",0.54184186
قمار كولو په قمار كولو كې د قمار كولو د سكټور تېر كال عوايد عايدات د 4 ميلياردو امريكايي ډالرو ته رسيږي.,The future of gambling in Denmark Gambling in Denmark began to develop rapidly after the introduction of new laws last yearXCHARXs gross revenues of the gambling sector amounted to 4 billion DKK.,0.5411233
تفریح او د ویدیو د لوبې په بڼه، د بونس سیسټم څخه مننه مننه، دا تاسو ته بیلابیل درسونه وړاندې کوي کوم چې تاسو د موضوعاتو وروسته نوې کلمې راوړي. د تمرینونو سره سم واورئ، ولیکئ او ولیکئ او هر بریالي درس تضمین کړئ چې تاسو یې په ګوته کوئ چې راتلونکی کچه به تاسو ته لیږئ. دا طریقه د ژباړې تمرین پر بنسټ ولاړه ده.,"Fun and in the form of a video game thanks to its system of bonuses, it offers you different lessons that bring you new words of vocabulary following the themes. Listen, read and write according to the exercises and each successful lesson guarantees you points that will take you to the next level. The method is based on the translation exercise.",0.5397362
کله چې دا ستاسو د بلاګ سره راځي، په هغو کسانو تمرکز مه کوئ چې تاسو ته نږدې وي. د نظریاتو لپاره په مختلفو موضوعګانو بکسونو ګډون کول، یا د آرٹ، کتاب، تلویزیونونو، فلمونو، کنسرټونو، او نورو وسایطو څخه د انسپکولو بریا کول.,"When it comes to your own blog, don’t just focus on those who are closest to you. Try subscribing to blogs on all different topics for ideas, or gleaning inspiration from art, books, TV shows, movies, concerts, and other mediums.",0.5387192
منویل تیاتر. پته: 115 Triq it-Teatru l-Antik، ویلټلا. دا په هیواد کې تر ټولو زوړ تیاتر دی، چې د زینجسمې پیړۍ کې جوړ شوی د ګردي ماډل منیل دي ویلهو له خوا جوړ شوی. دلته د سیٹونو، جامو او انځورونو ټولګه ذخیره کیږي.,"Manoel Theater. Address: 115 Triq it-Teatru l-Antik, Valletta. It is the oldest theater in the country, built in the 18th century by order of the Grand Master Manoel de Vilho. Here are stored the collection of sets, costumes and paintings.",0.5374236
د zlp630 لړۍ ځنډول شوي پلیټ فارم په ډیرو برخو کې کارول شوي، د بیلګې په توګه، د بهر دیوال جوړونه، ډیزاین، پل جوړونه، د چیمني مینځنس او داسې نور لپاره، ځکه چې ټیکونګی بالغ دی، د کار کولو لپاره اسانه دی، نو ډیر نور خلک یې منل کیږي.,"zlp630 series suspended platform have been used in many aspects,for examples,exterior wall construction,decoration,bridge construction,chimney maintence and so on,because the techonogy is mature, easy to operate,so more and more people accept it.",0.53583765
دونګ Sensitar ماشين دفابريکي Co.، Ltd. دی دواړه په کور کې د حیواناتو د کثافاتو د پروټين د انتقال په پروسه يو نامتو عرضه کوونکي او abroad.Our شرکت اجازه فشار بېړۍ سند (د سند د No.TS2237474-2016) دشهيدې certificate.Our شرکت په وژل حیواناتو ضرره لاستی ایپدیمولوژۍ او ایسته دولتي ...,"Shandong Sensitar Machinery Manufacturing Co.,Ltd. is a famous supplier of animal waste protein handling process both at home and abroad.Our company owned authorized pressure vessel certificate(Certificate No.TS2237474-2016),CE certificate.Our company majored in dead animal harmless handle and recycle…",0.53495896
د فلزي کین کین کینین ماشین اتوماتیک روټري جار پاپ کولی شي د ټچ سکرین کنټرول سیسټم سره د سیل کولو تجهیزات کیپ کړي,Metal cans canning machine automatic rotary jars pop can capping sealing equipment with touch screen controlling system,0.5335208
نارینه مینه لري چې د خپل په سینه کې د خدای ټایټ سترګې پټ کړي. د ټټټو ډیزاین د دوی د جنګي طبيعت ښکارندوي کوي.,Men love to have an Eye of God Tattoo on their upper chest. This tattoo design shows their hunky nature.,0.5303074
– د دوديزې اړیکو له خوا â € “”ده TCPIP کاروي. پالنګر د اضافي ساکټ ته وقف بيا سازونې پرانيستل شوه.,Kiam sendis la servilo devas interpreti ĝin kiel peto por re-agordi. – Per konvencia komunikado â € “”uzante TCPIP. La servilo malfermas ekstraj socket dediĉita al re-agordo.,0.529857
د کاري وده (د سوداګرۍ فرصتونو پراختیا د ټولو صنعت سکتورونو په بازار کې چې د سکم طریقې اختیار کوي د پراختیا فرصتونه پراخ کړئ. د سکیم ټیم غړي لکه پراختیايي او د تولید خاوندان کولی شي د PSM او PSPO په اړه زده کړي),Career Growth(Expand your career opportunities by positioning yourself ahead in the market across all industry sectors adopting scrum practices. Scrum team members like developers & product owners can learn about PSM and PSPO),0.5293979
د لوړې ګوګل PR سره بلاګونو باندې پوسټ کولو په اړه هیر کړئ مګر د صفر لوستونکي - دا تمرین په ساده ډول په 2015 کې نور کار نه کوي.,Forget about posting on blogs with high Google PR but zero readers – this practice simply doesn't work anymore in 2015.,0.52894074
فرشتہ ټاتوس په مختلفو شکلونو یا مفکورو کې راځي. دا ټول هغه څه دي چې تاسو یې غواړئ په بدن کې ښکاره کړئ. لکه څنګه چې دا د بدن د یوې برخې برخه اخیستې ده، د دې یو ټیکټ ټټ ډیر ښکلی دی او حتی محرمیت هم شتون لري. انځور سرچینه,Angel tattoos come in different shapes or concepts. It all depends on what you want to display on your body. A back tattoo like this is so lovely and even confidential because of the part of the body that you have placed it on. image source,0.5264036
gpmtrad {څخه په فبروري کې، د 2013 کال په لومړيو شخصي commentari es کې نیولو سره، زه اوس باید دا ومني زه لاره هم وه …} – Thu، 10:01 AM,"gpmtrad { Recalling earlier personal commentari es from February, 2013, I must now admit I was WAY too … } – Thu , 10:01 AM",0.52626145
I.دا د تطبیق وړ ده. د عناصرو بدلولو پرته ، د مختلف شکلونو او اندازو بوتلونه کولی شي سمون او ځای په ځای شي.,There is no filling when the bottle doesn’t exist. Liquid level controls filling automatically. It has a nice appearance. 4.It is applicable.,0.5260694
د براون نجونې به د تور رنګ رنګ ډیزاین سره مینه وکړي د ګل ټیټ ټیټ په خپل کم لاس کې. دا د ټایټ ډیزاین جوړوي چې حیرانتیا او ښکلي ښکاري,Brown girls will love the black ink design Rose tattoo on their lower arm; this tattoo design make them look astonishing and lovely,0.52501935
د ۲۰۱۹ کال د جولای په ۲۹ مه د یوه کډوال لخوا د ۸ کلن ماشوم تر وژنې وروسته، سیاستوالو له سویس سره د جرمني پوله کې د سختو امنیتي تدابیرو غوښتنه وکړه.,Politicians are calling for heightened security measures at Germany’s border with Switzerland after an eight-year-old boy was killed by a refugee in Frankfurt on Monday 29 July.,0.5244895
که تاسو د کیک چک سلادونو پرستار یاست ، نو دا ترکیب ستاسو لپاره دی. سلاد خوندور او د چمتو کولو لپاره اسانه دی ، د ملګرو لیدو لپاره مناسب او,"If you are a fan of crab stick salads, then this recipe is for you. The salad is delicious and easy to prepare, suitable for meeting friends and",0.5236205
د روان ۱۳۹۳ کال د جوزا میاشتې په ۳ مه نیټه د مخابراتو او معلوماتي ټکنالوجۍ وزارت تخنیکي مرستیال ښاغلي بریالی حسام لخوا په میدان وردک ولایت کې د سلام شبکې خدمتونه پرانستل شو.,Minister of Communications and Information Technology (MCIT) H. E. Amirzai Sangin leading a delegation visited Paktika province on Thursday13 February 2014. In this visit Minister Sangin inaugurated Fiber Optic project and Salam Network service in Paktika province. H. E Sangin and his companion delegation faced warm welcome by the officials and people of Paktika province.,0.52196217
د فولادو د صنعت د خامو موادو تر ټولو اساسي صنعت، د اشغال د خپل هېواد د اقتصاد د پرمختګ په مهم حالت، د 80 د راهيسې، زموږ په هېواد کې د فولادو د صنعت چټک پرمختګ سره په توګه، په 1999 کال کې چین کې د پولادو د تولید په رسمي توګه د 100 ميليونه ټنه د ننوتلو، تر T ...ادامه مطلب »,"China’s industrial output grew 6 per cent in June from a year earlier, with a forecast of 6.5 per cent, up from 6.8 per cent. Among them, steel, cement, non-ferrous metal, automobile, car and crude oil processing volume and other key industries all slowed down. However, crude steel producti...Read more »",0.52168703
"لیکوال : مسعود جهش | ډول : د رسنیو مقالې | دخپریدو نیټه : ۲۰۱۵ - جولای - ۲۷ | منبع : دویچه ویله | نور کلیدي موضوعات : , بریښنا, چک, د افغانستان آبي حوزې, د افغانستان اوبه, د افغانستان په اقتصادي وده کې د اوبو حیاتي ونډه, د افغانستان سیندیزې حوزې, د اوبو بندونه, د بر, د بریښنا ظرفیت, سلما, کجکی, نغلو, وردک","In addition to ensuring sustained access to water resources within the country, Afghanistan for example, can secure access to sea and trading ports, to the benefit of both the agricultural and industrial sectors.",0.5204359
نیواکګرو د دموکراسۍ مقوله تردې چټله کړه چې آن تردې روسانو پر افغانستان باندې د خپلو لښکرو راماتونې پرمهال د سوسیالیزم مقولې سره دومره خیانت نو کړی. نو یو زرو یووم ځل لپاره دا جوته شوه چې د خپلواکۍ او نیاو په نه شتون کې دموکراسي هیڅ معنی نه ورکوي.,"The occupiers have demolished the idea of democracy in a fashion that even the Russians had not done to Socialism with their invasion of Afghanistan. Now, for the thousandth time, it has been proven that democracy without independence and justice is void and meaningless.",0.52033275
اړونده اړیکو باید هم هغه احساس احساس کړي چې کوم شرکتونه یې اړیکه لري او د لوستونکو د موټر چلولو مخه نیسي. د ټیک سکلینګ څخه انینیا ډبوو په ساده لیست کې د داسې کار کولو خطرونه په ګوته کوي:,Contextual links should also make sense in terms of which companies to link to and what to do to avoid driving readers away. Ananya Debroy from TechSling puts the dangers of not doing so in a simple list:,0.51954854
â € ¢ HRP نرم بر ارزیابی های مورد نیاز برای این ویژگی ها و اندازه گیری که تا چه حد آنها وجود داشته باشد، توسط بر اساس:,â € ¢ Krei funkcia fleksebleco â € ¢ Dezajno laborpostenojn provizi apriora motivado â € ¢ Emphasise teamo laboranta,0.5181723
د حاصلاتو ځواک او د ټینسۍ ځواک دوه چنده کړئ کله چې د 400 سره مقایسه شي. پلس ، دا نور هم قوي کیدی شي,"the yield strength and double the tensile strength when compared with alloy 400. Plus, it can be further strengthened",0.5178008
موشه یعلون دخپلی خبری په ترست کی د هرتزلیا امنیتی کنفرانس کی وویل چی غواړی ځان د صدراعظمی دپاره کانده کړی.,"“Once foreign forces have been exiled we foresee success. God willing, when Nato leaves it will be as it was before... the Islamic Emirates of Afghanistan.”",0.51772606
تاسو پوستکی وقف کړی دی، دا به لاهم د غوږ د ټټی پواسطه دا ښکلی لرونکی وی. A #ټایټ لکه څنګه چې دا ممکن تاسو د خلکو څخه دباندې ودریږي. ته څه فکر کوی؟,"You have dedicate skin, it would still cool to have this cute behind the ear tattoo. A #tattoo like this is likely to make you stand out of the crowd. What do you think?",0.5177184
دا څه معنی دا ده چې کراس په الهی عقیده دی او د سم لوري الرښوونه کوي. د تاج هر یو کیدی شي د مختلفو شیانو معنی ولري چې هغه کس چې کیدای شي انفرادي کس غواړي چې حاضر وي. انځور سرچینه,What this means is that the cross is believed to be divine and will lead to the right direction. Each of the crown may mean different things depending on what the individual may want to present. image source,0.51723963
کوربه کول د سایټ جوړونکي په توګه د ویکس رول سره یوځای بسته شوي ، نو دا اساسا د ویب پا creationې رامینځته کولو لپاره یو سټاپ پلورنځی دی! دا په ځانګړي توګه د وړو سوداګرۍ لپاره ګټور دی چې اصلي وړتیا یې په ټیک کې ندي.,"Hosting is packaged together with Wix’s role as a site builder, so it’s basically a one-stop shop for website creation! This is especially useful for small businesses whose core competency is not in tech.",0.5168651
نن ورځ، د ټویټر نور ډیری پیرود ژر تر ژره، لی د سوشل کټ په څیر د وسایلو وړاندیزونه وړاندیز کوي ترڅو په ټویټر کې د خلکو موندلو او تعقیب پروسه سمبال کړي.,"People could easily find you, too.” Today, to get more Twitter followers quickly, Lee recommends using tools like Social Quant to automate the process of finding and following people on Twitter.",0.51642686
ورځپاڼې یوه خورا ښه ورڈپریس موضوع ده چې د ورته ځانګړتیاوو او فعالیتونو ډیری وړاندیزونه وړاندې کوي چې نور لوړ ویروس ځایونه لري. موضوع پخپله د Buzzfeed، Distractify، او Upworthy څخه ډیزاین عناصر ګوري.,"Newspaper is a great WordPress theme that offers a lot of the same features and functionality that other top viral sites have. The theme itself borrows a lot of design elements from Buzzfeed, Distractify, and Upworthy.",0.515628
2) گفتمان مذهبيي تجدّد ستيزکه ظهور تجدّد ودمکراسي سياسي را خطري براي موجوديت خود مي دانست وبويژه باهرتغييري درنقش زنان خصومت مي ورزيد.,"_______, The Iranian Constitutional Revolution, Grassroots Democracy, Social Democracy, and the Origins of Feminism, New York, Columbia University Press, 1996, chap. 5.",0.5139718
موږ ټول خبر یو چې د بلاګ پوسټونه یوازې لیکل زموږ پایلې نه ترلاسه کوي. زموږ بلاګ اړتیا لري لیدونکي ولري چې مطالعه کوي او د مینځپانګې سره ښکیل وي.,We all aware writing blog posts alone won't get us results. Our blog needs to have an audience that reads and engages with the content.,0.51362777
سرلیک - د کارن لپاره به څه وښودل شي؟ دلته دلته د __ () فعالیت کارولو لپاره خورا مهم دی، دا هغه فعالیت دی چې د بهرنیو ژبو کارونکو ته د پوپو فایلونو سره ستاسو پلگ ان ترجمه کول (پرته د فلیلین فایلونه سمبالول),"Here it’s important to use the __() function, it’s the function that allow users from foreign languages to translate your plugin with .po files (without editing plugin files)",0.51136994
ویب پاڼه 123 حتی د یو مخ پاڼې ویب پاڼې جوړولو لپاره کارول کیدی شي، کوم چې تاسو د پورٹ فولیو ویب پاڼه جوړولو لپاره غواړئ یو خورا ښه ځانګړتیا وي.,"Also, Site 123 lets you access free image and icon libraries. This is a thoughtful feature because choosing the right images is a big part of building a beautiful website.",0.5106934
heat د درې اړخیزه تودوخې تحلیل ډیزاین】 څو اړخیز ګریندر څو تودوخې تحلیل خلاصونه لري چې کولی شي تودوخه په اغیزمنه او مؤثره توګه تحلیل کړي او د وسیلې ژوند وغزوي.,We are happy to answer any questions you may have 【Three-dimensional heat dissipation design】 The multi-purpose grinder has several heat dissipation openings that can dissipate heat quickly and effectively and extend the life of the device,0.5095912
موږ باید د نڅا په اړه هم ووایو. په رسمي ډول ، دا په سپورتونو کې نه پلي کیږي ، مګر دوی تاسو ته اجازه درکوي په فزیکي توګه د بدن وده وکړئ ، له یوې خوا ، د پلاستيک جراحي رامینځته کړئ ، او ستاسو د بدن کنټرول زده کړئ. په بدن باندې ډیر بار نه پیښیږي. دا اختیار یو له غوره څخه شمیرل کیدی شي.,"We should also say about dancing. Formally, they do not belong to sports, but they allow you to develop the body physically, on the one hand, to instill plastic surgery, and learn to control your body. Excessive load on the body does not occur. This option can be considered one of the best.",0.508993
اغېزمنتوب د بلب موثریت د بریښنا بدلولو لپاره روښانه کول په واټ کې لیمین ډیر اغیزمن بلبونه د لږ انرژی په کارولو سره نور رڼا چمتو کوي,Efficacy The efficiency of the bulb to convert electricity into light Lumens per Watt More efficient bulbs provide more light using less energy,0.50886136
مشتریان ډیری وخت د ټرافیکو د لوړې کچې لپاره ډیرې پیسې ورکوي، نو اوس د مثبتو وخت دی چې ستاسو نرخونه لوړ کړي، حتی د تورپینګ په څیر د بلاگر ګروپونو کې. که تاسو لا تر اوسه چارج نه کوئ، دا د پیل کولو لپاره خورا ښه وخت دی. زه ستاسو په بلاګ باندی د راکټونو په اړه مشوره نه لرم نو تاسو د پیچونو سره انعطاف وړ وی.,"Advertisers often pay more for higher end of year traffic, so now is the ideal time to raise your rates, even at blogger groups such as TapInfluence. If you don’t yet charge, this is a great time to start. I don’t advise putting rates on your blog so that you can be flexible with pitches.",0.5084499
لکه څنګه چې تاسو په منظم ډول د میلمنو پوستو فرصتونو ته زمینه برابره کړئ نو تاسو کولی شئ په سایډونو کې کم او په عمومي مرحله کې نور کار وکړو,as you land more guest posting opportunities on a regular basis you can practice less in the shadows and more on a public stage,0.5082772
اَللّهُمَّ اغْسِلْنى فيهِ مِنَ الذُّنُوبِ، وَطَهِّرْنى فيهِ مِنَ الْعُيُوبِ، وَامْتَحِنْ قَلْبى فيهِ بِتَقْوَى الْقُلُوبِ، يا مُقيلَ عَثَراتِ الْمُذْنِبينَ.,( ØªÙ Ø³Ù Ø± Ø§Ù Ø¹Ø³Ù Ø±Ù Ø¹Ù Ù Ù Ø§Ù Ø³Ù Ø§Ù : Øµ 341 ) Lâ Imam (Paix sur Lui) a dit:,0.50761604
افغان حکومت او امریکا ممکن د طالبانو څخه د اوربند غوښتنه ولري، داچې په ټول هیواد کې په یو وخت کې د جګړې اړوند اوربند بهمشکل وي، ممکن په ځینو نورو لارو چارو هم فکر شوی وي، البته که مذاکرات مخکې ولاړ شي.,"Unrecognized by the mainstream media and post-mortem eulogy, notwithstanding an indictment as a war criminal for facilitating massacres in the post-Soviet period, and as with the late Ahmad Shah Massoud, Burhannudin Rabbani supported the concept of a partitioned Afghanistan, a ‘Greater Tajikistan’, was decidedly anti-Taliban and on record as a high-office politician for sale to the highest",0.5075194
دا، ما فکر اوتوبه ښه، خو يوازې د مخه موږ ته پوښتنه، ما فکر کاوه: ښايي دا ټول د دا د املاکو له ده خو بيا دا ښه سينمايي.,"This, I thought sounded good, but just before we were to ask, I thought: Maybe this is a scam all of it but then it turns out well.",0.50677365
یو مهم بدلون بدل کړئ یو بدلون غوره کړئ کوم چې معاملې کوي، لکه د اپیک او پلور. د مشتریانو د چلند د پوهیدو لپاره په زړه پورې ازموینه خورا په زړه پورې ده، مګر د حقیقي سوداګرۍ د پیاوړتیا د موخو لپاره ازموینه به تاسو تمرکز وکړي.,"Adding items to a shopping cart, signing up for your newsletter, or viewing a critical section of your website are good goals. Test on actions that people take regularly, so it doesn’t take as long to get your data. Choose an important conversion goal Choose a conversion that matters, such as opt-ins or sales.",0.50644505
ټول پوهنځي د خپلو داخلو انتظام کوي۔ مهرباني سره د پوهنځي سره نيغ په نيغه اړيکه اوکړۍ چي څه قاعده غواړي۔,"Each school handles admissions to their programmes themselves. Contact the school directly, so you know which rules apply there.",0.5063008
سلام، زه د هندوستان څخه په کور جوړ شوی یم. تاسو د محصولاتو د سیسټمونو ډیر ښه ډولونه لرئ. ایا دا پو ...,"Hi, I am a home-based sewer from India. You have so many good varieties of sewing products. Is it po...",0.50608027
د کلیوالو ښځو د ژوند بدلول د حکومت د پروګرامونو په سر کې قرار لري محمد ګلاب منګل د ننګرهار ولایت والي وټاکل شوي,"In an interview in the magazine Deutsche Welle that was included in a recent press release from the National Security Network, Phurnzile Mlambo-Ngcuka, executive director of UN Women, said that ""Since the2001 fall of the Taliban regime, Afghanistan has made important strides in promoting women’s rights, the protection of women and girls, and the participation of women in decision-making.",0.50393194
په نامه مشهور دی چې د ټولو، د نشه ګودامونه له نورو ځایونو توپیر دي. ځکه چې دوی په توګه د کیمیاوي محصولاتو زیرمه شوي دي، چې د چاپېريال د حرارت او رطوبت د غوښتنو سره ډېر سخت. د نشه يي توکو پرتو څارنې د سيستم د کمپيوټر اصلي بدن، جامع کشف آلې په توګه اشاره کوي ...,"As is known to all, drug warehouses are distinguished from other sites. Because they are stored as chemical products, the requirements for environmental temperature and humidity are very strict. The drug remote monitoring system refers to the computer as the main body, integrated detection device...",0.503753
ب) د اجراآتو PollMouse (var mx، زما: کلمه؛ var lb.rb.bb: څرګندکه)؛ {mx، زما = اوسني موږک همغږي lb.rb، bb = ریښتیني که د استازیتوب د تڼی راوړی},"b) Procedure PollMouse(Var mx, my : word; Var lb.rb.bb : Boolean); {mx,my = current mouse coordinates lb.rb,bb = True if corresponding button is pressed}",0.5031307
هغه محصلین چې د سند تصدیق کورس کې کیدلی شي کولی شي د دوی په واک کې کوم کورسونه واخلي. د ماسټر او ایسوسیټیټ ډیپلومات باید زده کونکي ټول پروګرامونه په پام کې ونیسي چې خپل پروګرامونه بشپړ کړي. اوس مهال، زموږ پروګرامونه د برقی کورسونو وړاندیز نه کوي.,"Students enrolled in the Certificate Course can choose what courses to take at their discretion. Students in the Master and Associate degrees must take all the courses listed in their respective programs in order to complete their programs. Currently, our programs do not offer elective courses.",0.5029944
"10 بررسي اثر جايگزيني شيره انجير بر خواص فيزيکي کيک جعبه اي. مجله نوآوري در علوم و فناوري غذايي 2 - M. Kalantari, A. Fazl ara, S. Boostani, S. Asadollahi, Sh. Shekarforoosh","2 Effect of spray drying conditions on the physicochemical properties of barberry (Berberis vulgaris) extract powder. International Food Research Journal 22(6) - Niakousari, M., Maskooki, A. and Mortazavi, S. A.",0.50281334
د هغه په وینا، ممکن د لویدیځ په نیت له درې تر څلورو میلیونو افغان ځوانان له خپلو کلیو وتلي وي، دوی دلته مخه کړې. دوی جرمني او برتانیا ته مخه کوي او دا به خامخا اغیز کوي، که چیرې د دوی وطن سقوط وکړي.,"They are heading to Germany or Britain and that could be the consequence if this entire country collapses,” Sir Fallon said. He also stressed the need for NATO forces to be present in Afghanistan for the sake of protecting democratic values.",0.5027845
که حسابونه departmentâ € ™ نوم تار â € ~ACCOUNTSâ € ™ ده نو â € ~Acc.sâ € ™ PR â € ~Book ساتلو & accsâ € ™ به نه؟,If the Accounts departmentâ€™s name String is â€˜ACCOUNTSâ€™ then â€˜Acc.sâ€™ pr â€˜Book-keeping & accsâ€™ will not do!?,0.5013124
د ورڈپریس برخلاف ، اوپن بلګ ستاسو د اډمین پینل کې دننه د ټیمپلیټ بدلونونو ته اجازه نه ورکوي. تاسو باید بدلونونه په لاسي ډول وکاروئ او بیا د FTP له لارې فایلونه اپلوډ کړئ.,"Unlike WordPress, OpenBlog doesn't allow template modifications from inside your Admin Panel. You will have to apply the changes manually and then reupload the files via FTP.",0.49893877
په پيل کې اغلې سپارواسر جمهوررئیس ته په بروکسل کنفرانس کې د افغانستان حکومت د بریالیتوب او د هغه د ښو پایلو په اړه مبارکي ورکړه او زیاته یې کړه، افغانستان لپاره د نړیوالې ټولنې د ژمنو دوام ګران ښکاریده، ځکه زموږ شرایط سخت او بین المللي بحرانونه موجود وو.,"They include former Under Secretary of Defense for Policy Michèle Flournoy, former NATO Supreme Allied Commander Admiral James Stavridis, and former U.S. Ambassador to Afghanistan Ryan Crocker, among others. RFE/RL’s Heather Maher talked to Shafi Sharifi, the group's communication director.",0.49863774
د مجراو کروندګرو لپاره ګټه دا ده چې دوی خورا ارزانه او تقریبا وړیا دي، آن د ترانسپورت په اساس، دوی هم خورا لږ دي.,"The advantage for maggot cultivators is that they are very cheap and almost free, even in terms of transportation, they are also very minimal.",0.49715638
A: د کوه رونګ ټاپو د لیدلو لپاره ترټولو غوره وخت د نومبر په نیمایي او د مۍ په منځ کې دی. د دې میاشتو په جریان کې به تاسو د وړو بادل او ټیټ نمیدو سره ښایسته ګرمې ورځې ولري. تاسو ته د تیر کال په پرتله د منځنۍ تودوخې د پام وړ مفکوره درکوي:,A: The best time to visit Koh Rong Island is between the middle of November and the start of May. During these months you’ll have beautiful hot days (25°C – 40°C) with very little cloud and low humidity. To give you a rough idea of the average temperatures over this past year:,0.49557883
قَالَتْ رَبِّ إِنِّي ظَلَمْتُ نَفْسِي وَأَسْلَمْتُ مَعَ سُلَيْمَانَ لِلَّهِ رَبِّ الْعَالَمِينَ. (سورة نمل الاية ٤٤),"Narrated Imam Ahmed, Abu Dawud and At-Tirmidhi on the authority of Sa'd Ibn Abu Waqqas his statement upon the ordeal of `Uthman Ibn `Affan that reads: I testify that Allah's Messenger (Peace be upon him) said:",0.49491948
شهید محمد شیفیق شخصیت او کارنامو څخه د نمانځنی په بین المللی سمینار کی د افغانستان د اسلامی جمهوریت د بهرنیو چارو وزیر جلالتمآب صلاح الدین ربانی د وینا بشپړ متن,Brussels Conference on Afghanistan Main Event - Closing Speech by H.E. Dr. Abdullah Abdullah Chief Executive of the I.R. of Afghanistan,0.49343714
ګولډن لیزر ټیوب / پایپ ليزر د پري کولو ماشین P3080 تدبیرونه نیسي تر ټولو عصري فايبر ليزر resonator N-رڼا / IPG، او وارداتي فايبر ليزر د پري سر Raytools، د ګډو ځان ډیزاین، gantry CNC ماشين او لوړ قوت ولډنګ body.And خپل پروسس تيوب اوږدوالی 6m، 8m، تيوب قطر Φ20mm-300mm، پروسس دیوال ضخامت کولای شی تر 22mm وي.,"Golden Laser tube / pipe laser cutting machine P3080 adopts most sophisticated fiber laser resonator N-light / IPG,and imported fiber laser cutting head Raytools,combining self-design ,gantry CNC machine and high strength welding body.And its processing tube length 6m,8m, tube diameter Φ20mm-300mm, processing wall thickness can be up to 22mm.",0.49198544
په دغه ورکشاپ کې د کلیو د بیارغونې او پراختیا وزارت ۳۰ تنو مرکزي او ولایتي رئیسانو په جندر پورې د اړوندو موضوعګانو څخه د لا پوهاوي د ترلاسه کولو په موخه خپل نظرونه شریک کړل.,The workshop was attended by 30 central and provincial Rural Rehabilitation and Development Heads. In order to gain access to further information about the Gender they shared their view points with each other.,0.4907367
د براون نجونې به د میګ او شنه، ګل رنګ رنګې ډیزاین سره د پاکاک ټایټ سره مینه وکړي؛ دا د ټایټ ډیزاین انټرنېټ او ښکلا جوړوي,Brown girls will love the Peacock Tattoo with pink flower ink design on their lower arm; this tattoo design make them look astonishing and lovely,0.4904639
یوازې دا چې موږ په ورته پاڼه کې یو، دلته د بلاګ کولو کولو ځینې ګټورې ګټې دي:,"Every time you post a new blog, customers are drawn back to your site to read it. From there, it’s just a short hop and a step to your product pages.",0.48967212
اجرائیه رئیس په کابل کي‌ د ملګرو ملتونو د کډوالو د عالي کمیشنرۍ له مشري سره د کډوالو په اړه پر جوړېدونکي درې اړخیزي غونډي خبري وکړې د افغانستان د اسلامي جمهوریت اجرائیه رئیس ډاکټر عبدالله عبدالله نن په کابل کي د ملګرو ملتونو د کډوالو د...,"The Chief Executive: We will Deal with the Youth Problems, Especially the Youth of Panjshir Dr. Abdullah Abdullah, Chief executive of the Islamic Republic of Afghanistan today met with a number of the youth of Panjshir and spoke about...",0.48870212
در زیر خلاصه و پرسش و پاسخ از مایکروسافت دینامیک NAV و راهنمای مجوز مایکروسافت دینامیک دکتر خانوادگی تان است. اطلاعات دقیق در زمان نوشتن است.,Dan li ġej huwa sommarju u FAQ tar-Microsoft Dynamics NAV u gwida liċenzja Microsoft Dynamics GP. L-informazzjoni hija preċiża fiż-żmien tal-kitba.,0.48829445
د کاردان پوهنتون د ژورنالېزم او اړیکو څانګې ګڼ شمېر محصلینو کابل ښار کې د چاپېریال او شنو سیمو د ساتنې په تړاو د عامه پوهاوي کمپاین وکړ. په دې کمپاین کې د یادې څانګې د لومړي او څلورم سمسټر محصلینو، د ...,"In close collaboration with Kardan University, AngelHack’s Hackathon event was held on May 3rd and 4th here in Kabul. A group of Kardan University’s BCS students along with a number of alumni particip...",0.4860359
ترانزیت د تولیداتو کیفیت او د شرکت شهرت ډیر په درناوی کوي. نو موږ به د مشتریانو لپاره د تلویزیون لیوالتیا سره سم د پلور څخه مخکې وړاندې او وروسته د پلور خدمت وړاندې کړو. موږ د پالن کولو، ډیزاین، د ساحوي سروې کولو، نصب کولو او تجهیزاتو ترمیم څخه یو لړ لړۍ تاسیس کوو. موږ د مراجعينو لپاره د لومړي ټولګي محصول او خدمت وړاندې کولو ته هيله لرو.,"Dongmeng Machinery highly regards the quality of products and company reputation. So we will provide perfect pre-sale and after-sale service for clients with consistent enthusiasm. We establish a series of service process from planning, design, site surveys to installation, maintenance and repair of the equipment. We aspire to provide first class product and service for clients.",0.48508847
"لیکوال : خبرگزاری یسنا | ډول : گزارش از سند حقوقی | دخپریدو نیټه : ۱۳۹۴ - جدی - ۱۷ | منبع : یسنا | نور کلیدي موضوعات : , افغانستان, ایران, بیانیه مشترک جمهوری اسلامی ایران و جمهوری اسلامی افغانستان (متن غیر رسمی) - جدی ۱۳۹۴, همکاری منطقه ای","Author : Stephen C. McCaffrey | Type : Book | Date of Publication : March 2, 2017 | Source/s : Brill I Nijhoff | tags : , International Water Law, Natural Resources Management, Shared waters, Transboundary Waters, water cooperation",0.48475674
مګر هیڅ کله هم د UX ضبط نه کولو لپاره ډیری ګډون کوونکي ترالسه کول! کاپي بلاګر تاسو ته ښیي ستاسو د ګډون کچه څنګه د 254 لخوا زیاته کړه٪ پرته له دې چې ستاسو د کاروونکو لپاره یې خراب کړئ.,CopyBlogger shows youhow to increase your subscription rate by 254%without screwing it for your users.,0.48330456
د عالي دقت، روژه، په لوړه کچه اتومات. د عالي دقت نان او pinion حرکت سیستم. د نړیوال کلاس CO2 ر.ف ليزر سرچينه ده. سره د تاوتريخوالي د سمونې څو طبقه اتومات جکشن. سینی جذب وريته د لېږد یو کار جدول.,"Mataas na katumpakan, mabilis, mataas na awtomatiko. Mataas na katumpakan rack at pakpak motion system. World-class CO2 RF laser source. Multi-layer awtomatikong tagapagpakain na may tensyon pagwawasto. Vacuum sumisipsip honeycomb conveyor nagtatrabaho table.",0.48324573
په پلیرا دی لا ارینا ، ټینریف کې د نوي ساحل مخې ته د حیرانتیا موقعیت! په بشپړ ډول مجهز او د ژوند کولو لپاره چمتو: - 100 equipped مجهز پخلنځی ...,"Amazing location right in front of the new beach in Playa de la Arena, Tenerife! Fully equipped and prepared for living: – 100% equipped kitchen...",0.48161596
د جون د 29th په اړه ما د دوو ملګرو سره لیدلي چې د ویب پاڼې په ډیزاین کې کار کوي پرته له دې چې باصلاحیته موسیقاران وي. موږ د SEO په اړه خبرې وکړې او تر نیمایي پورې یې بازارموندنه کوله او زما سر لاهم په ښه توګه لوړ دی ...,On June 29th I met with two friends who work in the web design field in addition to being talented musicians. We talked about SEO and marketing until midnight and my head is still high on all the good…,0.48097968
د زیاتوالی لامل #سپی د ټایټ ډیزاین د هغو تخلیقی وړتیا له امله دی چې څوک یې ډیزاین کوي. تاسو مرسته نشئ کولی خو له هغې سره مینه وکړئ.,The reason for the increase in #dog tattoo design is because of the creative ability of those of who are designing it. You cannot help but love it.,0.48079967
وروسته له دې چې تاسو معلوم کړئ چې کومې سطحې تاسو پوښ ته اړتیا لرئ، دا وخت دی چې دا معلومه کړي چې څومره پیژندل غواړئ چې اعتراف وکړئ. د اعتبار درې درجې شتون لري، دا د سند مقام ته د ارزونې مقدار ته اشاره کوي چې ستاسو SSL / TLS سند ته به درناوی وکړي تاسو او ستاسو ویب پاڼه به یې وساتي.,"2- SSL/TLS Certificate Validation Level After you figure out what surfaces you need to cover, it’s time to determine how much identity you want to assert. There are three levels of validation, these refer to the amount of vetting the Certificate Authority that issues your SSL/TLS certificate will put you and your website through.",0.48051143
پوهنمل عبدالتواب بالاکرزی د لوړو زده کړو وزارت د علمي چارو نوي مرستیال په توګه نن د یوې غونډې په ترڅ کې د دغه وزارت کارکوونکو ته معرفي او رسماً یې پر کار پیل وکړ,New science professor Abdel Tawab certain Balakrzy Altqrr Ministry of Higher Education over a ceremony to introduce the department began to work,0.47937587
"اخيستونکي لارښود, د صادراتو د بريتانيا د لارښود د صادرونکو واك لرونكي, د يو بشپړ خدمتونه WorldLingo څخه د ژباړې يو وال, د ا, پرليكه ژباړه. د خدمتونو د صادرونکو ته لاس رسي اسانه ور وايم او مسلکي د بشر د ژباړې ماشين او لوکلائزېشن خدمتونه له لارې له . ڎباړو کې په 40 د نړۍ د تر ټولو ژبو.",The services give exporters easy access to instant machine and professional human translations and localization services via the web. Translations are available in over 40 of the world's most popular languages.,0.47874558
"د ببل سره د اسپانوی زده کول مفت وړیا دی، په هرصورت، ټولو کورسونو ته السرسي، تاسو باید په میاشت کې د 9,99 یورو ګډون ته ګډون وکړئ.","One lesson per day is enough to increase your Hispanic knowledge. Learning Spanish with Babbel is free, however, to access all courses, you must subscribe to a subscription of 9,99 euros per month.",0.4783662
خواوې خوا ته، لومړنۍ پالن ورته ځای او بډوډ وړاندیز کوي مګر د 29.00 / میاشتې ډالر چلوي. حتی د پونډو څخه تر امریکایی ډالر بدلول، لیټ پلان د 8.00 US $ څخه کم دی.,"Side by side, the most basic plan offers similar space and bandwidth but runs $29.00/month. Even converting from pounds to US dollars, the lite plan is under $8.00 US.",0.4776172
ما په پیل کې ایس ایس ایل ته مخه کړه. زه د ترافیک ناک غوړولو او نه رغیدو ډیر وحشتناک کیسې واورم. خوشبختانه دا قضیه نه وه. ترافیک د شاوخوا یوې اونۍ لپاره یو څه لږ شو ، بیا بیرته راغی.,I'd initially held off switching to SSL. I'd heard a lot of horror stories of traffic nose diving and not recovering. Fortunately this wasn't the case.,0.47750416
اجنبی څه شی دی؟ داسې خوب باید په بشپړ ډول تفسیر شي. دا مهمه ده چې د خوب هره تفصیل او هر تفصیل په پام کې ونیسو:,What does the stranger dream about? Such a dream should be interpreted completely. It is important to consider every detail and every detail of the dream:,0.47679195
1. د متن په مینځ کې د داسې ډول اعلانونو ځای په ځای کول ممکن د 2 د منځپانګو لټون کول ډاروي. د سیالیو اعلاناتو ځای پر ځای کول د خپل ځان اعلانونه [ناپاک دي] 3. خلک په مهم محتوياتو تمرکز کوي,1. Placement of such ads right in the middle of the text may annoy users browsing content 2. Placement of competitors ads along with one’s own ads [are confusing] 3. Distract people from focusing on important content,0.47656587
د ژمی فصل هم د تلفاتو شمیرل شروع کړي. د هایپوترپیا ډیرې پیښې ثبت شوي دي. میډی آلین، چې د انګلستان په خیریه مؤسسه، دي چیريتي، کې ساحوي مدیره ده، خبر ورکړ چې د نري رنځ دری پیښې پدې وروستیو کې تشخیص شوي. هغې دا هم څرګنده کړه چې په کالاس کې د مؤقتي کمپونو ختمول کډوالو ته ژورې رواني ستونزې رسوي.,"Many cases of hypothermia have been documented. Maddy Allen, a field manager for the UK-based charity Help Refugees, reported that three cases of tuberculosis had recently been diagnosed. She also revealed that the frequent clearances of the makeshift camps in Calais are inflicting deep psychological suffering on the refugees.",0.47562373
د شرکت د هر کال 24٪ مرکز په لګښت لري. آیا دا د پور موده اوږده په توګه وړاندیز شوی دي، که دا ده چې د خپلو دواړو د موجوده او نوي مشتريانو ته درخواست وکړم؟ ځواب: د پورونو د پاليسۍ د بدلون به يوازې د مؤجه که د اضافي مرکز ګومارل شوي د بدل د دې مرکز د لګښت څخه اوړي.,"The company has a cost of capital of 24% per annum. Should it extend the credit period as proposed, if this is to apply to both its existing and new customers? Answer: the change in credit policy will only be justifiable if the return on the additional capital employed exceeds the cost of this capital.",0.4755663
په ډیرو موخو کې هغه موضوعات چې د اړتیاو په پرتله د نورو خاصیتونو سره ډک شوي او د سوئس آرمی چای په شان، هڅه کول - ...,"In this world of multi-purpose themes loaded with more features than necessary and trying to be like a Swiss Army Knife, Tokoo – …",0.4754753
د بلخ ولایت د دهدادي ولسوالۍ د پراختیايي شورا د ودانۍ د بنسټ ډبره د هغې ولسوالۍ په مرکز کې کیښودل شوه - وزارت احیا و انکشاف دهات,The foundation stone of Dehdadi District Development Council compound left in the capital of that district - Ministry of Rural Rehabilitation and Development,0.47531742
هغه همدارنګه دافغان ملي پولیسو وړتیا ته په اشاري سره وویل: د افغانستان دښمنان باید پوه شي چې له افغان ملي پولیسو سره مخالفت به ور ته په ډېره ګرانه بيه تمام شي.,Mr. Karl also pointed to Afghan National Police ANP capabilities and said: the enemy�s of Afghan government must know that they would pay a big price for fighting with ANP.,0.4750995
1 ماتېدو لپاره د روزنیز ماډل او کنټرول په صندوق کې د چټک ملګرواونورو قلفک کولای شي نصب شي / 5 ثانیو کې دننه نالګېږي.,1 Innovative quick disconnected latch for module and control box can be installed/uninstalled within 5 seconds.,0.4747199
يو ويب سايټ کورپاڼه څومره مهمه ده؟ : آیا دا ګټور معلومات او يا د يو ساده فهرست، تړنې چې په ټیټه کچه د نورو جزییاتو ته يو کارن لامل لري؟,How important is a Web site homepage? : Should it contain useful information or a simple listing of links that lead a user to more detail at lower levels?,0.47437155
شفا په deisgn، توليد او د دحياتي د ساتنې، د اوبو تزکیه او جین amplification په برخو کې د لابراتوار د توکو د پلور ځواک کې تخصص لري.,"Heal Force specialises in the deisgn, manufacture and sales of laboratory equipments in the fields of Biosafety protection, Water purification and Gene amplification.",0.47420174
دا ټول په ټوله نړی کې بریا ښیی. په هرصورت، داسې وختونه شته چې خیرونه د مړینې، بد او ژوند سره تړلي دي. انځور سرچینه,"This shows supremacy all over the world. However, there are times that tigers are associated with death, evil and life. image source",0.47406518
نو، که تاسو ساده سایټ لرئ، تاسو کولی شئ سمه CMS انتخاب کړئ. که نه نو، ځواب ویډیو دی.,"Should I mention the enormous and friendly community? So, if you have a simple site, you could choose a flat CMS. Otherwise, the answer is WordPress.",0.47155344
هر حساب لرونکی به بیا د رام اندازه وټاکل شي لکه څنګه چې د دوی کوربه کولو تړون کې مشخص شوي. هرې حساب ته ځانګړې شوې سرچینې یوازې د دې حساب لپاره دي او په هغې کې به نه ټاکیږي حتی که نور حسابونه ډیر څه ته اړتیا ولري یا یې وکاروي.,Each account holder will then be assigned the amount of RAM as specified in their hosting contract. The resources allocated to each account are only for that account and will not be tapped into even if other accounts need or use more.,0.47040915
وروسته بیا، د کلیو د بیارغونې او پراختیا وزیر ښاغلي نصیر احمد دراني د افغانستان د اسلامي جمهوریت د ولسمشر جلالتماب محمد اشرف غني، د ملي وحدت د حکومت د اجرائیه رئیس ډاکټر عبدالله عبدالله او د ملت له استازیو څخه د مننې پر څرګندولو سربېره وویل چې:,"Also he said that the selection of Mr. Durrani as MRRD’s Minister is a good step towards rural development on the basis of balanced development. Later on, Eng. Nasir Ahmad Durrani -Minister of Rural Rehabilitation and Development thanked from the trust of H.E. President Dr. Mohammad Ashraf Gahani, Chief Executive Dr. Abdullah Abdullah and representatives of people in the Parliament (MPs).",0.46955004
"1 او 1 د نړۍ په کچه د اوو معلوماتو مرکز ځایونو ته دعوی ورکوي ، کلي کلي د متحده ایالاتو او المان په حیث لري. دا دا نور هم غیر معمولي کوي چې څرنګه فعالیت خورا ډیر توپیر لري. شاید په موازي عملیاتو کې د 70,000 سرورونه ، د 19 ملیون ډومینونه کوربه شوي او په میاشت کې د 20,000 ټیرابایټ ډیټا لیږدول شوي؟","This makes it even more unusual as to how performance varied so much. Perhaps the 70,000 servers in parallel operation, 19 million domains hosted and over 20,000 Terabytes of data transferred per month?",0.46878797
"لیکوال : شایق رسنیز مرکز | ډول : د رسنیو مقالې | دخپریدو نیټه : ۲۰۱۷ - جولای - ۱۰ | منبع : شایق رسنیز مرکز | نور کلیدي موضوعات : , ایران, د افغانستان آبي حوزې, د افغانستان اوبه, د افغانستان سیندیزې حوزې, د اوبو دیپلماسي, د اوبو مدیریت","Earlier this month, Iran’s Foreign Minister Mohammad Javad Zarif, in a speech in the Iranian Parliament, warned of reciprocity against Afghanistan over the issue of water rights should Afghanistan continue to disregard Iran’s demands.",0.4650718
د اضافي سرچینو لکه لینکونو یا ویب پاڼې سره اړیکې چې کاروونکي به ګټور وي.,"Be careful when linking out elsewhere from your course, though. You don't want the user to start reading another website and never come back to yours.",0.46482873
"دا یوازې یو فرضیه ده چې نوې څیړنې ته اړتیا لري. د ماشوم زیږون د نورو زیاتو څیړونکو سره یوځای د نړیوالو مطالعاتو ګروپ غړو د ماشومانو د زیږون د اغیزې مطالعې په اړه، اوس دا فرضیه کار کوي چې کار یو عاجل پیښه ده. د پروفیسور هانا دالین په وینا، ""د داسې سمارټ سیسټم سره هیڅ ډول پروسې شتون نلري، پدې کې د هورمونونو شمیر شامل دي.""","This is only a hypothesis that requires new research. Members of the International Study Group on the Study of Epigenetic Influence of Childbirth, along with other researchers, are now working out the hypothesis that labor is an epigenetic event. According to Professor Hanna Dalen, ""there is no other process with such an accurate setting, including such a quantity of hormones."" How does the caesarean section affect epigenetics?",0.46307957
دا پرته له دې چې ځینې لنډمهاله ډومینونه باید ستاسو د بیړنۍ پاکۍ لومړی هدف وي، په ځانګړي توګه دا چې دا ډومینونه د دې کال قیمت د TLD قیمت لوړوي.,"It goes without saying that any kind of temporary domains should be the first target of your emergency clean up, especially since such domains are subject to the TLD price raise this year.",0.46206063
په توګه رطوبت چارتراشو شتون لري. هغوی سره د 22 په سلو کې رطوبت کچه په خام ويشل شوي دي او د 22 په سلو کې په لاندې رطوبت وچ وي. لومړی د ودانولو د کار کارول، او د فرنيچر د توليد لپاره د وروستنۍ.,"There are lumber the same humidity. They are divided into raw with humidity over 22 per cent and dry with humidity below 22 percent. The first are used for construction work, and the second for the manufacture of furniture. Are also several grades of lumber. Choice grade depends on the scope of application.",0.46172726
له مسلکی خلکوڅخه کولای شی هرډول پوښتنه وکړی. هغوی تاته ځواب درکوی. هغوی د تا لپاره وخت لري. د هغوی سره تلیفونی اړیکی نیولی شې. د تلیفون لمبر یی وغواړه.,They will take time for you. Always ask your experts how you can contact them. Ask for their telephone numbers.,0.46170634
تجهیزات: ستاسو د اړتیا سره سم د سختۍ ازموینه ، د تورک ازموینه ، د مالګې سپری برداشت آزموینه ، میخانیکي اندازې ازموینه ، تصدیق او نور.,"equipment: Hardness test, torque test, salt spray endurance test, mechanical sizes test,certification and etc as per your need.",0.4614225
د نارينه وو د Deluxe ژوره چاڼيزو اشار، پوستکی تحلیل او مشر، د څټ او اوږه مالش (giftable) – Essence وېښتان سفيرنيلزبايلزد او ښکلا Centre- Open Deal,2 Night noho mō te 2 Persons waenganui 14 o Hepetema me te 18 Mahuru i San Pawl Hotel (giftable) – San Pawl Hotel- Open Deal,0.46129918
د دیجیسټیل لیږئپاؤډ هره ورځ په ورته وخت کې. د زېږېدنې کنټرول ګولۍ ښه کار کوي کله چې د 24 ساعتونو څخه نور د خوراکي توکو تر منځ تېر نشي.,Take Desogestrel Powder at the same time each day. Birth control pills work best when no more than 24 hours pass between doses.,0.461114
آنلاین قمار تاسو ته د خپل کور او یا دفتر دفتر په آرامۍ او محرمیت کې د لوبې اسانتیا وړاندې کوي. تاسو کولی شئ هر کله، هر کال، 24 / 7، 365 ورځې په کال کې لوبه وکړئ. خوند واخلئ!,"Online gambling offers you the convenience of playing in the comfort and privacy of your own home or office. You can play anywhere, anytime, 24/7, 365 days a year. Enjoy!",0.4592704
تۀ چې دلته څۀ لوستلى د هغې په وجه تا د عيسٰى مسيح په باره کښې څۀ فېصله کړې ده څه؟ کۀ داسې وى نو دا لاندې بټن باندې کلک کړئ. ”ما نن مسيح قبول کړې دې“,"As we draw nearer to God and come to know Him more, His desires will more naturally become ours. As we mature, our desire to obey God’s commands increases as our love for Him increases.",0.4589773
تاسو باید نوی زیږیدلی یوازې هر 3 ساعتونو ته مه ورکوئ - دا یو زوړ وړاندیز دی.,"The younger the child, the greater the likelihood that he will scream. You should not feed the newborn only every 3 hours - this is an outdated recommendation.",0.4585281
همداراز پوهیږئ چې هڅونې د ښه ځان او عزت پرته پیسې نه دي ترلاسه شوي. موږ باید په بریالیتوب باور وکړو. برسېره پردې، د خپلو ارزښتونو پیژني. هر ګام چې تاسو یې اخیستی دی په شک کې مه ولرئ. تاسو باید هر بریال وخورئ، هیڅ توپیر نلري. پوهیږئ چې هغې له تاسو څخه ډیری کار او زړورتیا وغوښته.,"This is not done in the blink of an eye. You have to give yourself time and, above all, you have to progress little by little. This is why it is important not to set too ambitious goals.",0.4581937
په ۱۹۸۳ ز کال کې کله چې د افغانستان د ګاز تصدۍ په رسمي توګه پر یوه دولتي تصدۍ واړول شوه، دغې تصدۍ ۳۷،۱۴ میلیارده افغانۍ پانګه او (د رسمي کارکوونکو، قراردادیانو او بهرنیو کارپوهانو په ګډون) ۱۲۹۱ تنه کارکوونکي درلودل. نن دغه تصدۍ د ۱۰۸۸ کارکوونکو په درلودلو لاهم یوه تولیدي اداره ګڼل کیږي.,"This department became a public enterprise 39 years ago. Following the National Development Policy and Strategy and to encourage investment under private sector, Karkar and Dodkash Coal mines were privatized in 2006 and opened a new chapter with 309 staff. In 2007 as a commercial enterprise , it increased its employees.",0.45782477
4. د نستینګ انډول ښکاري. حامله میرمنې لري چې د فابریکې بیا پیل کولو لپاره په سملاسي توګه د ترمیم یا پاکولو پیل پیل کړي.,"4. The instinct of nesting appears. Pregnant women have a desire to immediately start repairing or cleaning, to make a rearrangement of furniture.",0.45775834
افغانستان ته د کډوالۍ د بیرته راګرځیدو چارو ماهره لیزا سچیسټر ( Liza Schuster ) په دې اړه تشریحات ورکړي . هغه وايي چې کورنۍ، اروپا ته د کډوالو لیږلو لپاره، ډیری وخت د پام وړ مالي قرباني ورکوي . کله چې کډوال د کډوالۍ په هڅو کې له ناکامیدو وروسته بیرته راستنیږي، نو دوی غصه کیږي .,"Liza Schuster, an expert on return migrations to Afghanistan, explains that families often have to make considerable financial sacrifices to send migrants to Europe. They feel anger when the migrant returns after a failed migration attempt.",0.45720923
دا د افغان وگړو له بنسټیزو حقونو څخه د څارنې پروژې دویم څارنیز راپور دی چې د ۲۰۱۶ کال په اپرېل میاشت کې د لومړي څارنیز راپور له خپرېدو وروسته د ۲۰۱۵ کال په ډسمبر میاشت کې خپریږي. دغه راپور د هالنډ د بهرنیو چارو وزارت په مالي مرسته چمتو شوی. د افغانستان د عامه […],"This report provides a synthesis of activities by APPRO for the “Afghanistan Rights Monitor” (ARM) project from November 2015 to March 2017, highlighting the lessons learned, challenges, ways forward, and the implications for future development and humanitarian aid programming in Afghanistan.",0.45667332
کبیر حقمل زیاته کړې چې په راتلونکو څو ورځو کې به درې نیم میلیونه جلده د ښوونځیو درسي کتابونه اووه نورو ولایتونو پکتیا، پکتیکا، خوست، فاریاب، دایکندي، بامیان او نورستان ته هم واستول شي.,"Still mired in penury and not capable of doing strenuous work, his children -- two sons and five daughters -- are too small to supplement his income. Despite all his woes, Mohammad wants his children to receive education.",0.45336524
د دې کال نشراتي آسیا شو د میګنا سیسټمونو او انجینرۍ لپاره یو اصلي بدل ټکی په نښه کوي (سټینډ ایکس اینوم ایکس ایم ایکس اینم ایکس ایکس ایکس ایکس ایکس) ځکه چې دا د دې په وړاندې کولو سره د خپرونې صنعت کې د 4th کلیزه لمانځي,This year’s Broadcast Asia show marks a real turning point for Magna Systems & Engineering (stand 4M2-01) as it celebrates its 50th anniversary in the broadcast industry by presenting its [...],0.45336348
غوره کیفیت د پیل شوي موادو سره پیل کیږي. له همدې امله د جیمني ځانګړي خټکي د ګورمیټ لړۍ چاکو لپاره کارول کیږي. دا سټیل لوړ معیارونه پوره کوي,Top quality starts with the starting material. That is why the Gemini special melt is used for the Gourmet series knives.,0.4533473
موږ په تولید او د مدیریت د ډیرو کلونو تجربه لري، او موږ د R & D يو لوړپوړي ډله چې تاسو سره ډېر مسلکي محصولات او خدمات وړاندې کړي.,"We have professional R&D team of 15 engineers, specializing in designing and manufacturing standard and non-standard equipment. OEM is supported.",0.4500976
په کور کې څنګه د صابن غلا کوي؟ په کور کې د صابن بلبونو جوړولو لپاره ترکیبونه او ټیکنالوژي,"And at the same time, maternity leave - ... MAIN RULES OF SUCCESS OF THE MODERN MAMMACH Read completely "" How at home do soap bubbles?",0.4482752
مواد په دريځ کې چې دا په اصل کې جوړه يا د ده وويل سره مخ شو چې په مالکېت کې وموندل شي (واقعا هم په خپل ځای),material encountered in the position where it was originally formed or deposited is said to be found in situ (literally in place),0.44814426
"""روښانه رګونه د سونګ د ټیټ لګښت راټیټوي او جذب کموي. کله چې SOLASOLV او ROLASOLV محصوالت چې په برتانیا کې نصب شوي وي په لمر ورځو کې ټول کارول کیږي، دوی به د هوایي کنټرول بریښنا اړتیا کمه کړي. دا به د تېلو د کمولو او د جذب کمولو سره هم مساوي وي. ""","“Lighter vessels render lower fuel consumption and reduced emissions. When SOLASOLV and ROLASOLV products that are installed at vessel windows are all in use on sunny days, they will reduce the air-conditioning power requirement.",0.44689947
د کانو او پطرولیمو وزارت په چوکاټ کې د جندر آمریت د رامنځته کولو موخه د افغانستان د ښځو له پاره د ملي کاري پلان (نپوا) تطبیق ؤ چې بنسټیزه موخه یې د ښځو پیاوړي کول او د ټولنیز جنسیت تساوی ده.,"The gender department established in the framework of the Ministry of Mines and Petroleum to implement the National Program for Women of Afghanistan (NPWA), with a main goal of supporting the women and social gender equality.",0.4462186
د بیلګې په توګه، آیا داسې موضوع شته چې کولی شي په خپریدو کې د ذکر شوي ټیکنالوژۍ لکه ټیک سیچانګ یا منش وړ وړتیا وروسته تعقیب پیل کړي؟ د لویې خپرونې په ځواب کې د دې موضوع په اړه د بلاګ پوسټ خپرولو هڅه وکړئ - که تاسو د وخت حق ترلاسه کړئ نو پایلې یې چاودیدونکي وي.,"For example, is there a topic that could start trending after a mention in a publication such as TechCrunch or Mashable? Try publishing a blog post about that topic in response to a large publication – if you get the timing right, the results can be explosive.",0.44592655
کور > محصولات > د بریښنا انرژی > د لمر وړ وړ چارجر > د سریښنا روښانه ځواک د بریښنا د انرژۍ چارجر راوړي,Home > Products > Solar Power Bank > Flexible Solar Charger > Bring A Cigarette Lighter Solar Power Charger,0.4456509
د قطرصدراعظم شیخ حمد بن جاسم الثاني له خپل لیبیایي سیال سره په دوحه کې په یوه خبري کنفرانس کې وویل، چې هېواد یې دې ته تیاری نیسي چې هرڅومره ژر چې کیدای شي د طالبانو لپاره دفتر پرانیزي ترڅو د خبرو اسانتیا رامنځته شي.,"""Unfortunately, the Taliban have not only opted for dialogue with the US in these circumstances, they have also opened an office in a country that is viewed as a strong American base,"" the HIA added.",0.44522384
د اړونده محصولاتو لیست د لرګي لپاره د بریښنا چلوونکی 12V داخور LED فلیکر وړیا چلونکی د لیمپ د بریښنا چلوونکی د مربع لیمپ د بریښنا چلوونکی AC DC د لوړ فشار د بریښنا چلوونکی د الټرا پت د بریښنا چلوونکی. د لینر لومینیر 347V د بریښنا چلوونکی,Dimmer Switch Touch Panel Dali Dimmable Led Driver Led Dimming Driver Led Dimmer Switch 0-10V Dimmer Switch slim switch case touch dimmer switch for led smart dimmer switch alexa,0.44520676
د پولند سړي پالن درلود چې پالن ولري د بریتانیا تښتول شوی ماډل پلوري په تیاره ویب کې. کله چې پالنونه غصب شو، هغه په ایټالیا کې ونیول شو، چیرته چې د هغه قرباني ادعا وکړه چې هغه د 17 ملیون ډالرو څخه زیات تښتول شوي ښځې په تیاره ویب پاڼه کې خرڅوي.,"When plans went awry, he was arrested in Italy where his victim claimed that he boasted of earning more than $17 million selling kidnapped women on the dark web.",0.44245806
دا ماډل تشریح کوي چې څنګه د ایکسچینډ سرور هارډر پالن کولو او تعینولو، ویډیو کولو، د میل باکس ډایټابیسز، او عامه فولډر څنګه کارول.,"This module explains how to plan and deploy Exchange Server hardware, virtualization, mailbox databases, and public folders.Lessons",0.44082358
سره د پراختیا لپاره د ماشین د نوې کول او DEVELOPIING تخنيکي زده کړې د ټولو لپاره د BEVELING جوړونې بازار د غوښتنی پر اترژی د سپما لپاره، عالي اغيزمنتوب او خوندیتوب موخه پر بنسټ پوره وزارت.,"WITH DEVELOPING DEPARTMENT FOR TECHNICAL STUDY ON MACHINE UPDATING AND DEVELOPIING TO MEET ALL THE BEVELING REQUEST IN MARKET FOR FABRICATION BASED ON ENERGY SAVING, HIGH EFFICIENCY AND SAFETY PURPOSE.",0.4408051
7.A مائع لرونکی څوک چې د انفرادي سلنډر لخوا کنټرول کیږي د ډک کولو نوزونو لاندې نصب شوی. دا کولی شي بوتل ته د ککړتیا مخه ونیسي وروسته له دې چې د ډکولو نوزونه بند وي.,"The level inspection device is made of PTFE, with perfect anti-corrosion feature. 7.A liquid holder which is controlled by an individual cylinder is installed under the filling nozzles.",0.44051212
pings تاسو سره مرسته کوي چې ستاسو updation اعلان له انجن او نورو اړوندو اېنټرنيټ ولټوي.,"pings helps you to announce your updation to search engines and other related webpages. Infographic sharing: sharing video, audio and other visual representation to multiple websites for getting links.Finally Content writing/ rewriting.",0.43884808
حقیقت دا دی چې د ښځو لپاره دا په نامناسب ډول ناممکن دی لکه دا چې دا ډیره زیاته ده؛ دا یو ځانګړي پلان او هڅې ته اړتیا لري. تاسو به غلط نه شئ که تاسو داسې پروګرام ته پاته شئ چې ستاسو شخصي روزونکي تاسو ته درکړي.,The reality is that it is virtually impossible for women to bulk like that; it requires a particular plan and effort. You won’t go wrong if you stick to a program that your personal trainer has given you.,0.43815696
د پیل پیل کونکی لارښود د ___________ لپاره پورتنۍ اشاره د یوې موضوع سره ډک کړئ چې یو څوک څوک ستاسو د بلاګ موضوع په بشپړ ډول نه پوهیږي. د مثال په توګه ، که تاسو د پخلي کیکونو په اړه بلاګ پرمخ وړئ ، نو پورتنۍ اشاره ممکن کیدی شي: د هوارۍ نرموالی لپاره د لارښود لارښود.,"For example, if you run a blog about baking cakes, then the above prompt might become: A Beginner’s Guide to Smooth Icing. 10 Lies You’ve Been Telling Yourself About __________This is a warning style headline.",0.43623945
د اقتصادی- ټولنیزی او دموګرافیکی سروی د ارقامو تحلیل توضیحی ورکشاپ پرانیستل. ۲۸ وری ۱۳۹۶ د اقتصادی- ټولنیزی او دموګرافیکی سروی د ارقامو تحلیل او د ارقامو څخه د پروګرامونو په طرحه او ترتیب کی د کارولو توضیح ورکشاپ نن سهار د وزارتونو او...,Assignment of Associated Professor Ahmad Javid Rasooli as President General of the Central Statistics Organization (CSO) 12th August 2017 HE. Assossiated Professor Ahmad Javid Rasooli was officially introduced as President General of...,0.4353878
هلمند کې ۱۴ وسلوال وژل شوي او یو طالب قومندان ژوندی نیول شوی په ننګرهار ولایت کي ۱۴تنه داعشیان مرګ ژوبله اوښتي ده,"“Members of the High Peace Council should have a chance to see them and talk to them and say look, we have been asking for your release, now you have been released, it would be better for us to cooperate to bring peace and stability to Afghanistan.”",0.43487763
10: ټولې بدۍ په يو کور کښې غونډې دي چې کُنجي يې دروغ ويل دي.,"I will try, then, (1) to say something about al-Mufid's own notion of kalD.m, and (2) then see how he carried it out, and after that (3) compare it with the theological method.",0.4344869
فیسبوک یو ښه دی، د بازارموندنې ګټور وسیله د خپرونکو او بلاګرانو لپاره ، مګر دا د هغه څه په اړه د افواهاتو ، اوریدلو او جنجالونو مرکز دی چې تاسو ادعا کوئ کولی شئ یا یې کولی نشئ. دلته حلونه شتون لري که تاسو د خپلې ټولنې ښکیل کولو ذهنیت وساتئ پرځای یې یوازې د پیسو ورکولو یا ترافیک تولید لپاره د یوې وسیلې په توګه ورته وګورئ.,"Facebook is an excellent, cost efficient marketing tool for publishers and bloggers, but it's also a hotbed of rumor, hearsay and controversy over what you allegedly can or cannot do. There are solutions if you keep the mindset of engaging your community rather than only looking at it as a tool for monetization or traffic generation.",0.4340214
د کیبل ارتباطي تجهيزاتو په ستره ګټه د قوي مداخلې ضد، د لوړ ثبات، د ځانګړو محرمیت، روژه د انتقال کچه او نامحدوده broadband.However ده، د کیبل د اړیکو ده ډیره د چاپيريال پواسطه د ځپلو، سره کمزوری expansibility، attenuation، په ساختماني غوره ستونزه ، بې وزله خوځښت او لوړ لګښت.,"The biggest advantage of the cable communication equipment is the strong anti-interference, high stability, certain confidentiality, fast transmission rate and unlimited broadband.However, the cable communication is greatly affected by the environment, with weak expansibility, attenuation, great difficulty in construction, poor mobility and high cost.",0.43296814
نړیواله ډله: د الهدی نړیواله موسسه له اړخه د هند کتاب نړیواله نندارتون کې د ښکلې قرآنونو سره سیاسي، هنري، ادبي او مذهبی موضوعاتو باندې ۱۵۰ عنوانه کتابونه وړاندې شوي.,"TEHRAN (IQNA) – Muslims in Rochester, US state of Minnesota, will share their experiences and faith at two public events.",0.43271345
۳. طالبانو د ناوې ولسوالې له الوتونکي کمروڅخه استفاده کړې ۴.,"""This is a pattern that we've seen in Afghanistan for the past 30 years,"" Evans said. ""When the Soviets left, the Afghan National Security Forces fell back on urban centers.",0.4322152
د کلونو راهیسې، موږ لیدلي چې خلک د انفینٹی ټایټ مینځ ته راوړي ځکه چې پوټکی څومره ښکلی دی. د انفینټ ټتو سره بیلابیل ډیزاینونه شتون لري.,"When it comes to choosing tattoos like this, it takes a lot of preparations to get you something as lovely as this infinity symbol tattoos. image source",0.43162283
دا د 28 د جون د 2، 2017 د اونۍ لپاره د عمومي رواني ټرانس پیشن دی. د لاندې معلوماتو لپاره زما ویب پاڼه ته لاړ شئ یا یې یو کتاب ولیکئ [...],"This is a general psychic tarot forecast for the week of May 28 – June 2, 2017. Visit my website at for the following information or to book an […]",0.43122452
موږ د لوړ کيفيت مواد انتخاب سره ښه handfeel او تلپاتې اغوندي، د يونيفورم کړي. دا کولای شي د اخفا ښه رول ولوبوي او په جګړه کې د سرتېرو د خونديتوب په ساتنه وکړي.,We choose the high quality material to make the uniforms with good handfeel and durable to wear . It can play a good role of camouflage and protect the safety of soldiers in the war.,0.42814505
【معاشونه: تاسو کولی شئ ستاسو د کار په جریان کې ژورې ساه واخلئ، کوم چې تاسو تاته ستړیا نه کوي او تاسو نور ګټور احساس کوئ. د ودې وده هورمون ستاسو سره مرسته کوي چې ډیر غوړ وخوري، ډیر عضلات رامینځ ته کړي، او د سخت کاري ورسته وروسته چټک بیرته راشي.,"You can remove the mask from the belt so you can only clean the mask or belt of residue / sweat from a workout. 【BENEFITS】: You can take deeper breaths during your workout, which will not fatigue you and make you feel more productive. Increased growth hormone helps you burn more fat, build more muscle, and recover faster after a strenuous workout.",0.428039
دغه پیښه د کډوالو لپاره د ملګرو ملتونو له هغه اعلان یوه ورځ وروسته وشوه چې ویلي یې و له ۲۰۰۰ ام، کال راهیسې له (۳۳۰۰۰) ډیر کډوال چې اروپا ته یې د مدیترانې سمندر څخه د رسیدو هڅه کوله، وژل شوي دي. مدیترانه د نړۍ په کچه مرګونی بندر دی.,"When the boy’s mother discovered her son had died in the chaos, she tried to end her life by jumping into the sea and was rescued by the coastguard. The death of the young boy comes a day after the United Nations’ migration agency said more than 33,000 people have died at sea trying to reach Europe since 2000, making the Mediterranean “by far the world’s deadliest border”.",0.4280195
په اصل کې ډوم 2 د ماسکو په سیمه کې فلم شوی و ، مګر یوځل چې د شو شهرت وده شو فلمینګ په ختیځ افریقا کې یو کوچنی او لرې پروت سیچلس ته ځای په ځای شو. دې د وخت او موثریت مسله رامینځته کړه. دا څرګنده شوه چې د فایل فایل لیږد حل اوس د تولید لپاره اړین و چې بریالي وي.,"Pakutanga Dom 2 yakavezwa mukati medunhu reMoscow, asi kamwe chete mukurumbira wekuratidzira uyu paakawedzera kufirimu kwakaiswa kuSeychelles, nyika diki uye iri kure mukati meEast Africa. Izvi zvakagadzira nyaya yenguva uye nekubudirira. Izvo zvakava pachena kuti yekukurumidza dhiza yekufambisa mhinduro yaive zvino yave kukosha kuti chigadzirwa chibudirire.",0.4276783
نارینه به په بدن کې د غوره ټایټ لپاره لاړ شي د خړ رنګ رنګ ډیزاین سره چې دوی یې ګوتو ته ګوري,"Ladies with peach body skin will go for this bright Awesome Tattoo with a brown flower on their back, to make them have the splendid look.",0.42767596
7. په مرچ کې چاکلیټ وخورئ، په چټکۍ سره ټوله سطح پوښ کړئ. تاسو کولی شئ د برش یا چاکۍ څخه کار واخلئ.,"If the chocolate froze for 3 minutes and remained brilliant, then you can continue working with such chocolate. 7. Pour the chocolate into the mold, very quickly cover the entire surface.",0.42616877
د VPS کوربه کولو په اړه د نورو زده کړو لپاره (دا څنګه کار کوي، څنګه څنګه غوره کوي، د پروسې مشري، او نور) مهرباني وکړئ دلته زموږ د وروستي VPS کوربه لارښود ولولئ.,"To learn more about VPS hosting (how it works, how to choose, pros vs cons, etc), please read our latest VPS Hosting Guide here.",0.4260624
دا یو منظم منظم بریدونه دي چې د پروګرام کونکو لخوا کارول شوي ترڅو لومړني معلومات ترالسه کړي. پروګرامګران په جوړښت کې د لوپ افتتاح لپاره ګوري چې له مخې یې دوی د ایساف تحقیقات لیږدولی شي، کوم چې د امنیتي چکونو څخه لیرې کیږي او اساسي معلومات بیرته راولي.,"It is one of the regular assaulting strategies utilized by programmers to get basic data. Programmers check for any loop opening in the structure through which they can pass SQL inquiries, which gets away from the security checks and returns basic data.",0.42567378
"او په انټرنیټ سلایډ کې یاست رولټ کیدای شی د ټولو لپاره نه وي که تاسو د ریښتیا پیسې د ریښتینې پیسو ویب پاڼه کې کارول کیږئ ستاسو په 30 باندې غږیدلی "" د سرپاڼې څارنه.",And squinting at an Internet slot or roulette wheel may not be for everyone if you’re used to a real money gambling website played out on your 30″ desktop monitor.,0.42510265
مخکینی: OEM/ODM China Sand Blasting Machines For Glass - Full Automatic Clay Sand And Green Sand Molding Machine And Line – Huaxin Group,دا لړۍ د سطحي پاکول، زنګ romoving، او د منځنۍ او کوچنۍ اندازې د casting هر ډول سطحه افغان- کارول،,0.42482722
د یاسر میرمنې فاطمې رویټرز ته ویلي : (( موږ به تر هغې دلته پاتې شو چې سرحدونه پرانیستل شي، موږ بل انتخاب نلرو .)) دې میرمنې سره خپل شپږ میاشتنی ماشوم هم و .,"Yaser’s wife, Fatemeh, told Reuters, “We will stay here until the borders open, we don’t have any other choice,” as she cradled their six-month-old baby.",0.42446718
A:) 1 (د 12 کلونو تجربه کوونکي عرضه کوونکي د برج کرین برخې کې، ستاسو په وخت کې د مسلکي انجنیرانو ټیم کې ځانګړتیاوې لري.,"A:(1) 12 years experience’s supplier specialize in tower crane parts, professional engineers team at your request in time.",0.4225361
په 2012 کال کې، موږ د شپږو ورځو د دوبۍ کائوچو پلاستيکي نندارتون کې ګډون وکړ. په دغه موده کې، چې موږ سره د څو کلن مشتريانو خبرو اترو او ترلاسه ته څو نوي پېرېدونکي پوه.,"In 2012, we attended the dubai rubber & plastic exhibition for six days. During this period, we negotiated with many old customers and got to know many new customers.",0.4223774
د جمهوري ریاست لومړي مرستیال سترجنرال عبدالرشید دوستم پرون د هېواد د بېلابېلو مسایلو په اړه څرګندونې وکړې.,"""Now is the time to face up to the reality of their situation in order to save lives and alleviate their suffering.""",0.4215169
د نوي ځواب: “”تر ټولو شافي غیرفعاله تجاوز په خبره تاسو د بل هر وخت په رښتيا مانا يا بې ادبه شخص ته د کار څه شی دی؟””,New answer to “”What is the most satisfying passive-aggressive thing you have ever done to a really mean or rude person?””,0.42086208
ایا د انومینس کوربه توب جمعه فروغ ښه سودا ده؟ د ورڈپریس کوربه کول / 41 OF پورې د WHSR لیدونکو لپاره د تخفیف سوداګرۍ کوربه توب InMotion دمخه ښه شهرت لري او داسې نور…,Is InMotion Hosting Black Friday Promo a Good Deal? Up to 41% OFF WordPress Hosting / 50% Discount Business Hosting for WHSR visitors InMotion already has a good reputation and so…,0.4204664
دآزادې ،دبرم او مینې هنری الهام مې وینه تر ژورو په خوځښت راوستل،,"For how long the hands of the cruel shall tramp on your head, My sister! Stand up and come back so that you and I become we,",0.42034176
اهميّت مجلس خبرگان‏ اين مجلس از نهادهاى ابتكارى در نظام سياسى جمهوری اسلامی ایران است كه براى اوّلين بار، با تدوين قانون‏اساسىِ جمهورى اسلامى، در حقوق اساسى مط...,the importance of the assembly of expertsthe assembly of experts is among innovational institutions in the political system of the country which was first mentioned in the basic laws when the constitu...,0.4199084
موافقت نامه بین حکومت پادشاهی افغانستان و حکومت اتحاد جماهیر شوری سوسیالیستی راجع به مطالعه استفاده مشترک و متنوع المرام از آب...,This would undoubtedly be nothing less than our greater contribution in slowing down the pace of water depletion from the eco-system until the scientific structural and nonstructural measures for avoiding the potential of a water crisis would have been taking place in parallel.,0.41815925
په کافي اندازه د قوماندې پروسس شته ياد هم نه شته. داسې رپوټونه دي چې نه د اړتيا وتړو، او هر ډول پروګرامونه دي چې ضروري نه ووځې. بيا هڅه بیا.,"There is not enough memory available to process the command. Close any reports that are not needed, and exit any programs that are not essential.",0.41805342
بیلتون ډیټابیس. دا په دې مانا چې د ادارې کاروونکي پر Magento کار به د مخ-پای کې خپل پېرېدونکي دي په کارولو د کړنو اغیزه ونه لري.,Split database. This means that admin users working on Magento won’t affect the performance of the front-end your customers are using.,0.41788715
دامریکا د يرغل له پيله همدغه د کاجي بي نابشپړه پروژې د پلې کولو هڅي سي آی اې پيل کړي دي، د بن په لومړي کنفرانس کې يې د لومړي ځل له پاره زموږ حکومتي جوړښت چې د لياقت او پوهې له مخې بايد ټاکل شوی وای د قومي او مذهبي جوړښت له مخې يې د حکومت کابينه جوړه کړه.,"At his office in central Kabul, he pulls out a series of slides and engineering studies of the northern Shiberghan gas fields where he once worked. ""I advised USAID to put their money here,"" he said. ""If they had rehabilitated the gas wells, and used our local engineers, we would have saved a lot of money."" But USAID wasn't listening.",0.4175688
په ارزګان ولایت کې ځایي چارواکي وایي، د وسله والو طالبانو او امنیتي ځواکونو ترمنځ د نښتې په ترڅ کې دواړو غاړو ته درنه مرګ ژوبله اوښتې ده.,"The anti-government armed militants have suffered heavy casualties during the airstrikes conducted n northwestern Ghor province of Afghanistan, the Afghan Military said Saturday.",0.4172696
امریکایي سناتور لیون بیا په کابل کې وویل چې دواړو کاندیدانو ده ته ډاډ ورکړی دی چې د انتخاباتو نتیجې به ومني. سناتور لیون وویل، که چیرته د انتخاباتو خپلواک کمیسیون ابتدایي نتیجې اعلان نه کړي او قسمي نتیجې اعلان کړي، علت به یې دقت او بیا تفتیش وي.,"He was speaking after he jointly inaugurated Afghanistan's first agriculture university, built with Indian aid, with External Affairs Minister Salman Khurshid. Karzai is ineligible to seek a third term and among the front-runners in the polls are his elder brother, Qayum Karzai, former foreign minister Abdullah Abdullah and former Islamist warlord Abdul Rassoul Sayyaf.",0.41714588
د تېروتنې کوډ 43 ده معمولا د سرور 2008، 2012 او vista Windows 7، ليدلي. د دې تیروتنې کولای کشف شي کله چې د په سيستم کې د هارډ ډرایو ناڅاپه ناکامي ده. په هغه صورت کې چې د هارډ ډرایو په دې کې پاتې کار کوي او نور د آله چلوونکی د ناکامۍ لامل ګرځي.,"This error applies to windows 7, server 2008, 2012 and vista. The related error and the description that appears is “Windows has stopped this device because it has reported problems. (Code 43).” The device driver notifies the windows that the certain device which in this case is the hard drive has failed working and it can also be caused due to device driver failure.",0.41700596
هو، د نمونې وړيا دي او به ستاسو په څنګ بار په غاړه راټول شي. او امر ده تاييد وروسته، دغه چارجر پړاو د ټول پیسو څخه اخيستل کېدای شي.,"Yes, the sample is free and freight charge would be collected in your side. And after the order is confirmed, this charger could be taken off from the whole payment.",0.41664773
د افغانستان د پوهنې وزارت ولسي په ۱۳۹۰ کال کې د خپلې انکشافي بودیجې ۶۳ په سلو کې مصرف کړې . د تفتیش د مرکزي ادارې لخوا ولسي جرګې ته د تیر لمریز کال د,The ministry of education expressed concerns regarding the casualties of education employees and administrators in Afghanistan and said around100 of them have been killed since the beginning of the year.,0.41650444
د پروان او کاپیسا ولایتونه د اقتصادی- ټولنیزی او دموګرافیکی سروی دارقامو د تحلیل توضیحی ورکشاپ پای ته ورسیده. - د احصایی مرکزی ادارہ,End of Expository Workshop on analysis of Social Demographic and Economic Survey (SDES) of Parwan and Kapisa Provinces,0.41514233
روشن یوازې یو مخابراتي شرکت نه دی. په 2003 کال زموږ د کار له پیل څخه را پدېخوا موږ د افغانستان تل پاتې غوړېدنې او پراختیا ته ژمن یو.,"Since our inception in 2003, we have been fully committed to Afghanistan’s lasting growth and development.",0.4150622
6. د ماشین کولای شي له خوا نلۍ او shutter په کتابتون کې د په مختلفو بڼه او اندازه ډک کوکيز څو ډوله کړي.,6. The machine can make many kinds of stuffed cookies in different shape and size by changing nozzle and shutter.,0.41452426
د HDD Formatting په يوه لاره اجازه د ډرایو د خزندې او د ويروسونو د ټولو ډولونو سره پاک شي. سره له دې، یو باید په سره قومانده معامله ډېر پام وي چې دا کار به د آلې د حافظې د لاسه ورکولو په سبب شي. د شکل قومانده، تاسو نه یوازې د لاسه د ويروسونو بېغمه کوئ، تاسو د هر څه ټيکلی ډرایو په خوندي بېغمه هم ترلاسه کړي.,"It is a way to connect devices to the computer and share information. With that, there could be accessible way in having all the data stored and backed up well.",0.41451147
په ډیرو سازمانونو کې، د میتاداتا پلي کولو لپاره ترټولو اغېزمن الره د یوې تعریف شوي ټیکنالوژۍ له لارې ده چې تاسو د برخه والو د معلوماتو له الرې معیاري شوي. دا کاروونکي کاروي چې د میتاداتا شرطونه د مخکینیو لیست څخه غوره کړي، کوم چې معیاري پایلې وړاندې کوي.,"In most organizations, the most effective way to implement metadata is through a defined taxonomy that you have standardized through stakeholder input. This enables users to select metadata terms from a predefined list, which provides standard results.",0.41397548
په مقابل کې د بلخ ولایت سرپرست، د اړو کلیوالو د ستونزو د لیرې کولو په موخه د پروژو له جوړولو قدر داني څرګنده کړه، چمتوالی یی وښود چې د بلخ ولایت مسؤلین د کلیو د بیا رغونې او پراختیا وزارت ترڅنګ ولاړ دي.,"In return, Mr. Ata Mohammad Noor commended the developmental activities carried out so far across Balkh province. H also said that the local authorities in Balkh province will spare no efforts to help the MRRD gain its developmental objectives.",0.41394836
د افغانستان له‌پاره د سویډن کميټې د لومړنيو زده‌کړو او چمتووالي له مرکز څخه ۱۸۱ معلولیت لرونکي ماشومان فارغ شوو.,"In 2015 Shifo Foundation (Shifo), Swedish Committee for Afghanistan (SCA) and the Ministry of Public Health (MoPH) in Afghanistan started a joint c",0.4135043
د یو مخکښ غیرانتفاعي او ناپیلي افغان څېړنیز بنسټ په توګه زموږ ماموریت دا دی، چې د پالیسۍ او تګلارې په برخه کې معلومات چمتو او د لوړ کیفیت څېړنو په ترسره کولو سره پوهاوی او معلومات وړاندې کړو، ترڅو په افغانستان کې د څېړنې او زده کړې کلتور وده وکړي او د شواهدو پر بنسټ څېړنې لپاره غوښتنه او غوښتنی وهڅول شي.,"Afghanistan enters a critical year in 2019 wherein significant political, security and strategic challenges are likely to unfold. Due to this uncertainty, it is my personal mission to sustain AREU’s thematic research focus at a time when evidence-based research is perhaps most needed to inform and influence policymaking than ever before.",0.41275418
سرۍ، چوکاټ، خوځښت، موده او غږ زيان بيا له خوا اصلاحات ویډیو فساد مسایلو. د ترمیم په وينډوز WMV، ASF، MOV، mp4، M4V، 3G2، 3GP او F4V دوتنې لکه ویډیو دوتنې,"Sedemên vê yekê gelek caran zêdetir bi gendeliyê file video e. Çi diqewime ev e, ku video dikujî bi awayekî zirar û neşê bo vekirina ferz nîne, tu çiqas hewl didin ku bar bike. Di rewşên wiha de, ji bo ku hûn ji bona bikaranîna a fixer video to it girîng dibe fix file video derbe an hûn windabûna daneyan file video rîska.",0.41169629
د دې کورس ته لاړلو دمخه، غړي باید لږترلږه یو له ملګرتیا سره نږدې د (1) کال شمولیت ولري:,"Before going to this course, members ought to have approximately one (1) year of involvement with at least one of the accompanying:",0.41147566
"یوځل چې تاسو د مینځپانګو موضوعات وپیژنئ تاسو به پوښ کړئ ، د اړونده منځپانګې د نظرونو سره راځی, د منځپانګې جوړول، او په سمه اداره کې د محتوا ټوټو ساتل اسانه شي.","Once you’ve identified the content themes you'll be covering, coming up with relevant content ideas, creating the content, and placing the content pieces in the right organization gets easy.",0.4109035
دا چې دې سیمینار نه زده کونکو څه معلومات تر لاسه کړل ؟ په دې حقله په دې وروستیو کې د لسم جمات په بورډ امتحان کې پاس شوی یو زده کونکې محمد فاروق وویل:,"The AWKU Mardan, officials said, was willing to improve its international ratings by establishing BMC Charsadda but its dream would not come true because in the presence of KMU, it could not award degrees.",0.41071767
په افغانستان کې د روسي عسکرو د ماتې او د دوی د وتلو د اته ویشتمې کالیزې مراسمو کې د جمهور رئیس غني وینا,The Hidden Face of War in Afghanistan: The Relentless Assault on the Public Services and Infrastructure,0.40920708
د پايپونو د تطبیق وړ ډولونه پړاو پایپ، مربع پایپ، د مثلث پایپ، مستطيل پایپ، بيضوي پایپ او نورو ناقانونه په شکل پايپونو او داسې نور,"Applicable types of pipes Round pipe,square pipe,triangle pipe,rectangular pipe,oval pipe and other irregular-shaped pipes etc.",0.4091868
په پلییا دی سان جوآن ، ټینیرف کې ښکلې دوديز ویلا! د شګو ساحل او کب نیولو بندر څخه یوازې 600 متره لرې! په بشپړ ډول مجهز او د ژوند کولو لپاره چمتو: ...,"SOLD For sale: Spacious 200m2 ocean front house in Playa de la Arena, Tenerife. Magnificent panoramic views. Perfect location – 2 minutes away from the... 3 4 167 m² 204 m² Playa de la Arena Condo/Townhome/Row Home, House Sold Stylish House In La Orotava!! La Orotava, SOLD",0.40886927
جیمز کارویل، دکلینتون پخوانی سلاکار دافغانستان د جمهوری ریاست په راتلونکی ټول ټاکنوکې دحامد کرزی دسیال داشرف غنی احمدزی دټول ټاکنۍ دسلاکارانواومشاروینوسره یوځای سو .,"She began with the question, “What do you think Afghanistan looks like?” which caused the audience to stop and thoughtfully consider this. From their pre-conceived ideas the audience had reason to believe that Afghanistan is a country controlled primarily by warlords.",0.40853536
ایا تاسو کله هم یوې ویب پا visitedې څخه لیدنه کړې او لاسرسی نلرئ؟ ډیری وختونه ، تاسو به په ساده ډول د براوزر ټب وتړئ او یو بدیل وګورئ. د آنلاین ویب پا ofو لوی شمیر څخه مننه ، د نږدې هرڅه لپاره یو شمیر لوی بدیلونه شتون لري.,"Have you ever visited a website and been not able to access it? Most times, you will simply close the browser tab and visit an alternative. Thanks to the huge number of websites online, there are a huge number of alternatives for almost everything.",0.40849584
تاسو د نجونو نجونو نه منع کول نشئ کولی هیڅکله تاسو د دوی د کمزوری څخه د نفرت کولو هڅه کوئ. موږ ټول پوهیږو چې نجونې له خپلو څرګندونو څخه ساتنه کوي او د دې ځانګړتیاو پای ته رسیدو نه لري. ځینې ​​وختونه، دا د دوی لپاره د استثنایي ښکلا لیدلو لپاره ډیر وخت نیسي.,"You cannot stop loving girls no matter how much you try to hate their weakness. We all know that girls love taking care of their appearances and there is no end to this trait. Sometimes, it takes a lot of time for them to look exceptional pretty after their make-ups.",0.40805677
** یادونه [1]: د 5 کلنۍ کوربه لګښت = (36 x لاسلیک) + (د 24 ایکس نوي نوي) + د ډومین لګښت,** Note [1]: Total 5 year hosting cost = (36 x Signup) + (24 x Renewal) + Domain Cost,0.40787107
اضافه کړئ: د UG1533 نمبر 4 سټیټ، بسمین - 1، گوانګاه نړیوال لمر او ٹیکنټیل ښار، هزاه زون، ګانګز، چین,Our other sites: MH Group _ MH Thread _ MH Lace _ MH Ribbon & Tape _ MH Zipper _ MH Button _ MH Fabric _ MH Commodity,0.4076143
نړیواله ډله: د اسلامی هیوادونو د غونډو ترمنځه اتحادیه ۱۱ کانفرانس په د بهمن میاشته څلورم نېټې باندې د اسلامی شورا غونډې مشر په شتون سره بغداد کې شروع شو.,TEHRAN (IQNA) – The United Arab Emirates’ Ministry of Culture and Knowledge Development plans to launch the ninth session of the Ramadan Forum for Quran calligraphy at Dubai Festival City on Sunday.,0.40690985
1 يک سيستم مديريت توان بهينه براي اتصال اتوماتيک منابع دي سي و اي سي سيستمهاي ريزشبکه هيبريدي دومين کنفرانس بين المللي ريزشبکه هاي دي سي بین المللی رضا رحماني، جوزپ گوئررو نورنبرگ، آلمان 1396/04/06,"4 Robust path following of a car-like robot in the presence of sliding effect based on LMI formulation 2017 Artificial Intelligence and Robotics (IRANOPEN) International Masoud Emam Qazvin, Iran 03/04/2017",0.4067399
دا هغه ډیزاین نه دي چې تاسو غوره کوئ، ټیټیسټ څه شی دی، څوک به یې ممکنه کړي. انځور سرچینه,"It does not matter the design you are choosing, what matters is the tattooist who will make it possible. image source",0.40611863
د روميانو په نُوم خط ٦: ٢٣ د ګناهګار دعا څۀ ده؟ سوال: د ګناهګار دعا څۀ ده؟,"He was involved in creating us, He sustains our every breath, and He offers us new life now and eternal life in heaven with Him.",0.40567106
"نن ورځ، ويکيپېډيا د ""ډبليو ويکس"" د هغو ځايونو څخه ده چې اداره شوي او اداره کېږي د ويکيپېډيا بنسټ، یوه غیر انتفاعي موسسه چې خپل ځان ته د محاسبې دندې ته وقف کړی: د ټولو لپاره وړیا پوه.","Today, Wikipedia is one of many “Wiki” sites owed and administered by the Wikimedia Foundation, a non-profit organization that has dedicated itself to a daunting task: free knowledge for all.",0.4028175
آیا تاسو دا ردوي چې عیسی خدای دی - نو بيا تاسو ته دي انکار چې د هغه د رب دی او بیا تاسو کولای نه وژغورل شي!,Do you deny that Jesus is God - then you are denying that he is the Lord and then you can not be saved!,0.4026871
د تلیفون په اړه د خبرو اترو وروسته، جان د کیر وړاندیز وکړ چې د Copyblogger لپاره د میلمستیک پوسټ ولیکئ. هغې ژر تر ژره د ناقانونه فرصتونو پیژندنه وکړه او وړاندیز یې ومنله.,"After a conversation over the phone, Jon offered Carol an opportunity to write a guest post for Copyblogger. She immediately recognized the incredible opportunity and accepted the offer.",0.40177816
10.Mangosteen ښايي د ډيرو خلکو په خوندي، خو کېدای شي ستاسو د وینې د خطر زیات کړي. یو نوی بشپړونکي اخلي او یا کيدو ستاسو د رژيم د بدلون د مخه ستاسو د روغتيايي مرسته وغواړه.,10.Mangosteen is likely safe for most people but may increase your risk of bleeding. Consult your healthcare provider before taking a new supplement or changing your diet drastically.,0.40096217
زموږ ټول خلک داسې انګیرل کیږي کله چې دا د ګلاتو ټایټونو لیدلو ته راځي. داسې خلک شتون لري چې دا یې نه خوښوي، ځینې ممکن حتی پوه شي چې خلک ولې دا کار کوي پداسي حال کې چې داسې خلک شتون لري چې پرته له دې چې ژوند نه شي کولی.,"Everyone of us have a perspective when it comes to seeing flower tattoos. There are people who don’t really like it, some may not even understand why people do it while there are people who cannot live without one.",0.40039963
’ زه به داسې هیڅ نه کوم! ’پړانګ وغړمبید. ’ زه به تا او ستا ورور خورم او هغه پړانګ به له منځه وړم چې زما په خپل ځنګل کې یې زه چیلنج کړی یم! ‘,‘I shall do no such thing!’ roared the tiger. ‘I shall gobble you and your brother up and I shall fight the tiger that challenges me in my own jungle!’,0.3971495
2) قيمت مناسب : اين نوع غذاها در مقايسه با ساير مواد غذايي از قيمت مناسب تري برخوردارند .,Chunk tuna has smaller pieces. Flaked tuna is fairly broken apart and best used for salads where the tuna is mashed and mixed anyway.,0.3970125
د ترانسپورټی ودانیو د انجینری دیپارتمنت رسالت او لید ته د رسیدلو لپاره د لاندې موخو شتون اړین دی چې په لاندی توګه سره وړاندی کیږي:,For achieving to vision and mission of the department the following goals must be determined:,0.39577898
2. د اغوستلو داخلي قهوه: وارد شوي ځانګړي نوي مصر فولاد او د خلا ګرمۍ درملنه اختیار شوې. د قوي لباس مقاومت ، د افقي توکیو سره مقاومت ، د قابلیت مقاومت او د لوړې ګلوسي پای اغیزې ترلاسه کیږي.,"2. Wearable inner cavity: Imported special new alloy steel and Vacuum heat treatment are adopted. Strong wear resistance, resistance to horizontal erosion, corrosion resistance and high glossy finish effects are achieved.",0.39565906
"زه څنګه زياتره الوتنه؟ ښه، ته وي صادق .... تقریبا غیر تم. په دې مياشت تر اوسه، ما 461.39 ساعتونو ننوتي، او 206,931","How often do I fly? Well, to be honest....almost non-stop. So far this month, I've logged 461.39 hrs, and 206,931",0.39294356
د ننوتلو ټیټ خنډ سره مخ دي، ډوب شیشینګ د هغو سوداګرانو ترمنځ یو مشهور سوداګریز ماډل جوړ شوی چې غواړي د لوی لګښت پرته پرته آنلاین سوداګرۍ پیل کړي. البته، دا پدې مانا ده چې په صنعت کې ډیری سیالۍ شتون لري.,"Given the low barrier of entry, dropshipping has become a popular business model among entrepreneurs who wish to start an online business without the major costs. Of course, this also means that there is a lot of competition in the industry.",0.39255452
په دې طریقه کې د تنظیم تکرار وده د نوی یا پرمختللي غوښتنلیک بازارموندنې لپاره د ګړندي وخت پیاوړتیا د ګټور بدلونونو کې,"Bring down disappointment rate of new discharges, more successive settle refreshes and speedier recuperation time in case of a change disappointment",0.39204657
ملي اردو چارواکي وايي، چې د افغانستان د سویل ختیز زون په پکتیا، پکتیکا، خوست، غزني، میدان ښار او لوګر ولایتونو کې د پیروز په نوم د پیل شویو جګړه ییزو او چاڼیزو عملیاتو په ترڅ کې ۳۱۸ وسلوال وژل شوي او ۲۲۸ نور ټپیان شوي دي.,"The Afghan government's share of blame for civilian casualties rose drastically last year, largely reflecting an intensification in the ground conflict between insurgents and Afghan troops, according to a new report from the United Nations released Saturday.",0.39185184
د المان فدرال حکومت د افغانستان د مهاجرو او بیرته ستنیدونکو د وزارت، د ولایتونو او ولسوالیو په کچه د سیمه ایزو مقامونو او همداراز د افغانستان د مالیې د وزارت سره همکاري کوي چې د هغو سره یوځای د کډوالو وضعې ته سمون ورکړي او خلک د هغوي په سیمو کې د طبیعي ناورینو په وړاندې سمبال او چمتو کړي.,"The German Government is working with Afghanistan’s Ministry of Refugees and Repatriations, the Ministry of Finance and provincial and local authorities to improve the situation for IDPs and build communities’ resilience to natural disasters.",0.3901292
د کیفیت تضمین سیسټم د هغو اصولو په واسطه رهبري کیږي چې زموږ د ځانګړي کاري کلتور ملاتړ کوي کوم چې درناوی ، د ځان مدیریت ، آزاده اړیکه او تخلیق شاملوي.,"The quality assurance system is guided by principles that support our unique working culture which incorporates respect, self management, open communication and creativity.",0.38826692
۷- د هغو نورو وظيفو ترسره كول چې ددې اساسي قانون او نورو قوانينو له مخي د حكومت له وظيفو څخه ګڼل شويدي.,"The lawsuit is conducted by a person appointed by the Loya Jirga. In this situation, the provisions of Article 67 of this Constitution are applied.",0.3872611
په سان جوآن دی لا رمبلا ، ټینیرف کې د پلور لپاره نوي اپارتمانونه! یو ، دوه یا درې د خوب خونه اپارتمانونه شتون لري. هر اپارتمان جلا چت چت لري ...,"For sale spacious apartment in Parque de la Reina, South Tenerife. Three bedrooms, two bathrooms, living room, kitchen and laundry room. Terrace with panoramic...",0.3871774
د زوړ انجیل تیاتولو کورس 1 د تیولوژي او وزارت درسونو انلاین لپاره د زاړه عہد نامې سروې په توګه رامینځ ته شوی، د عموما او غیر عادي طریقې په کار ګومارل شوی. د هر کتاب تاریخي پس منظر به د هغه د کرونولوژۍ او د هغه د رول سره سم د مسیح راشي. دغه سروې به د پیژندنې کتابونه د دویمې برخې له لارې پوښښ کړي. سمول.,"The Biblical Greek 2 course was developed for the Theology and Ministry Degrees Online improve your Greek studying by working with translation, preaching, teaching, and personal study. All that you have learned from Greek 1 will be applied on Greek 2, so you will be able to lead Bible studies, prepare sermons, or teach the Bible in the classroom.",0.38618517
ګرانې زیرمې کولی شي په زرګونو ډالرو ته رسیږي مګر وروسته یې، د تادیې فیس په عادلانه توګه نامناسب دی) په کال کې 10 $ $ 15 (.,"The expensive domains can reach up to thousands of dollars but after that, the renewal fee is fairly nominal ($10 – $15 per year).",0.3861154
> افغانستان كښې په بمي چاودنه كښې د طالبانو قومندان د خپلو څلورو كسانو سره مړ شو – د ناټو پوځونو هلمند كښې د طالبانو په هېډ كوارټر قبضه,"WASHINGTON, Feb 19 (APP): The United States has renewed its pledge to back an Afghan-led reconciliation process for a stable Afghanistan but has not been involved in any direct talks with the Taliban since the group since January 2012, the State Department said Thursday.",0.38599536
په عادي توګه تعصب، په غالونو کې بدلونونه او حتی کانتینر هم کیدلی شي. دا ټول علامات ډیر انفرادي دي: هر امیدواري ځان په مختلفو لارو او په مختلفو وختونو کې څرګندوي.,"All these signs are very individual: each pregnancy manifests itself in different ways and at different times. The correct symptom of the approach of delivery is the departure of the cork, which is manifested by secretions. They can be both transparent, and in the form of a bloody brown liquid. Cork can go away as a few weeks before childbirth, and during labor.",0.38553542
د کمپیوټر کمپیوټر ماوس: د کمپیوټر ماؤس په اسانۍ سره په جاکټ یا نوټ بوک کڅوړه کې کیښودل کیدی شي او ګرځنده کار اسانه کوي,Compact computer mouse: The PC mouse can be easily stowed away in the jacket or notebook bag and facilitates mobile work,0.382086
د سلما بند د جوړېدو کار تر اتو کلونو وروسته بشپړ شو. دغه بند به د زرونو هکتاره ځمکي پر اوبولو سربيره ۴۲ میګاواته بريښنا هم تولید کړي. په افغانستان کې نور کوم بندونه بريښنا تولیدوي؟,"Mustafa Zahir returned to a war-ravaged Afghanistan in 2002, after many years of exile. The grandson of the last king of Afghanistan, he is the director general of Afghanistan’s National Environmental Protection Agency (NEPA) and a key figure in the fight to save Afghanistan’s environment.",0.38202
که تاسو د خپل بهرني هارډ ډرایو پر له بده مرغه د معلوماتو له لاسه، اندیښنه مه کوه! تاسو اوس هم چانس ضايع معلومات بيرته تر لاسه کړي. د خارجي هارډ ډرایو څخه فایلونو بیرته ، تاسو کولای شی په لاندې وسیله هڅه.,"If you lost data on your external hard drive unfortunately, don't worry! You still have the chance to get lost data back.",0.38185596
The post یوې کروز بېړۍ تر ۱۰۰ ډېر کډوال چې یونان ته نيږدې په یوه سیند کې بند پاتې وو، وژغورل appeared first on The Migrant Project.,The post YEP-Gambia launches business loan scheme for young aspiring entrepreneurs appeared first on The Migrant Project.,0.38143906
٨ ځکه چه تاسو دَ ايمان په وسيله په فضل خلاصُون مُوندلې دې،دا ستاسو له طرفه نه نۀ،بلکه دَ خُدائ پاک بخښنه ده. ٩ اؤ دا دَ عملُونو په سبب نۀ ده،دَ پاره دَ دې چه څوک فخر ونۀ کړى.,"Should Christians try to evangelize atheists? Christian martyrdom - what does the Bible say? Should Christians desire to become martyrs? How can I evangelize my friends and family members without offending them or pushing them away? If I convert to Christianity, my family will disown me, and I will be persecuted. Should I follow Jesus?",0.38128066
■ د حالتو د کاروبار تحليل نظارت لکه chargeable ساعتونو کې، د بودجې د وړاندې څخه ګټه اخیستنه او د سرانه په داسې حال کې فعاله سرچینو پریکړو چلولو؛,"■ Oversee analysis of business forecasting such as chargeable hours, utilisation and headcount against budget while proactively driving resourcing decisions;",0.38089386
’دا ناممکنه ده! ‘ پړانګ وغړمبیدو. ’ زه تر ټولو طاقتور پړانګ یم او اوس به دې وخورم او د همیشه له پاره به دې غلې کړم! ‘,"‘That is impossible,’ roared the tiger. ‘I am the biggest and fiercest tiger of them all and I will gobble you up right now to prove it!’",0.37970245
یو ځل چې تغذیه شوی وی دفتر 365خپل د مائیکروسافټ سره لاندینۍ کچې ته راوړي MCSE: د شیدو پواسطه د بریالیتوب لپاره ګټورتیا.,"Once you’ve aced Office 365, bring your association with Microsoft to the following level with the MCSE: Productivity to overcome SharePoint.",0.3786375
تقریبا شپږ میاشتی مخکی محمد یوسف د تیلو د اور د اخیستلو له کبله د بدن نیمه برخه وسوځیدله. کورنۍ یی لومړئ غور ولایتی روِغتون ته چی هلته دیوی اونۍ لپاره بستر وو او بیا یی د هرات روغتون ته انتقال کړو چی د یوی ورځی بستر نه وروسته بیا کابل ته راوستل شو.,"After suffering of burns, the family shifted the child to the provincial hospital where he was admitted for a week and then shifted to Herat regional hospital, and after one day in Herat the child was referred to Indira Gandhi Institute of Child Health (IGICH)Kabul.",0.37849477
په مقابل کې د کلیو د بیارغونې او پراختیا وزیر ښاغلي نصیر احمد دراني، د افغانستان د اسلامي جمهوریت د کلیو د بیارغونې او پراختیا له وزارت سره د جایکا له مرستو څخه قدرداني څرګنده او هغه یې وستایلې، زیاته یې کړه چې د افغانستان د کلیو د پراختیا او پرمختیا لپاره د جایکا مرستې مهمې او اړینې دي چې باید په راتلونکې کې هم دوام ومومي.,"Mr. Zia, who has a master's degree in war recovery studies from Britain's York University, has no time for those learned publications that have recently predicted that the Taliban are winning the insurgency.",0.37849444
3 فرهنگ و پايداري انرژي در معماري سنتي و معاصر ايران دومين همايش ملي اقليم،ساختمان و بهينه سازي مصرف انرژي با رويکرد توسعه پايدار ملی ندا بهرامي صالحلو اصفهان 1392/02/22,29 How Government Systems have influenced the emergence of nationalist architectural movements in Iran and Turkey باغ نظر 14 ايران داراب ديبا,0.37400925
سږ کال په افغانستان کې ټولټال ۱۰۹ امریکايي پوځیان وژل شوي دي.,"If the demands are not met, the US could end up leaving zero forces in Afghanistan, similar to the way it completely pulled out of Iraq in 2011.",0.37167874
په ځانګړې توګه ماشومان د دوی ډیر وخت مصرف کوي. دوی د 20 ساعتونو لپاره په بست کې دروغ کوي. له دې امله، مهمه ده چې یو مناسب موزیم واخلئ. دا لارښود د دې لپاره دی چې یو لنډیز وړاندې کړي، تاسو ته د مناسبو محصولاتو په اړه زده کړه ورکړي، مختلف ډولونه وړاندې کولو لپاره، او تاسو ته څه وښایئ ...,"Infants in particular spend most of their time sleeping. They lie in bed for up to 20 hours. Therefore, it is important to buy a suitable babymat. This guide is intended to provide an overview, to educate you about suitable products, to present different variants, and to show you what ...",0.37103844
د شنونکو په وینا دا مهال، چې د افغانستان په باب د پاکستان تګلارو او پالیسیو بدلون موندلی، ښايي د ښکېلو لوریو تر منځ به کنګلونه ویلي او د شته حساسیتونو کچه به ورسره ټيټه شي.,"Hezb-i-Islami, a powerful and feared player in the fight against the Soviets and later in the country’s civil war, is now widely seen as a spent insurgent force that poses little military threat to the Afghan government, the Western military or its Taliban rivals. Instead, on the eve of the American troop withdrawal, Hezb-i-Islami’s real strength now lies with its political party.",0.37071466
دجیولوجی اوکانونو داکتشاف انجنیری څانګه دخپل اکادمیک ژوند په اوږدوکی دلسانس ، ماستر او ډاکتر په سویه تر 2000زیات انجنیران روزلی او هیواد ،خلکو او افغانی ټولنی ته یی وړاندی کړیدی .,"During the activity years of the department, textbooks, learning aids, lab manuals, and lecture notes of different subjects have compiled and provided by national and foreign professors and has been published for the students.",0.3702679
د لوی هیتیانو نجونو په اړه کیسه چې غواړي خپل کنوانسیون له لاسه ورکړي. په زړه پورې کیسه په دفتر کې چېرې چې کټګورۍ څخه فارغ شوي په ډاګه نه کوي ...,A story about big hentai girls wishing to lose their virginity. An interesting story unfolds in the office where the characters are retired ...,0.36972705
تاسو ته اجازه درکوي له Macbook، پد، Mac د سرپاڼې، USB ډرایونه، د ډيجيټل کمرې، ګرځنده ټلیفونونه لري او د نورو د ساتلو د رسنیو د معلوماتو وژغوري.,"SystemRescyeCD also comes with unarchiving and archiving capabilities, file managers, web browsers and a host of other utilities for PC management.",0.36909002
ښځه د تور رنګ په واسطه د تور رنګ رنګ ډیزاین سره د کمپاس ټایټ مینه لري. دا د ټایټ ډیزاین د دوی محاکمې ته ګوري,Women with a brown skin will love Compass tattoo with a black ink design. This tattoo design make them look attractive to the public,0.36888275
ټاکل شوې وه چې د ناټو د دفاع وزیرانو په دوه ورځینۍ غونډه کې تر ۲۰۱۸ پوري د افغانستان د ۳ لکه ۵۲ زره کسیز ځواک د تمویلولو په اړه پرېکړه وشي خو ظاهراً غړیو هیوادونو دا مسله خپلو اقتصادي ستونزو ته په پام سره راتلونکې ته پرې ایښې ده.,"It also relates to contracts worth $100,000 (£65,000) or more – despite most contracts being worth less than this. Last week, a group of Republican and Democrat politicians proposed new legislation to give Sigar greater powers, enabling the watchdog to suspend or debar Afghan and foreign contractors.",0.368815
ټیسټرسټون سیپونټی د عضلاتو کیفیت او ځواک ساتلو کې مرسته کوي. دا د هډوکي ځواک او کثافت هم ساتي. بله لویه خبره دا ده چې تاسو به تل ستاسو د روزنیزو غونډو لپاره خوښ شئ ځکه چې دا مخدره توکي به ستاسو کاري ځواک ته وده ورکړي او پیاوړي کړي.,"Being a prescription drug, you can either give it to yourself at the comfort of your home after a physician has told you how to do so. Luckily it is self-injectable, and this makes it easy to use. It is also obtainable in its generic form.",0.36740863
(له ما څخه نمونه یې وګورئ) هو ... دا دا ډول ګوند نه دی. راځئ چې بېرته جام ته راشئ! (تولید شوی),Browse Wishlist DJ Drops (Sample from Let it Go ) Yeah…. It’s not that kind of party. Let’s get back to the jams!(produced),0.3631273
موږ ښايي، خو نه لري مکلفیت، څارنه، سمول يا محتوا چې موږ په خپلو اختيار معلومول دي حرام، عملياتو، ګواښونه، توهی، افترا، بربنډ، ناوړه او يا په بله نيوکي یا کوم ګوند د فکري ملکیت یا د خدمتونو د دې شرطونو څخه سرغړونه لرې .,"We may also, in the future, offer new services and/or features through the website (including, the release of new tools and resources). Such new features and/or services shall also be subject to these Terms of Service.",0.36309904
دا ډول نیویارک ټایمز هم د طالبانود قطرسیاسي دفتر د برېښنالیک په حواله لیکلي چې د اسلام اباد د سولې خبرو کې ګډونوال د مذاکراتو واک نه لري، دغه کسان د آی ایس آی له خوا یرغمل شوې، د سولې د بهیر د ښه والي پر ځای ستونزې زیاتوي.,"I remember that Pakistan often had such touching expression and was honoring Karzai; and, we should not forget that Karzai, in the first days of his government, was being admired by Pakistan more than Ghani at that time",0.3620106
پيام افغان ټلويزون د امریکا له کېليفورنيا څخه خپرېږي . دغه ټلويزوني شبکه د يوه افغان سوداگر حاجي محمد عمر خطاب احمدزی لخوا په شخصي پانگې پیل شوه . دا,"Quran Pashto TV is a channel on the internet television station Islam4Peace from Acworth, Georgia, United States, providing Islamic Religious programming.",0.360889
د يو عيسائى د خودکشۍ په باره کښې څه خيال دې؟ مقدس کتاب د خودکشۍ په باره کښې څه وائى؟,"If marriage were intended only to gratify the personal desires of a man or woman, then, and only then, the description of holy wedlock as “foolish” might be valid.",0.35934258
پینل ته (پاپ نه دی) تاسو کولی شئ چې هرچلی چیرته ولاړ شئ او ګوته یې کړئ چې تاسو یې غواړئ. ما هغه ځای چې تاسو یې کولی شوم,to the panel ( Not Pop Up ) You can move switches and gauges anywhere you want them. I placed them where you could,0.35931286
ښځې په یوه ټولنه کې د بالقوه ځواک په توګه عمل کوي. هغه ځواک چې د یوه حکومت په سیاسي او ټولنیز راتلونکي کې د پام وړ رول لوبولای شي. په ټولو ډموکراټیکو نظامونو کې؛ قوانین، پرته له دې چې جنسیت، قوم او جغرافیایي محدوده په پام کې ونیسي د هېوادونو د اتباعو ټول مساوي حقوق تضمینوي...,Election and political participation are the tools used by all eligible layers of the society to elect the president and their representatives to elective bodies. Increasing youth’s understanding from political processes require...,0.35913467
جنرال طارق مجيد سره د برتانوې سمندري پوځ مشر ملاقات – د سيمې د بدلېدونكي صورتحال٬ د امريكا پخپله پاليسۍ د بېا نظر اچولو په اثراتو او د لندن كانفرنس په نتيجو د خېالاتو څرګندونه,"Peaceful Afghanistan, national unity top priorities: Ghani LONDON, Nov 4 (APP): President of Afghanistan Muhammad Ashraf Ghani Thursday said the establishment of peace and strengthening of the national unity were the top priorities of national unity government.",0.35870892
د جمهوري ریاست لومړي مرستیال سترجنرال عبدالرشید دوستم پرون د هېواد د بېلابېلو مسایلو په اړه څرګندونې وکړې.,"Abdusalom Ergashev, an analyst based in the Ferghana Valley, fears that this area, where Kyrgyzstan, Tajikistan and Uzbekistan converge, could become a lawless area as drugs money undermines governance.",0.35749322
له مصره Express يو سيمه هوايي شرکت په قاهره کې پر بنسټ ده، مصر. دا په توګه د له مصره د سیمې د متمم په 2006 جوړ شو او د 1 جون 2007 خپله لومړنۍ الوتنه پيل. دا 12 Embraer پست 170.,"EgyptAir Express is a regional airline based in Cairo, Egypt. It was established in 2006 as a regional subsidiary of EgyptAir and launched its first flight on 1 June 2007. It has 12 Embraer E 170.",0.35709566
د افغانستان د ۲۰۰۴ کال اساسي قانون د پخوانیو اساسي قوانینو په پرتله د قواوو د کنترول او توازن لپاره ډېرو میکانیزمونو ته ځای ورکړی دی. د نورو تر څنگ، قضایي بیا کتنه چې د قانون د واکمني او د اساسي قانون,"Stirring Up the Hornet’s Nest, is critical to our understanding of the impact of opium poppy production in Afghanistan. The findings shared in this paper can bring much needed insight to development w",0.35501015
د کلیوالي لارو جوړولو ملي پروګرام د کلیو د بیارغونې او پراختیا او فواید عامې وزارتونو ترمنځ ګډ پروګرام دی، چې د ۱۳۸۱ کال را په دیخوا یې د هرات په ولایت کې د سړکونو، پلونو، پلګوټو او نورو پرمختیايي پروژو د جوړولو په برخو کې خپل فعالیتونه پیل کړي دي.,The mentioned five projects will be completed at a cost of 300 thousand Afs from the budget of O.I.M. Upon the implementation of these projects about 900 families will gain access to potable water.,0.3546732
شیر محمد کریمی، صدیق صدیقی د داخلی وزارت ویاند او داکتر دادفررنګین اسپنتا ددی مراسمو د خطیبانو څخه وو چی دخلګو په مرستو سره د امنیتی ځواکونو څخه حمایت وکړ. د مطلب کود: 132021,"Moreover, overwhelming opinion is in favour of signing the bilateral agreement with Karzai’s successor; so that the new government owns and honours any such arrangement.",0.3543823
پاکستان د افغانستان په اوبو کې د ونډې لرلو په اړه موافقه غواړي,"With an improving standard of living and a projected population of 9 million by 2057, an estimated six-fold water consumption increase in the Kabul Basin was simulated in the groundwater-flow model described by Mack et al. (IV).",0.35403705
ایا تاسو په فرانسوي کې غوښه خوښوئ ، مګر نه غواړئ خپل بدن د اضافي کالوری سره ډک کړئ؟ بیا غوښه په فرانسوي PP کې پخ کړئ. دا ساده ، خوندور ، صحتمند او خورا ساده دی. د ګام په ګام لارښود وګورئ او د روغتیا او روغتیا لپاره پخلی وکړئ.,"Then cook the meat in French PP. It is simple, tasty, healthy and very simple. See a step by step recipe and cook for health and for health.",0.35368842
QINGDAO HAOKUN به د 2018 کال د نړیوال لوله او په دوسلدورف نل صنایعو نندارتون، د جرمني له 16 څخه تر 20 April.Looking ته ولاړ H6 G02 تاسو وګورئ د پرمختګ سره یوځای شي.!,"QINGDAO HAOKUN will join the 2018 International Tube & Pipe Industry Trade Fair in Düsseldorf, Germany from 16 to 20 April.Looking forward to see you at STAND H6 G02.!",0.35319966
دغه دیپارتمنت په کال ۱۳۸۷ه ش کی رامنځته شو او کمپیوتری علوم يو پراخه بخش د توری موضوعاتو او د هغه استعمال په کمپیوتری ژبو کی ، کمپیوتری شبکو کی ، سافټویری طرحو کی ، روباتیک کی ، د سیستمونو اداره، د معلوماتو ساتنه او داسی نورو تر بحث لاندی نیسی کولای شو ددی ریشتی تخصصی کارونه په څلورو لاندی برخو وویشو.,"CIS founded in 2009 and covers a broad area of computer science studies such as: communication systems that include IP and GSM networks, computer programming languages, information security, software systems and mobile technologies. Generally, CIS’s activities can be categorized into three areas:",0.35206336
د پروژې نوم: INNGANG ګاراژ ځای: ناروې محصوالت: د څرخې ګرمۍ exchangers / حرارت Wheel پروژه تشریحات: Holtop لپاره INNGANG ګاراژ، چې د ده د موټرو په محلي دوچرخه نامتو خدمت او ترميم د پلورنځي د څرخې ګرمۍ exchangers چمتو کړل. د ګاراژ معمولا د ګازو بوی ستونزه، له خوا usin ...,"Project Name: INNGANG Garage Location: Norway Products: Rotary heat exchangers / Heat Wheel Project Descriptions: Holtop supplied rotary heat exchangers for INNGANG Garage, which is the famous service and repair store for racing cars locally. The garage usually have the gas smell problem, by usin...",0.34826696
1986 باچا خان بابا خپل اخري تقرير د پښتو عالمي کانفرنس ته په نولسم اپرېل وکړو.,"1990: Wali khan lost his home constituency seat to Maulana Hasan Jan, a joint candidate of PPP and JUI. 1990: Wali Khan retired from parliamentary politics.",0.3480571
د کب ۱۱ مه – ۱۳۹۳ د سمنګانو ولایت په مربوطاتو کې د یوې پروژې د کار په بشيړتیا سره، ۷۲۸ کلیوالي کورنۍ لازمو آسانتیاوو ته لاسرسی وموند. یاده پروژه چې په هغې کې د ۳ کیلومتره کلیوالي سړک بیارغونه او کرېړ اچول شامل دي، د سمنګانو ولایت د...,With the completion of two water reservoirs in Jawzjan province 320 rural families gained access to safe water.,0.3477081
د ریاست جمهوری معاون وویل چی ځینی افراد مدعی دی چی جنرال دوستم یواځی شمال پوری زړه تړلی دی او نورو ولایاتو ته توجه نه لری خو که جنرال دوستم نه وای نن به هلمند د طالبانو په لاس سقوط کړی وای او په همدی شکل د ارزګان او قندهار ولایات هم سقوط کړی وو.,"In particular, he is suspected of participation in several attacks on US troops in 2009, as a result of which several people were killed and wounded. According to the Washington Post, US officials said that they have discussed the case with Moscow but that the Russians displayed little or no interest in his return.",0.3460071
1. د CNC تشه چک څه ده؟ سینی سکشن پيالې، لکه تشه spreaders په نامه هم یادیږي، د خلا تلسکوپی یو. په عمومي توګه، د تشې د کارولو پانګونه کړې تر څو مادو غصب ده د ارزانه ميتودونو يو. سینی ...,"1. What is the CNC vacuum chuck? Vacuum suction cups, also known as vacuum spreaders, are one of the vacuum actuators. In general, the use of vacuum chucks to grab articles is one of the cheapest methods.",0.34358358
نو غوره 75 انچ 4K تلویزیونونه کوم دي ، او تاسو چیرته موندلی شئ؟ تاسو به لاندې زموږ د پیرود لارښود کې هر هغه څه ومومئ چې اړتیا ورته ولرئ.,"So what are the best 75-inch 4K TVs, and where can you find them? You’ll find everything you need in our buying guide below.",0.34312344
دلته، د هغه فايل غوره کول چې مخکې جوړ شوي، ډاډ ترلاسه کړئ چې بڼه سمول ایس ایس ایل دی، او همدا رنګه د وارداتي بکس بکس په نښه کړئ. دا د لوی سایټونو لپاره ځانګړی اهمیت لري، ځکه چې کیدای شي چې ځینې وختونه سکریټ د چلولو اجازه لري ډیټابیس ډیټابیس وارد کړي.,"Here, select the file that has been created before, make sure the format selected is SQL, and also uncheck the partial import box. This is especially important for big sites, as the script might sometimes take longer to import the database than it is allowed to run.",0.34299102
یاده دې وي چې مصفرعبدالرحمن الغاصب په کابل کې د ملي وحدت حکومت له رامنځ ته کېدو وروسته په کابل کې د عربستان سفیر ټاکل شوی دی.,"According to Mutasim, the Taliban are mainly divided into two groups: the 'hardliners' and the 'moderate' ones.",0.34180808
په سیمینار کې د کورنیو چارو وزارت لومړي مرستیال لوی پاسوال جانان بارکزي له ملي پولیسو د خلکو په ملاتړ ټینګار وکړ او زیاته یې کړه، چې. . .,"Afghan Counter-Narcotics Special Operation Police, General Command of Police Special Units and Afghan Air Forces carried out a joint ground and air operation in the Achin district,. . .",0.34108627
د پېنځو حواسو (ليدل، اورېدل، ويل، بُويَوَل او لمس کول) په کارولو کې ازادي د ماشوم د ودې، غوړېدو، د هغه د حسي خوځښتونو د نوښتونو او پرمختګ لامل کېږي، نو په دې عمر کې بايد داسې کار ونه کړے شي، چې د ماشوم باچاهۍ او د حکم ورکولو احساس ته زيان ورسي.,"G. Wiet, Les marchands d'epices sous les sultans mamlouks (Cahiers d'Histoire Egyptienne), Cairo 1955. G. Wiet, Index de Djabarti (Arabic title: Fihris adjab al-athar), Cairo 1954.",0.3410677
د مایکروسافټ مستقیم لیږد سربیره په راتلونکي نسل کې د مور په لیکه کې) د مور د لارې لار - مور ته مور له ماشوم څخه ... (، یو بل کوچني اغیزه چې د زیږون په جریان کې پیښیږي شتون لري. دا خورا پیچلي میکانیزمونه د ایپیګینیکس مطالعه کوي.,"What is epigenetics? In addition to direct transmission of microbes to the next generation on the maternal line (through the grandmother's pathways - to the mother, from the mother to the child ...), there is another micro-effect that occurs during childbirth. These more complex mechanisms are studying epigenetics.",0.34052515
2.1.4 د مشر موقعیت. د سرونو د فلیټونو یا لوبونو ځنډیدل باید د 6٪ څخه ډیر نه وي,The head height shall be the overall distance measured parallel to the axis of product from the top of the head to the bearing surface and shall include the thickness of thewasher face where provided. 2.1.4 Position of Head.,0.3384061
"د اړه مسئوليت نه لري او د درملني برڅير و ځانګړي او herein دي په بدل کې د ټولو د نورو, شفاهي او يا ليکل شوي, او ضمني. ومنله, د وېش گر WorldLingo نه لري, استازي يا حکومتي کارکوونکي ته د هر ډول اجازه لري ده او يا زياتونې ته دا دنده سپارلې اړه مسئوليت نه لري.","The warranty and remedies set forth herein are exclusive and in lieu of all others, oral or written, express or implied. No WorldLingo dealer, distributor, agent or employee is authorized to make any modifications or additions to this warranty.",0.3380612
ستاسو د برانډ لپاره د انسټاګرام کیسې غوره ګټه پورته کولو غوره لاره دا ده چې د ګړندي رایی ، وخت حساس وړاندیزونو او خبرونو لپاره وکاروئ تاسو غواړئ خپل پیروان په راتلونکي 24 ساعتونو کې ولولئ ، او د برانډ پیښې ژوندی خپرونې سیشنونه لکه Q&A ، ویناوې او ناستې ، او حتی ویبینجرونه د نورو ماهرینو سره ونیسئ.,"The best way to leverage Instagram Stories for your brand is to use it for quick polls, time-sensitive offers and news you want your followers to read within the next 24 hours, and brand event livestreaming sessions like Q&A, speeches and meet-ups, and even hold webinars with other experts.",0.3365752
افغانستان د اسیا زړه بلل کیږي. د خپل مهم جغرافیاي او ستراتیژیک موقعیت له امله دا هیواد د منځنئ اسیا، جنوبي اسیا او منځني ختیځ ترمینځ د پل حیثیت لري. افغانستان بيشمیره طبعي منابع لري چې ارزښت یي ملیاردونو ډالرو ته رسیږي.,"The Aral Sea, once the fourth largest lake in the world, has almost completely dried up—but it’s mostly a man-made phenomenon, described as “one of the planet’s worst environmental disasters.”",0.33642453
برېښناليک خامخا وليکئ. دغه برېښناليک تر ٤٠ تورو زيات دى. دغه برېښناليک باوري نه دى!.,"Whenever you prono-unce 'Talbiya', repeat it three times and after it’s three times loud repetition you better recite Darod Shareef (soliciting blessings of Allah for the Prophet) with a low voice.",0.33539027
شراکت مشتریانو ته د خپرونې صنعت کې کار کوي چې د اپلو، ټرانزیټ، او د ډیرو ګوندونو سره لوی لوی ویډیو فایلونه شریکولو لپاره یو یو سایټ حل. AberFast او د FileCatalyst چټک، باوري او خوندي فایل وړاندې کول د ګالیچیني ټیکونو، د پیکټ ضایع، او نامناسب فایل فارمسونو له منځه وړل دي.,"Ang panag-uban naghatag sa mga kliyente nga naglihok sa industriya sa sibya usa ka one-stop solution sa pag-upload, transcode, ug pagpaambit sa dagkong mga file sa video uban ang daghang mga partido. Ang dali, masaligan ug masaligan nga file sa AberFast ug FileCatalyst nagwagtang sa mga kasaypanan sa glitchy tapes, pagkawala sa packet, ug mga format nga dili sumpay sa file.",0.33523673
5.Bitter خټکيو په کالوري خو په فايبر د لوړ ټیټ دی. د بشري او څارويو د زده کړو دا موندلې چې ترخه خربوزه استخراجول هم خيټه وازګه او د بدن د وزن د کمولو سره مرسته وکړي.,5.Bitter melon is low in calories but high in fiber. Human and animal studies have found that bitter melon extract may also help decrease belly fat and body weight.,0.3350817
مشري د وخت: 1-3 اونۍ سره په توګه ستاسو د بیا انعطاف وخت د سپارلو ګرنټی: 1 کال د کيفيت د تضمين او پریټی دخرسون خدمتونو وروسته,Lead Time:1-3 Weeks with Flexible Timely Delivery as Your Re Warranty:1 Year Quality Guaranty and Pretty After Sale Service,0.33447057
"د مالیې وزیر او د جورجیا د بهرنیو چارو وزارت ګډ ګډ ""د فعالیت فعالیت ازموینو لپاره د قواعدو تصویب د قمار کولو او نورو ګټورو لوبو اجازه ورکوي"" د 14.12.2011 №611-1013 څخه؛",Joint Order of the Minister of Finance and Minister of Internal Affairs of Georgia “On approval of rules for owners of performance testing permits gambling and other profitable games” from 14.12.2011 №611-1013;,0.33378702
بیل کارنیل (پورته عکس) او آرکټیک برداشت (پورته عکس) به د SOLASOLV ® سنسکرینونو سره روان شي چې د نیویگیشن برج وینډوز کې نصب شوي.,Belle Carnell (top image) and Arctic Endurance (above image) will be sailing with SOLASOLV® sunscreens installed at the navigation bridge windows.,0.33355904
که څه هم ځینې قضیې، د قواعدو استثناوې دي. په واقعیت کې، که څه هم دا یو پوه دی چې یا څنګه د بل سره په تړاو کې ځانونه لري، دا د اوریدلو وړتیا باید د اشغال یا بې کفایت سره ناڅاپي وي.,"Finally, it is useless, even counterproductive, to say one day, I will stop procrastinating. It is necessary to establish an action plan, analyze one's own behavior and set realistic goals.",0.3331624
د برن سړي د تور تور رنګ ډیزاین لپاره تیر شوي د تیر کلنۍ په اړه تیر کړئ؛ دا د ټایټ ډیزاین جوړوي چې ښکلې او زړه ښکاري,Brown men go for a black ink design Arrow Tattoo on their wrist; this tattoo design make them look cute and charming,0.3328467
انجنیر عتیق الله خواصي دعبدالغیاث زوی په ۱۳۵۲ هجري شمسي کال کې د پروان ولایت دشینوارو د ولسوالۍ په یوه دینداره او روښنفکره کورنۍ کې زېږېدلی دی.,He completed his primary educations in Nomania Ashter Shahr School in Ghorband district and in Al-taqwa high school peshawer pakistan and higher education in faculty of Engineering Nangarhar University in 2002.,0.33211628
ده په خپل ماموريت کې د هوايي ترافيکو د همغاړي کولو ترڅنگ هغو جنگي الوتکو ته هم لارښوونه کوله چې د ځمکنيو ځواکونو ملاتړ يې کاوۀ .,Any change in leadership is seen as an unwanted distraction from the process of nationbuilding and the war on terrorism.,0.3317135
هغه وویل د ایران سره د مذاکراتو خبری هر کله خلاص وو منګر اوس مونږ مجبور یو خپلی دیپلماتیک روابط د دوی سره بنده کړو.,"“I can’t imagine us having an effective transition in2015 without the single most important thing that has happened in the campaign, which is the elections of 2014,” Gen. Joseph F. Dunford Jr., the top U.S. commander in Afghanistan, said in an interview last month.",0.3315665
د سنګ فلور مایسټیک په اړه رواني سایفلورمیسیک د 16 تجربه لري چې د نورو سره مرسته کولو لپاره د رواني وړتیاوو کارولو تجربه کوي او د خپلو شخصي پوښتنو ځوابونه پیدا کړي. رواني سنګور ماستر په دې وروستیو کې د 2 غړو سره مرسته کړې ده [...],About SunflowerMystic Psychic SunflowerMystic has 16 years of experience using psychic abilities to help others and to find answers to their personal questions. Psychic SunflowerMystic has recently helped 2 members […],0.33139962
«په اوس وخت کی افغانستان د یوه تمثیلی، ملی مرکزی حکومت د درلودلوڅخه بی برخی دی. اوسنی افغانی حکومت چی دبهـرنیانولـه خواساتل کیـږی دهیڅ یـوې ملی مسالی اوپـه ځانګړی توګه د ډیورنډ دموافقه لیک په موضوع باندی دهیچاسره د معاملی دیواړخ په توګه دریځ نیولی نشی. اوس وخت افغانستان د نړیوال ایـتلاف ترتحت الحمایګۍ لانـدی دی او دباندنئ خپلواکۍ ا و ملی سیاست څخه بی برخی ګڼل کیـږی».,"We need a Security Council that is more representative, more legitimate, more effective, more accountable, and more inclusive with regard to civilizations. I realize that the emergence of such an integrative and more democratic model UN is impossible in the very near term.",0.33087263
افضل خان لالا د پاکستان د ولسمشر ایوب خان ځوی ته په پارلمینټ کې ویلي وو چې د پاکستان مفکر محّمد اقـبال د افـغانون لـیډرشیپ منلی و: «اسیا یک پیکر آب و ګل است* ملت افغان در آن پیکر دل است* از فساد او فساد اسیا* در ګشاد او ګشاد آسیا».,"In view of the foregoing considerations, the relations of the Kalat state with the colonial power were governed by the treaty of 1876, and consequently with the termination of that treaty the Kalat state will revert to its pre-treaty position of independence. The British Cabinet Mission was created in 1946 to discuss and finalize plans for the transfer of power from the British Raj to Indian leadership.",0.33057243
"3D خوځنده Galvo سیستم، دوامداره دسرزيان کې يو پړاو پاڼې د پایته رسیږي. ""په مچ"" ليزر تکنالوژي. د سترو شکل ټوکر، د نساجۍ، چرم، denim، Eva دسرزيان مناسب.","High speed laser marking, engraving, cutting leather labels, jeans (denim) labels, leather PU patch and garment accessories.",0.32958347
که څوک عامه نظم او امنيت ته ګواښ وګڼل شي؛ ښايي خپل هېواد ته ولېږل شي. په داسې حالاتو کې به د استوګنې يا دايمي ژوند اجازه هم له لاسه ورکړي.,"If you are considered to be a threat to public safety and order, you may be deported. In this case, you will also lose your residence permit/settlement permit.",0.32812434
څخه د دوتنې ستاسو په partitions زیرمه له لاسه د ځان د ساتنې لپاره، دا تل يوه ښه نظر ته مهم کسان someplace خوندي ملاتړ دی. تاسو کولای شی یا د دوتنې دوه او په مختلفو تجزېې په ورېځ ګودام کې يې وساتي او يا زيرمه يې کړي.,"Supports to recover data for sudden deletion, formatting, hard drive corruption, virus attack, system crash under different situations. Preview before recovery allows you to make a selective recovery.",0.32763362
په دې لار کې ولسمشر غني په کور دننه، د لنډپارو او ځانپالو تورونه هم پرغاړه واخیستل او هغه دا چې ولسمشر غني ولې د پاکستان له پوځيانو سره لېده کاته کړي او هغه ولې پاکستان سره د کړکېچ او مقابلې پرځای د خبرواترو لار خپله کړېده؟,"There have also been negotiations over appointing Taliban governors to three southern provinces - Nimruz, Kandahar and Helmand. This would have been the most contentious part of the deal for the international community.",0.3271131
دا پروسيجرونه طرح شوي دي چې د ټولو برقي معاملو بشپړتيا، پيرودونه او له منځه وړل د سيسټم دننه جوړ کړي. موږ په دې موضوع کې ستاسو پوهه درناوی کوو او د کومې بدبختۍ سبب کیږي چې بخښنه غواړو.,"These procedures are designed to ensure the integrity of all electronic transactions, purchases and withdrawals made within our system. We appreciate your understanding in this matter and apologize for any inconvenience caused.",0.32675958
د ۲۰۱۹ د اګسټ په ۱۶ مه یوه بس چې له ۳۰ ډېر ناقانونه کډوال په کې سپاره وو،...,"In Gambian President Adama Barrow’s State of the Nation Address on 13 September 2018, he laid out of a plan by the government...",0.32538116
ایا تاسو فرانسه کې ناقانونه مهاجر یاست او غواړئ چې خپل هیواد ته بېرته لاړ شئ؟ کډوال نیوز تاسو ته په دې اړه معلومات درکوي.,The French government has introduced new measures that make asylum laws stricter in the country. Fact Check host Sertan Sanderson takes a look at a few of them.,0.3252639
د چنګاښ ۳۱ مه – ۱۳۹۳ د څښاک د پاکو اوبو دوه پروژو کار د سمنګانو ولایت په خوا شا کې بشپړ او ګټې اخستنې ته وسپارل شوې. دغه پروژو کې د څښاک د پاکو اوبو د(۲۳) کوهیانو کیندل شامل و چې د سمنګانو ولایت د فیروزنخچیر ولسوالۍ د تولګیچي او...,Upon the construction of two Micro Hydro Power (MHP) projects the houses of two villages in Lal Wa Sarjangal district of Ghor province will be enlightened by the Ministry of Rural Rehabilitation and Development (MRRD) in the near future. The...,0.32510358
5 ګام بشپړیدو، تاسو کولی شئ چې د يادښت د دوتنې په موخه وګوري څو د غلطيو د ثابت د چک د هارډیسک ټولګټې له خوا هکله معلومات ترلاسه کړي.,"If the quick scan can't find your data, go to deep scan which will deeply search and take more time.",0.32478574
قمار كولو ټول ډولونه په رسمي توګه د 1928 په وخت كې او په هغه وخت كې منع شوي و روسیه د شوروي د واکمنۍ لاندې و. دا د 1980s تر پایه پورې پای ته رسیدلی، کله چې ځینې یې د بدلون له الرې تعقیب شوي. په 1988 کې، هیواد یوازې په ځینو سیمو کې د سلاټ ماشینونه قانوني کړي. د قمار كولو بنديز په 1989 كې بشپړ شوى و.,"As of January of the current 2017 Gambling is illegal in Iceland, with the exception of lotteries and other gambling activities initiated by non-profit organizations.",0.3245361
رییس جمهور اشرف غنی نن دغرمی نه مخکی په یو کنفرانس کی د امنیتی او دفاعي ارگانونو سره وکتل,The Afghan Minister of Health and representatives of nine ministries commended the support of the Khalifa Foundation to this vital project. 8 Mar 2014 10:16 India and Pakistan:,0.32436877
د عالي قوت عناصر د منفي او د قدرت د لين فعاليت په موده کې د کیبل د ګډوډۍ او يا نورو زيان خطر کم کړي. وس په لين د لوړ ولتاژ کیبل د ډاډ او ستونزو proofed mounting جوړښت جوړ کړي.,"Jera Line actively uses stainless steel in the production of drop wire clamp and stainless-steel band for overhead attachments. In this regard, we carefully follow the news, developments in this market. TISCO company ...",0.324066
یو ډیر شمیر صنعت کارکوونکی نن سهار په کابل کی د ۲۵ فیصده ډیریښت د برق بیلان دپاره یی د بریښنا شرکت ته راغلی وو او غوښتل یی چی دغه ډیریښت یی کمه کړی,"The Afghan Industrial Union (AIU) criticized the presidential candidates' offices for printing promotional materials abroad, particularly in Peshawar, Pakistan.",0.32266366
د دې دستګاه ریس حاجي معلم شاولي خان وايې(( د چاه انجیر دستګاه د هیواد په کچه یوه لویه بنسټیزه او ارزښتناکه تصدي وه، چې د ټولو ولایتونو د اوبو بندونه، لويې فامیلۍ، دولتي تاسیسات هغه وخت دهمدي دستګاه د ماشینونو، وسایلو او مسلکې کار ګرو په مټ جوړ شوي دي)).,"The often bloody performance of the Shiite custom of mourning with self-flagellation can be especially inflammatory. ""The night before Ashura, they slapped their chests and caused damage to the mosque - there was blood in there,"" said Qudratullah. "" Sunni students objected and the clashes began.""",0.32142463
د ویښتانو مینځل، Argan د تیلو Nourishing وېښتان درملنه، هوليسټک د غوښو مالش 18 €، په Qawra (giftable) په روح د حل د وچې او د سپا سهولتونه استعمال غوڅه – روح Solutions- Open Deal,"Gelish, polnil ali celoten sklop Nails z Janice Farrugia – Janice Farrugia- Odpri Deal",0.3210041
دمیدان وردک ولایت دپوهنې ریاست اړوند ممتاز زده کوونکو دعلمي سفر څلورم پړاو چې دپوهنې وزارت څخه پيل او د افغانستان له ارګ څخه لیدنه وه پای ته ورسېدو، په یاد سفر...,Read more about Ph.D. Mirwais Balkhi emphasized the role of the Ministry of Education in national cohesion and unity,0.32079685
فوری معلومات د تشکیلولو موډل: د پلاستيکي انجکشن د محصول محصول توکي: د فولډ محصول: د کورنۍ وسیله نوم: د پلاستيکي انجکشن د تولید محصول نوم: ...,Quick Details Shaping Mode: Plastic Injection Mould Product Material: Steel Product: Household Appliance Name: Make Plastic Injection Mould Product Name:…,0.3198852
دلته مخونه په توګه د یوه خصوصی ولوستل شي، له لارې د بېلابېلو کړنو امکان د لوبې په ترڅ کې د ټولو لوبغاړو په پيل اخلي. پر ویشل جوړو دریځ-يوازې برخو، دوه برابره ښکته، بیمه شته دي، او د یو آسانه پیل چې نوي لوبغاړي ترلاسه مرسته تسليميږي.,"Legislative regulation of gambling business in Vietnam Without the creation of appropriate conditions for future investors and operators about any successful development of gambling can not walk and talk. It is well aware of the country’s power, so try to make the investment environment in Vietnam as comfortable as possible, not forgetting about the interests of the state.",0.31892037
نړیواله ډله: د میانمار چارواکو د راخین په ولایت کښې د روهینګیا مسلمانانو بشري حقوقو نه سر غړونې په اړه څېړنې کولو او تر حقیقت رسېدلو لپاره د یوې کمېټۍ جوړولو خبر ورکړي.,"TEHRAN (IQNA) – An Iranian lawmaker highlighted the growing trend of Quranic activities in Iran since the 1979 Islamic Revolution, saying the country has become a hub of Quranic culture in the world.",0.31629974
تازه خبر د ولسي جرګې دویم نائب محمد نذیر احمدزي د مدني ټولنو له یوشمېر استازو سره ولیدل ، د مدني ټولنو استازو د اطلاعاتو او کلتور وزارت د ځوانانو چارو د معین کمال سادات په اړه نیوکې درلودې . شنبه ٬د مرغومى ۲۳ مه٬ ۱۳۹۶ ل,"Latest News Wolesi Jirga ratifies MPs suggested draft in some materials of procurement law, adjustment draft law of administration for financial affairs and verification of formal documents and law of translation Wednesday 23 May 2018",0.3158853
دلتامترين در عين حال كه حشره كشي قوي و موثر است سميت آن نيز براي انسان زياد نيست. دوام حشره كشي دلتامتري حدود 5 روز است و از اين رو باقيمانده طولاي روي گياه ندارد.,"Deltamethrin 2.5% EC - various formulated and imported pesticides, local and imported seeds, local and imported fertilizers and plant nutrients and sprayers of GOLSAM GORGAN CHEMICALS CO.",0.3154698
آیا زه له موتورولا Xoom ټابلیټ د حافظې کارت ړنګ عکس بیرته؟ ډاډه، تاسو کولی شئ دا کار، سره صفر د کيفيت له لاسه. ادامه پر ته د حل لپاره معلومات ترلاسه کړي. ...,"Clone your hard drive with free dick clone software,and recover hard drive data if hard drive clone have failed. ...",0.3148096
د خوست ولایت د ګربز ولسوالي د پاکستان د وزیرستان له سېمې سره تړلې ده. د دې والسوالۍ یو اوسېدونکی، جنت ګل وايي «کله چې به زه کور پسې دیغ شوم او غوښتل به مې چې ورسره خبرې وکړم، د هغوي تلیفون به مړ وو».,"In addition, under the Constitution, all the common languages of Afghanistan are official in the areas where they are spoken.” “Strengthening these official languages and the so-called national languages under the decree is not the duty of private media outlets.",0.31477362
[يَا أَيُّهَا الَّذِينَ آمَنُوَاْ إِن تُطِيعُواْ فَرِيقًا مِّنَ الَّذِينَ أُوتُواْ الْكِتَابَ يَرُدُّوكُم بَعْدَ إِيمَانِكُمْ كَافِرِينَ ] د آل عمران سلم مبارک آيت .,"Leaked NATO Report Shows Pakistan Support For Taliban Insight: Few options for Afghan, U.S. leaders after Kandahar massacre Presenter: Secretary of Defense Leon E. Panetta and Daoud Sultanzoy, Tolo Television",0.31439283
دا کار په کار کې یو همکار او کیدای شي یو له بل سره مینه ولري. د وضعیت یو ډیر واضح تعریف به د خوب خوب بشپړ تفسیر کړي. همدارنګه، داسې خوب کولی شي ستاسو ملاقات د ساتونکي فرښتې سره، څوک چې هڅه کوي د چټک پیښو په وړاندې خبر کړي.,"A more precise definition of the situation will give a complete interpretation of the dream. Also, such a dream can mean your meeting with the guardian angel, who tries to warn you against hasty events. If there were several strangers, then a series of events will make you in the future either rejoice greatly or be very upset.",0.3143558
د لیندۍ ۶ مه – ۱۳۹۲ د فاریاب ولایت د ملي پیوستون پروګرام شپږ تنه انجنیران هغه مهال په شهادت ورسېدل چې غوښتل یې د هغه ولایت د المار ولسوالۍ له پرمختیايي پروژو څخه څارنه وکړي. وسله والو مخالفینو د میمنې د ښار په پنځه کیلومترۍ کې، د...,The six employees of the National Solidarity Program of the Ministry of Rural Rehabilitation and Development were brutally martyred while travelling to Almar district of Faryab province for the controlling and monitoring of development...,0.31369266
"د سيالي جادوټ د پيسو جادو نومېږي، دا د 5 رېل او د 9 تنخواې لري، او په دې کې کې ډيزليکونه، د توزيع سمبولونه، ځنګلونه، او يو $ 5,000 لوړ جايزه شامل دي.","Ang nasud adunay taas nga kasaysayan sa legal nga sugal sukad sa 1906, kung ang National loterya loterya Gilalang si Romana. Panahon sa komunistang diktadurya ubos ni Nicolae Ceausescu sugal gidili, apan sa 1990 ang rehimen gilumpag, ug ang sugal nahimong legal na usab.",0.3133385
هیله مې لرله یوه ورځ ولایتي او بیا ملي ټيم ته لاړ شم او د افغانستان په استازیتوب ولوبیږم، بری خپل کړم او هېوادوال مې خوشحاله کړم، غوښتل مې د نبي عیسی خیل او شهزاد په څير و اوسم,"Meanwhile, the Governor of Balkh, Mohammad Atta, together with the heads of the security bodies have passed a resolution on Sunday that prohibits demonstrations inside the area of the Hasrat-e Ali mosque and calls on imams to abstain from preaching against government policies.",0.31237066
[25.Feb.2009 - 10:44] طالبانو په سوات کی دنامالومی مودې پورې اوربند اعلان کړى دى - د پښتونخوا خبریال [24.Feb.2009 - 22:43] Mohammad Afzal Khan :A Ray of Hope in the Abyss of Extremism - Pukhtoon Unity Forum,The people gathered at Hazarkhwani Chowk Ring Road on Saturday 5.30 pm and started walk towards the shrine of Rehman baba with white flowers and candles in their hands.,0.31153187
د دوستانه کارمندانو او ناول خدماتو په اړه انمین هیتی. یو ښکلی کیسه په هغه خونه کې نښې نښانې کوي چېرته یې د ...,Anime hentai about friendly staff and service novels. A curious story unfolds in a room where the characters took shelter for ...,0.31148216
د افغانستان اسلامي جمهوریت د بهرنیو چارو وزیر صلاح الدین رباني، د چین ولسي جمهوریت د بهرنیو چارو وزیر وانګ يي او د پاکستان اسلامي جمهوریت د بهرنیو چارو وزیر مخدوم شاه محمود قریشي د افغانستان-...,Iranian Foreign Minister Mohammad Javad Zarif says economic sanctions imposed by the United States against Iran will fail to have any impact on the policies of the Islamic Republic at home or ...,0.3104546
بيا 3.The کارونکي راتلونکو کړکۍ په کوم کې چې جومونگ شي بدل تر لاسه کولای شي. دا د دې هم په بشپړ ډول د بهیر بشپړوي: Internet Explorer,These are therefore easy to implement and get the user straightforward in relation to the process implementation.,0.3091454
د لاس رسۍ حق - معنی تاسو د پاسپورټ څخه راغونډ شویو ارقامو ته د رسېدو حق لرئ. پدې کې ستاسو د غوښتنې غوښتنه او ستاسو د شخصي معلوماتو راټولولو کاپي ترلاسه کول شامل دي.,Right for the help of supervisory authority – meaning you have the right for the help of a supervisory authority and the right for other legal remedies such as claiming damages.,0.30806467
بل بدیل دی د برانډ بالټ کوم چې د پریمیم ډومین نومونو غوره انتخاب غوره کوي. دا ډومین نومونه په ځانګړې توګه الس ته راوړل شوي دي د ډومین نوم purveyors او ممکن یو ډیر ګټور سرچینه وي که تاسو د یو ځانګړي ځانګړی لپاره وپلورئ.,Another alternative is Brand Bucket which offers a more selective choice of premium domain names. These domain names are specially handpicked by domain name purveyors and could be a very useful resource if you’re shopping for something unique.,0.30771255
امريکايان او په ځانګړي ډول اوباما ښه پوهيږي چې نور د کرزي صاحب وخت ختم شوي، هغه د يو سمبول په ډول د څو مياشتو له پاره ناست دی، ځکه خو يې دولسمشر کرزي همدومره سپکاوی وکړ، مهمه داده چې امريکا هر وخت د خپلو لاسپوڅو سپکاوي کوي، او تر هغه وخت پوري راکړه ورکړه ورسره کوي تر څو چې ددوی ګټې پکې خوندې وي.,"Wideness support of the communists, anti Pashtoon (Sitam), Afhgan Millat (Pashton Group), Shulayee group relative people (like Chinese Communists), intellectuals, technocrats, young generation, writers and poets, some cultural spiritual elders (Pir Gailani & Mujaddadi), and support of ANA and ANP (not all, large number) were with Ghani.",0.30671024
د اوسپنې د لارې د انجینری دیپارتمنت رسالت د هیواد د اړتیاو او د کار د بازار د غوښتنو او همدارنګه د هیواد د اوسپنې لارې د 5500 کیلومتری شبکې د سترو پلانو پر بنسټ ( اساس) ددې څانګې لیوالو (غوښتونکو) په ملی او نړیوالې کچې د ورځې د غوښتنو مطابق د مسلکی او تخصصی پوهې سره روزل څخه عبارت دی.,"Graduates of the Department of TE have a strong professional knowledge of design, construct, planning and management and maintenance of the infrastructure projects. They have professional required skills to make related job opportunities for themselves and others.",0.30634356
"په ټولنه کې ځینې ښه بلاگران شتون درلود. له بده مرغه، دلته ډیر سست سړی بلاګګران هم وو. خلک به ستونزې راولي او د مرستې غوښتنه وکړي. خپل ځان، یا بل غړی، بیا به یو اوږد مهاله ځواب وټاکي چې دوی یې د څه کولو لپاره تشریح کړي. اکثرا خلک به وپوښتل شي ""آیا تاسو یوازې دا زما لپاره نه کوئ؟"".","Unfortunately, there were a lot of lazy bloggers too. People would post problems and ask for help. Myself, or another member, would then post a long detailed reply that explained what they needed to do. Frequently, people would ask “Can you not just do it for me?”. This lazy half-assed approach to working online was very frustrating.",0.30616662
په ارزګان ولایت کي پراخوپوځي عملیاتوپيل شوي ډي د کندهارولایت کي ۳۲ افغان پوځیان وژل کیدل,"According to Thijs Berman, a Dutch socialist MEP (S&D) sitting on the European Parliament's Afghanistan delegation, ""the quality of the2014 elections [will be] even more important for the future of Afghanistan than the withdrawal of international forces.""",0.3053776
د سینټ ټتوګانو د 20 وړاندې شتون درلودth پیړۍ کله چې تاسو د سینټ ټتوګانو کارولو هڅه کوئ، ډاډ ترلاسه کړئ چې تاسو دا بشپړ ډیزاین لرئ چې ستاسو کیسه به درکړي. انځور سرچینه,"The chest tattoos have been in existence before the 20th century. When you are making use of the chest tattoos, ensure that you have that perfect design that will tell your story. image source",0.30438924
د اور په واسطه تودوخه وساتئ او ټول په یو بشپړ پیرود کې بهر بیروني ناستې ولرئ. د 5 لپاره سیټینګ ب andه کول او ستاسو د مرکز ټوټې په توګه د ګاز ډیزاین میز ، تاسو به د ټول دوبی په اوږدو کې د کور دننه کوربه توب خوښ کړئ.,"Featuring seating for 5 and a stylish gas fire table as your center piece, you will love hosting outdoors all summer long.",0.30311227
ټایټستونکی چې ستاسو انځور یې کولی شي د ټټو یوه مهمه برخه وي. دا ستاسو لپاره مشکل دی چې تاسو داسې ټایټ ترلاسه کړئ که چیرې ستاسو ټایټسټټ ماهر نه وي لکه څنګه چې تاسو تمه لرئ چې څوک یې وي. که چیرې تاسو د یو شی په لټه کې یاست نو خپل لمر ته د لمر ګلان ټیټ واخلئ.,The tattooist who might do your drawing is a critical part of tattoo. It is difficult for you to get a tattoo like this if your tattooist is not as skilled as you expected the person to be. Take your sunflower tattoo to the next level if you are looking for something chic.,0.30287245
""" او په هغه خدای مې قسم چې محمد(ص) يې مونږ ته راوليږۀ زما او زما د ملګرو نيت هماغه د حسين او د هغه د ملګرو نيت دے"".","In particular, their chests and thighs should be covered. f. Create love for SalÄ t in your child, as AllÄ h (swt) clearly states in the Noble Qurâ an that SalÄ t makes one far from ugly acts.",0.30226555
1 ګام: مخکې پر وينډوز د يو بهرني هارډ ډرایو Formatting په، پورته په خوندي ځای کې ټول مالوما مالومات لکه فايلونه، موسيقي او د رسمي معلوماتو په ملاتړ.,"Step 2: To format an external hard drive, plug in the device into system or a wall outlet.",0.30224118
په ناروې کې ماشومان او ځوانان د زده کړې مکلفیت لري. یانې په ناروې کې ټول مېشت ماشومان حق لري، چې لس کاله په لومړني او منځني ښوونځي کې زده کړه وکړي.,All children and young people are required to attend school in Norway. This means that all children living in Norway have the right to ten years of primary and lower secondary education.,0.30133182
ډیری خلک د خپلو ضایع شویو ضایعاتو په څیر ناراض دي او دوی دې ته اشاره کوي چې ښاغلی سولوټ یې غلا کړی. ناڅاپه ټول هالس د ښاغلي سولوټ په وړاندې مقاومت کوي او هغه د هغه د ژوند لپاره بیا پرانیستل پیل کوي!,"The crowd is angry as most lost their bets and they start to argue that Mr. Sloto has cheated. Suddenly the whole halls turns against Mr. Sloto and he starts running away – again – for his life! “Quickly to the time machine”, says Victor.",0.3006423
داستاد فصیحي په باور، په ټولیز ډول، داسلامي احکامو پر بنسټ له دوه ډوله جهاد سره مخامخ کیږو، په لومړي قدم کې اصغر جهاد دی چې دحق، عدالت او خپلواکۍ دخوندیتوب، دانساني شرافت او کرامت داحیا، په موخه دتیري او تجاوز دمخنوي لپاره له دښمن سره مبارزه دی.,"PRESIDENT HAMID KARZAI, Afghanistan (through translator): Afghanistan will never sign the security agreement under pressure. No pressure, no threat, no psychological operation against our people can force us to sign the security agreement. If the foreigners want to leave, they should leave today. GWEN IFILL: Karzai insists he will not sign until Afghans vote on April5 to elect a new president. The U.S. and NATO have warned against further delay.",0.3004726
د ملي یووالي حکومت اجرایوي رییس وايي، حکومت د رڼو ټاکنو کولو ته ژمن دی او د بایومټریک سېسټم کارولو په اړه به د ټاکنو کمېسیون وروستی دریځ د خلکو او سیاسي ګوندونو اندېښنې لرې کړي.…,KUNDUZ (SW) – The supporters of Junbish party on Friday closed down the Sher Khan port in Kunduz against the arrest of Nezamuddin Qaisari and for the return of vice president Abdul Rasheed Dostum.,0.3002314
دا په اسانۍ سره لیدل کیدی شي: که چیرې تاسو د امکان تر ممکن حده پورې پښه وخورئ، ډنډ ترټولو لویه کچه اخلي. که تاسو د پښو څخه لاړ شئ، تاسو روښانه توپیر په ګوته کړئ.,"That's easy to see: if you pull the toe up as far as possible, the ankle takes its largest extent. If you let go of the foot again, you notice the clear difference.",0.29863235
که څه هم چې د انټرنیټ په څیر د انجیل په څیر ذکر شوی، کوه رونګ د ګوند ټاپو نه دی. هو، د کوه ټچ د یو چاپیریال لرلو شهرت لري، مګر لکه څنګه چې پورته یادونه وشوه، کوه رونگ یوه لوی لوی ټاپو دی چې د رخصتي ډیری مهمې موقعیت لري.,"Though it is mentioned like gospel across the internet, Koh Rong is NOT a party island. Yes, Koh touch does have a reputation for having a lively atmosphere, but as noted above, Koh Rong is a VERY big island with many fantastic holiday destinations.",0.29807204
فرهنګیانو او مدني فعلانو نن د ۲۰۱۴ کال د اکتوبر د میاشتې په ۱۳ مه نېټّدوشنبې په ورځ په یوه غونډه کې وویل؛ ددې راټولیدنې هدف یې دا دی چې؛ په ژوندوني یوه اتله چې هڅې یې د پوهنې او سولې لپاره دي او په دې برخه کې یې د نوبل جایزه تر لاسه کړه وستايي .,"The conference titled ‘ Pashto language, literature and culture’ was arranged under the auspices of Centre of Pashto Language and Literature University of Peshawar at Sir Sahibzada Abdul Qayyum Khan museum hall here on Tuesday. Research scholars said that they would support research projects initiated for further improvement of Pashto literature.",0.29775256
آيا تاسو په وينډوز 10 سره د فساد دوسیې موضوع سره مخ؟ موږ بحث چې څرنګه د هغوی له منځه د SFC د کارولو او DISM سره سیستم امر انتخاب ته وروګرځوي. ...,Are you facing issue with corrupted files in Windows 10? We discuss how to eliminate them using the SFC and DISM commands along with System Restore option. ...,0.29721105
د بلاګ پوسټ لیکل اسانه ندي ، مګر د بلاګ پوسټ لیکل چې بدلوي حتی خورا ستونزمن دي. تاسو د لیدو لپاره ارقام لرئ چې له لارې یې کش کړئ ، متخصصین یې ومومئ او نرخ ورکړئ ، د قضیې مطالعې څخه ډاټا او فای ته راپورونه ...,"Writing a blog post isn't easy, but writing a blog post that converts is even more difficult. You have audience data to dig through, experts to find and quote, data from case studies and reports to fi…",0.29680607
په تکنيکى توګه د شريعت لس حُکمونه هم د عيسائيان د پاره نۀ دى. اګرچې د شريعت د هغه لس حکمونه نه نهه په نوې لوظ نامه کې بيا ليکلى شوى دى (ټول، خو د سبت د ورځې د مناوولو نه بغېر).,"Righteous Father, though the world does not know you, I know you, and they know that you have sent me. I have made you known to them, and will continue to make you known in order that the love you have for me may be in them and that I myself may be in them” (John 17:22-26).",0.29647017
هغه نجونې چې د روښانه بدن پوستکي وي د تور تور لپاره ځي، په شاته اوږد کې د ایګل ټایټ ډیزاین لپاره چې دوی خورا ګران او پیارا وګوري,"Girls with bright body skin will go for a black ink, eagle tattoo design on the back shoulder to make them look more attractive and cute",0.2959329
1919د رولټ اېکټ خلاف ئې د سياسي ژوند اغاز وکړو. 1919ګرفتار شو .,The task was given to them to raise the masses against the British government both in Kohat and Karak. 1943: In January Wali Khan participated for first time in the civil disobedience movement against British government.,0.29548764
د تامین پول سمه بیا سمه ده، او د پول میز دلته د سیانکوکیلو ترټولو غوره ځای دی، نو تاسو به د کار کولو څخه ډډه ونه کړئ. او سره له دې چې په دې وروستیو کلونو کې دا ډیر مشهور جذب کیږي، دا هم عموما ډیره خاموش دی (په ځانګړې توګه که تاسو د لوی تیمینګ حوزې څخه لرې وي).,"The swimming pool is right next to the bar, and the pool table here is one of the best in Sihanoukville, so you won’t run out of things to do. And despite it becoming a more popular attraction in recent years, it is still usually pretty quiet (especially if you sit away from the main swimming pool area).",0.29397646
د مرغومي ۲۸ مه / ۱۳۹۰ د لغمان ولایت د علینګار ولسوالۍ د کندې د سیمې ۶۱۰ متره استنادي دیوال ګټې اخیستنې ته وسپارل شو.,This 610 meters long retaining wall has been constructed in Kande village of Alingar district at a cost of more than AFN seven million through National Area Based Development Program of the Ministry of Rural Rehabilitation and Development in five months.,0.2935142
د hopper په لاندينۍ لاسونه وتړل او د لنډ وخت لپاره د ماشین په بياودانولو کې کله ښکته (دننه 30 دقیقې) د بېرل حافظه، د مخنيوي د غذا د ستوني مخه نېسي. د لاسونه خلاص او تصديق ته زرق د بيا پيل وروسته د ژاولې خواړه.,"Close the baffle at the bottom of the hopper and purge the barrel when shutting down the machine for short time (within 30 min), avoiding blocking of the feed throat. Open the baffle and feed resin after confirming to re-start injection.",0.29280743
ناروېژي ژبې د زده کړې تمرین کوي. ګډون کوونکي د ژبې د زده کړې لپاره د عملي کار له لارې هم ژبه زده کولای شي او هم په کاري ژوند کې له خلکو سره اړیکې پیداکولای شي.,Do you have children in Norway? Have the children participate in various after-school activities. Accompany your child and use the opportunity to get to know new people!,0.2926677
د ښاغلي امرخېل په اړه راپورته شوې ستونزه ولې د قانوني لارو نه مطرح کیږي. په رسنیو کې په دې اړه دومره غالمغال اخر د څه لپاره؟,"This determination could be used in negotiations among themselves over how to distribute government positions. In other words, they had accepted ""electoralism,"" if not democracy.",0.2925008
داسې ښکاري چې دیوې داسې وحشتناکې فاجعې په وړاندې، ترهرڅه ډېر، دملي یووالې دحکومت عجیب اوغریب سکوت دی چې دخلکودرنځ او اندېښنې سبب شوی اوهغوئ له ځان څخه پوښتي چې په واقعیت سره پدې هېوادکې، څه شی په جریان کې دي اوولې زمونږ حکومتي مشرانو، دامریکایانوپه مشرۍ دلوېديځو هېوادوله لوري دتحمیل شوې فاجعې اوبحران په وړاندې چوپوالی غوړه کړی دي؟!,"So in light of all these historical aspects, I would like to pose just one question, who now is to be blamed for the destruction in Afghanistan? I think the answer is clear: it is the Afghans themselves. The Afghans have remained in foreign hands for their own interest.",0.29240167
د هرات پنځمه امنیتي غونډه د اروپايي،ارمریکا او اسیايي هېوادونو د استازو په ګډون د هرات په ښار کې پیل شوه.,The existing agreement has no expiration date and prevents U.S. military personnel from being prosecuted under Afghan law — a must-have for status of forces agreements the U.S. signs with countries around the world.,0.2917961
په دې نعت شريف کښې به مونږ تاسو ته د يوحنا انجيل په يو روايتی او حمديه انداز کښې وړاندې کوو.,"""A Presentation of Gospel of John sung in a special """"song of praise"""" form, very traditional and very acceptable to our friends.""",0.2915548
په بلوچستان کې بمي چاودنې او راکټي بريدونه عادي چار ګرځېدلی ، يوازې په وروستيو شپږو مياشتو کې د ۱۱۶بمي چاودنو راپور ورکول شوی . دکميسيون په وينا حکومت نور قادر نه دی د خلکو ژونديا مال وساتي . (۱۴),"The country is challenged by a revitalized Taliban-led insurgency, record rise in drug production, deterioration of the rule of law, and weakening national government in the regions outside the major cities.",0.2902255
د هغو کسانو لپاره ډېر ساده او په زښتې څه د هغوی د iPhone په لټه کې دي، د دې دېوال دی هرو مرو يو ښه انتخاب. د رڼا رنګونه او ساده بېلګه، د دې دېوال هغه کارنان چې د يوه ساده واله دېوال په لټه کې دي جلبوي.,"For people who are looking for something very simple and sober for their iPhone, this wallpaper is definitely a good choice. With light colors and simple pattern, this wallpaper attracts users who are looking for a simple casual wallpaper.",0.28964177
په روښانه، اغیزمنه او ډیموکراټیکه توګه د کنټرولېدونکې افغان ملي دفاع او د امنیت د داسې مناسبو تاسیساتو جوړول چې په غوره مشقونو او نړیوالو نورمونو برابر وي او په دې برخه کې د لارښودو هېوادونو دوه اړخیزې هڅې بشپړې کړي؛,Central Europe Pipeline Management Agency (CEPMA) The Committee of Chiefs of Military Medical Services in NATO (COMEDS) Production Logistics,0.28935507
نورې انتشارات شپږ میاشتنی رپورټ د ۲۰۱۶ له جولای تر ډسامبره له ۲۰۱۲ نه تر ۲۰۱۶ پورې د خبریالانو پر وړاندې د تا وتر یخوالو دارزونې,"(English) Media Support Groups Secure Commitment of Presidential Candidates in Support of Media and Freedom of Expression08 سپت, 2014",0.28914928
د (۳۰۰۰۰۰) وګړو لرونکي ناټیس ښار کې سږ کال د پناه غوښتنې درخواستونه ۲۸ سلنه لوړ شوي و، د کډوالو دا شمیره نسبت د فرانسې نورو سترو ښارونو ته لوړه ده.,"Asylum applications in the city of Nantes, which has a population of 300,000, soared 28 percent this year, giving Nantes a high number of asylum seekers when compared to other relatively large French cities.",0.2889806
د عمومي برابرۍ قانون (AGG) له مخې په جرمني کې ښځې او نارينه يو برابر ګڼل کيږي. که څه هم د ښځو يوه ستره برخه له له نرانو سره مساوي يا تر هغو لوړ تحصيلي مدارک لري؛ بيا هم د جرمني په اجرائيه څوکيو کمې ښځې کار کوي.,"Human smuggling (including trafficking of Women) is a severe human rights crime. It has been titled as a modern form of slavery and despite the existence of EU directive against trafficking, is still a lucrative business for organised crime groups .",0.28771603
يو ځل بيا دې د خپل تاريخ په پاڼو کې يوه کارنامه ثبت کړه. هغه کسان دې په ډېره بېړه له دندې ګوښه کړل، چې له رښتيا او حقيقت څخه ېې پرده پورته کړې وه. د دوي ګناه دا وه چې يوازې د پخوانيو سرشمېرنو پر بنسټ ېې د هزاره قوم شمېر نهه سلنه ښوودلی وو او هغوي ېې د علمي څېړنو پر بنسټ له مغولو سره تړلي وو.,"Our police are not very well trained.” Mohammadyar’s case is not an isolated one, according to journalists’ rights organisations. “This year (the Afghan solar year begins in March) has been worse than previous years,” said Wahidullah Tawhidi, who heads Media Watch, a newsletter that documents cases of violations against journalists.",0.28745693
یو پوښتنلیک د ځینو ستونزو سره مخ کوي. نه زيات شمېر خلک له امله به د ګټو او يا نورو خنډونو لکه وخت او يا د لومړيتوبونو د نشتوالي په غبرګون چمتو کړي.,A questionnaire poses some problems. Not many people will provide a response due to lack of interest or other constraints such as time or priorities.,0.287145
د غزني ولایت امنیتي وضعیت په دي وروستیو کې د ګډو افغان امنیتي ځواکونو او ائتلاف قواوو د هوایې ملاتړ په ترڅ کې د تیر په پرتله ښه شوی او ورځ تر بلي د ښه کیدو په حال کې دی.,"Expressing concerns regarding the deteriorating security in several provinces, a number of Afghan senators on Sunday said if the government does not ensure security, holding election will be ...",0.28689116
د افغانستان د پوهنې وزارت په پام کې لري چې له ښوونځیو بې برخې ۵ لکه ماشومان، په ښوونځیو کې شامل کړي.,"In this process, about one million of textbooks and teachers' guidebooks for schools in Tropical provinces are distributed . . .",0.28675234
هره مياشت نږدې ۴۰ زره افغانۍ په تېلو مصرفيږي ، چې د رسنيو په سقوط کې يې ډېر رول لوبولی,"Creative protest highlights Taliban's violence 4.08.2015|Society Seeing beyond Bamiyan's blasted Buddhas 12.05.2015|Society Kunduz MP: ""The city fell as a result of a deal""",0.28673398
كه چېرې د جمهوري رياست يو كانديد د راى گيرۍ د لومړي يا دويم پړاو په جريان او يا تر انتخاباتو وروسته او يا د انتخاباتو د نتايجو له اعلان څخه پخوا مړ شي، نوي انتخابات د قانون له حكمونو سره سم كيږى.,"The work period of the House of People shall terminate, after the disclosure of the results of the elections, on the 1st of Saratan of the 5th year and the new Parliament shall commence work.",0.2866303
Megan د مارچ په 23، 2017 19 ها د باب هیکمن مینځني متوسط سره د مړینې جورج مایکل په اړه,My deepest sympathies to all who are in mourning at the passing of the beloved George Michael. Gather round as I share my psychic insights on his passing.,0.28645077
د نورو هيوادونو برعکس، زموږ په هيواد کې زموږ افغانان اشتباهات تکراروي، او له تيرو تجربو څخه کار نه اخلي، بلکه په پوره پوهاوي کې بيا هم اشتباه د ځينو لږو شخصي ګټو په پام کې نيولو سره تکرارا کوي,"Although the one-week proxy war failed militarily, it allowed Bhutto to achieve his political aim of forcing Afghan President Daoud to seek Pakistani assistance to clamp down on the Young Muslims. Bhutto’s appetite for Islamic extremism led to a decision that would change the course of Pakistan history in the worst possible way.",0.28559124
ښوونه او روزنه باید د زده کوونکي د پوهې حاصلولو لیوالتیا خوندي وساتي. دا باید د زده کوونکو شوق او تجربه په پام کې وساتي او د هر زده کوونکي ځانګړي شرایطو سره ځان برابر کړي.,The education should encourage and make use of pupils’ appetite to learn. It should set out from the pupils’ interests and experiences and be adapted to the reality that pupils’ aptitudes vary.,0.28554386
موږ کولی شو د بلیټونو په شمول دوام ورکړو، مګر بیا هم د هر یو لپاره کولی شي جلا جلا وی، نو څنګه یې موږ بدلون موندلی. موږ کولی شو د بلی نوم لپاره یو تغیر وکاروو چې د پوښتنلیک په توګه به لیږدول کیږي. نو زموږ کوډ کولی شي دا ورته ورته وي:,"We can continue including cats, yet making a method for every one can get to be distinctly irritating, so how about we change that. We can utilize a contention for the cat name that will be passed as a question string. So our code can now resemble this:",0.28485397
Jera د ازموینې د سامان د بشپړ لړ د رعایتولو په کرښه محصولاتو څخه heliformed مړه پای ډول ازموينه لاړ لري.,Jera has the complete range of test equipment to proceed the type test of heliformed dead ends from preformed line products range.,0.2840066
پورتنیو مثالونو ته په کتو سره ویلای شو ، په هغو برخو کې چې ځوانانو ته ډیره پاملرنه شوې د پام وړ پرمختګ یې کړی .,"As a result, we will be able to rescue one of the most suffered people of the present day world (i.e. the people of Afghanistan) from the ongoing crisis and conflicts. Historically, state structures had put their place at the top of the people and inflicted atrocities and injustice on the people.",0.28340656
تاسو کولی شئ د متن لاسوندونو څخه د زده کړې موادو سره خپل ډاټابیسزونه جوړ کړئ او د LingoCard د غوښتنلیک ټول وسایلو سره کار واچوئ.,You can create own databases with any learning material from text documents and use it with all the tools of the LingoCard application.,0.28326717
د: د ناټو د لوژستيکي توکو لېږد افغانستان ته د روسيې له لارې روسيې ته ترانزيتي لويې ګټي لري.,The despair and humiliation and suffering of the Middle East peoples do not figure in our war aims – only American and European despair and humiliation and suffering.,0.28281265
د افغانستان د کریکټ ملي لوبډله د ۲۰۱۹ نړیوال جام د غوراوي سیالیو په لړ کې تیره شپه ایرلنډ ته په ماتې ورکولو سره دغه جام ته ځان ورساوه.,Rashid Khan-led Kabul Zawanan chased down 219-run target to beat Mohammad Shahzad-led Paktia Panthers in the first match of inaugural Afghanistan Premier League in Sharjah on Friday.,0.28263143
د انتقال وړ چارجر باندنۍ د بیټرۍ د بریښنا د بانک ګرځول چې د سفر د قضیې کیف - د چين د شانګهای د ها خوا د قضیې,EVA Shockproof Travel Carrying Storage Case Bag for power bank - China Shanghai Beyond Case,0.28208324
cdxcxcxد خبریالانو د خوندیتوب لپاره په نړۍ کې د لومړني هراړخیز میکانیزم په رامنځ ته کولو سره، مونږ په افغانستان کې د خبریالانو لپاره د خوندي کاري چاپیریال د رامنځ ته کولو په لاره کې زیار باسو. د کمیتې د فعالیتونو په اړه وژل شوې خبریالان:,"2016 has been the bloodiest year for journalists in the history of Afghanistan. Only in the first six months, ten journalists were murdered. In this reporting period, AJSC recorded a total of 54 incidents, which include murder, physical assault, detention, and intimidation.",0.2818508
ددې کار د ترسره کولو له پاره د مالیې وزارت د نورو دولتي ادارو په خدمتونو باندې تکیه کوي، لکه د ټولو وزارتونو له پاره د بودیجې د غوښتلو د تخصیص چمتو کول. په دغه صورت کې د B17 فورمه ورکول کېږي او د تخصیص د پروسې له پاره د B17 فورمه ترلاسه کېږي.,"Description: Budget formulation/ Revenue formulation. To deliver this service MoF relies on the service provided by other government agencies, such as: Revenue processing, large tax/ medium tax/ small tax offices.",0.28182903
لپاره بې شمېره ګناهونه چې هره ورځ د عیسی ټولو الحرام زړه او د مریم د سفید تر ټولو زړه په وړاندې د يومليارډ دعا.,Itolbu għall-kumpens għall-dnubiet għadd li huma kommessi kuljum kontra l-aktar Qalb Imqaddsa ta ‘Ġesu u l-Qalb Immakulata aktar ta’ Marija.,0.2815431
د ژوند ژبو د 1918 livery لپاره بیا راګرځیدلی، د شاهي ملي لیوبوټات انسټیټیوټ اصلي اصل جوړونکي پالنونو کارولو سره. ټول کارونه د NEMT رضاکارانو لخوا ترسره شوي، د نوي ماسترو، استثناء، پوخونو او رسی رسیدو پرته، د متخصص جوړونکو لخوا پیژندل شوي.,"The lifeboat has been restored to her 1918 livery, using the original builders’ plans of the Royal National Lifeboat Institution. All the work was carried out by NEMT volunteers, with the exception of new masts, rigging, sails and rope fenders, sourced from specialist manufacturers.",0.28057802
"“موږ د سولر حل غوره کړی ځکه چې د ښه قیمت او د تحویلۍ ښه وخت دی. هیڅ پرمختګ ته اړتیا نشته ، هرڅه سم وو. ""","“We chose Solar Solve because of the good price and good delivery time. No improvement is needed, everything was good.”",0.280029
حاجي محمد امین فروتن څرګنده کړه چې صهیونیسټي رژیم په سیمه کښې د داعش له ترهګرانه اقداماتو څخه په ګټه پورته کونې سره په غزې باندې خپلې حملې پلان کړي او اجرا کړې دي.,"During his visit, Edgar met with the head of the regional administration, Normumin Choriev and representatives of local businesses. Ambassador also visited Termez State University and Hayraton bridge on the Uzbek-Afghan border.",0.27983177
د زراعتي ، فلزي او لرګیو کانتینرونو ډیری ډولونو اداره کولو او همدارنګه بیل شوي محصول په اداره کولو کې کارول کیږي.,"Used in handling many types of corrugated, metal and wooden containers as well as baled product. Factory gallery Since the foundation of HYTGER, we have been strived to offer you high-class material handling solution and high-class service.",0.2788631
امريکايې پوهنتون او برتانوي پوځي اکاډمي- نظرمحمد مطمئن حضرت صاحب لبیک، له هیواده ستا د هجرت او وتلو په تمه - نظرمحمد مطمئن ازاد بلوچستان یوه هیله! اوبه له سره خړی دی,"The Arabic script was generally used by all Turkic peoples writing Turkic languages until the early 1920s, when the Latin script began to be introduced to the Turkic peoples of the Soviet Union. After 1939 the Latin script was almost completely replaced in the Soviet Union by modified forms of the Cyrillic alphabet.",0.2763468
که تاسو په منظمه توګه خپل تلیفون ته ګورئ او هر یو خبرتیا وګورئ تاسو خپل ټولنیز رسنۍ ترالسه کوئ، دا به ستاسو تاریخ تاثیر ورکړي چې تاسو لیوالتیا نلرئ. امکانات دي، ستاسو د بوره مور به نه کښیني او هیڅکله به تاسو سره ونه ګوري. دا به ښه وي که تاسو خپل ګرځنده تلیفون ونیسئ او په ځینې معتبر خبرو اترو کې د اړیکو د پیاوړتیا لپاره لیوالتیا ولرئ.,"To ensure you succeed in your relationship with your South African sugar mama, always remember to be composed and humorous in all your interactions with her. Always stay respectful and neat and do not come off as creepy when approaching her. If you do this and follow all the other tips we give you, trust me, you’ll be living your dream with your South African sugar mama in no time.",0.2742542
دلته ده چې څنګه تاسو بيرته يو ناڅاپي شکل د USB فلش سره د مرستې ډرایو څخه د معلوماتو د تر لاسه کولای شي Wondershare د معلوماتو د افغاني :,Users don't need to be alarmed by this factor as this is quite far-fetched even during extensive usage. Extreme temperature and humidity can also trouble the sanity of your flash drive.,0.2735882
په پارلمان کې ځينې پښتانه وکیلان او سناتوران په پښتو خبرې کولو هم شرميږي او په وياړ سره په پاړسو غږيږي. ډير پښتانه وکيلان په پارلمان کې دايمي غيرحاظر دي. دوی د وکالت د نوم لاندې په خپلو سيمو کې پيسې راټولوي او مزې او چړچې کوي. د داسې وکیلانو څخه څه تمه.,"For more information about the above six steps, consult Stanizai , “From Identity Crisis to Identity in Crisis in Afghanistan”. Electronic version: December 16, 2009. [November 15, 2012]. Stanizai is a sharp political analyst in Afghan and Islamic affairs.",0.2715345
په افغانستان کې داتمی انرژی سابقه : دشهید سردارمحمد داوود دصدارت پیر: دسردارمحمدداوود په لومړی پنځه کلن پلان کې دیوې هستوی بټۍ دمونتاژاودکارپیل شوروی اتحادسره دیوه تړون دلاسلیک له لارې هوکړې ته ورسید اوداسې وړاند وینه شوې وه چې دا بټۍ به ۱۳۴۳کال کې عملاٌ پکارواچول شی ،خودلومړی وزیر له څوکۍ نه دده استعفا دې کارته خنډ شو.,"No doubt if there are certain individuals who are accused of orchestrating massive scale frauds in the run-off, before any recount, they should have been put on criminal trial and sentenced for national treason if guilty. Unfortunately, in Afghanistan the rule of law and the task given to the law enforcement agencies are symbolic and largely biased and politically motivated.",0.2711215
۱۰ - ایا تاریخ او پښتانه به ستاسی په دوره کی له پښتنو سره شوی جنایتونه او ظلم حیر کړی ؟,"“Kandahar is a dictatorship,” Mohammadyar said. “Officials will only allow publication of things that are acceptable to them. If there are facts that cast officials in a bad light, they will not let us publish.”",0.27103096
سرچېنې وایي چادونه د یو ځاېي قبایلي مشر ملک رسول خان حجرې سره نزدې هاغه مهال وشوه چې کله دغلته یوه جرگه روانه وه .,There are two reasons either Pakistani security forces are unable to control situations and if it is not then there arises suspicions in minds and hearts of the people about the friendship of the military and militants.,0.27064055
دلته دلته د لیک اندازه به په ناڅاپي توګه بدله شي کله چې تاسو د برنامه چوکۍ زیاته کړئ. دا کوډ به هغه څه مخه ونیسي چې له پیښیدو څخه ډډه وکړي، ډیر بد بدلیږي:,"Here the font size will be changed suddenly when you increase the browser width. This code will prevent that from happening, giving a much smoother transition:",0.27021092
راځئ iRanger سره د مخه پروګرام لاره خپل کار وکړي او يا د SPOT چې يو شديد پاکولو له خوا د يو هوښيار ریموټ کنټرول په کارولو سره د اړتیا سره د روبوت په اوږدو کې راځي دا الرښود کړي.,Let iRanger do its work with pre programmed route or direct it to the spot where an intensive cleaning is needed by using an intelligent remote control comes along with the robot.,0.26966232
"په نهایت کې ، غوره تګلاره چې تاسو پرې تکیه کولی شئ ستاسو ""حوصلو"" ته غوږ شئ ، ځکه چې دا ستاسو د لیدونکو سم پوهاوي لپاره ستاسو په لارښود کې مؤثره کیدی شي. پوهاوی او همدردي په کوم ټولنیز چاپیریال کې لازمي رول لوبوي ، او بلاګ کول یا کاپي رایټینګ لږ ندي - دا د کاپي کار یوه ټوټه کولو لپاره دوه ګوندونه اړیکې نیسي!","Ultimately, the best strategy you can rely upon is to listen to your ‘guts', because they can be effective in guiding you toward a proper understanding of your audience. Intuition and empathy play an essential role in any social environment, and blogging or copywriting are no less – it takes two parties communicating to make a piece of copy work!",0.26949
نن ټکی اسیا (یکشنبه، غبرګولي ۱۶مه ۱۳۹۵ل): افغان حکومت د هندي انجنیرانو په مرسته د کابل پر سیند د ۱۲ بندونو چې تقریبا ۱،۱۷۷ میګاواټه برېښا به تولید کړي، لومړنۍ سروې او د جوړیدو امکانات ارزولي دي.,"Water is absolutely critical to woefully arid Afghanistan, yet few people really know very much about their precious fluid. The natural physics and the different chemistry of water is complicated but well understood by scientists.",0.26821303
د غبرګولي ۲۰ مه – ۱۳۹۴ د مور د نړېوالې ورځې څخه د درناوي په موخه د کلیو د بیارغونې او پراختیا په وزارت کې د معینانو، یو شمېر سناتورانو، د ښځو چارو او عالي تحصیلاتو وزارتونو د استازیو، د بشر د حقوقو د استازي او د کلیو د بیارغونې او پراختیا وزارت د رییسانو او کار کوونکو په ګډون د دغه وزارت د کنفرانسونو په تالار کې لمانځنه وشوه.,Mother’s day was celebrated today to honor and respect the mother position in Afghan society in a ceremony held in the conference hall at the MRRD.,0.26721418
√ له ځانګړنو په کتابتون کې وخت ډېر پرې ښکته، ویش کړی نه اچوله بدلون ته اړتيا نه لري او يوازې عیار ده سمه ده. او دا کولای شي پرې ښکته توليد موده.,"√ The steel strip is distorted and beared more reasonably, to reduce the rub between the strip and roller, and also reduce the waste of the roller.",0.2670896
په قانونکي دا لغات سته „نور خدمتونه“. فرض که دڅشي حصاب ورنکړي ،کولايسۍ سوسيال امت ته ي درخواستي ورکړۍ، کيدايسي چي هغوي داومني اوياي رٙد کړي. پوښتنه وکړۍ دمشوري دځاينه .,"The law mentions the term„sonstige Leistungen“ (“other benefits”). If something is not paid to you, you can try making an application with the Sozialamt. The application may be rejected. Ask an advice office.",0.26708895
“تېرېږې او یا وژل کېږې”: د فرانسې په “کاله” کې کډوال انګلستان ته د رسېدو لپاره خپل ژوند له ګواښ سره مخ کوي,Eight children among 23 migrants who drowned in Greek and Turkish waters Over 120 rescued migrants allowed to disembark in Italy after long wait at sea,0.26585442
Wondershare د معلوماتو د راستنولو د خپل تر ټولو غوره لاره دا ده که تاسو ته به په کې د يو ساده او اسانه لار ستاسو د پېتریوت Xporter راستنولو ترسره کړي. ...,Wondershare Data Recovery is your best option if you are going to perform your Patriot Xporter Recovery in a simple and easy way. ...,0.26363283
اوبه د ژوند له اړينو اړتياوو څخه شميرل کيږي،په نړۍ کې انسان پرته له اوبو ژوند نشي تيرولی،اوبه د انسان په ژوند کې په مخامخ او نا مخامخ ډول ځانګړی اهميت لري،په نړۍ کې هيڅ يو ژوندی موجود خپل ژوند پرته له اوبو مخ ته نشي وړلی ،...نور,"Protocol No. 566 of the Meeting of Scientific-Technical Council of Ministry of Land Reclamation and Water Management of USSR September 10, 1987, Moscow Approved by Mr. N. Vasiliev, Minister, Ministry of Land Reclamation and Water Management of USSR, December 3, 1987...Read more",0.2623673
افغان ولسمشر محمد اشرف غني وایي، افغانستان کولای شي چې د تروریزم د شر له ختمولو وروسته آینده کې، د کال دوه تر پنځه میلیونه خارجي ګرځندوی ولري,"The casualty toll from a suicide blast at a voter registration center in the Afghan capital Kabul on Sunday rose to at least 31 killed and 54 wounded, health ministry spokesman said",0.26122832
دری میاشت مخ کی غزنی ولایت د ډیر امنیتی تهدیداتو سره مخ وو ، طالبان د عمری عملیات په نامه غوښتل چی دغه ولایت په لاس کی ونیسی منګر د دوی طرح ناکامه سوه.,"Afghan Presidential Candidates Raise Vote-Fraud Fears Speaker of Parliament of Kazakhstan holds meetings with Speakers of Afghanistan, Pakistan",0.26007885
د ټولنیزو رسنیو چینلونو منظم پیرودونکو او مینه کونکو برعکس ، څوک چې د عامه یادونو ستاینه کوي ، زما د تجربې په لړ کې چې د روبوټي ورلډ ML / نیوزلیټ پرمخ وړي ، ځینې خورا وفادار مینه وال او پیرودونکي زما په بلاګ یا په کې د ښودلو لپاره علاقه نه ښیې. زما چینلونه.,"Unlike regular subscribers and fans from social media channels, who seem to appreciate public mentions, in my experience running the Robocity World ML/newsletter, some of the most loyal fans and subscribers didn't show an interest in being featured on my blog or on my channels. The secrecy of an elite newsletter helped achieve this.",0.2600153
افغانستان او شانګهای! افغانستان او د یو دولت د سقوط خاصیتونه رییس جمهور اشرف غنی نن دغرمی نه مخکی په یو کنفرانس کی د امنیتی او دفاعي ارگانونو سره وکتل,"Despite the fact that in recent years, government funding of border troops in Tajikistan increased by several times, the country still needs help from the international community in implementation of this strategy, Deputy Chairman added.",0.25992727
د ملي امنیت لوی ریاست موظفینو له خوا د لوګر ولایت خوشي ولسوالۍ په توره چینه سیمه کې د طالبانو په یوه ترهګره ډله د یو لړ ځانګړو عملیاتو په پایله کې د قاري یوسف په نامه د طالبانو د ډلې یو تن قوماندان چې په عمري مشهور دی دده له څلورو تنو همکارانو سره ووژل شو او یوولس تنه نور ترهګر ونیول شول.,"CHILDREN as young as eight are being bribed with sweets to become suicide bombers for the Taliban. Starving orphans are lured with chocolate and money to wear bomb belts or grenade vests, according to a documentary to be shown tonight.",0.25940052
د هند جمهوریت ملي بیرغ له دریو رنګونو څخه جوړ شوی چې زعفراني یې لومړی راځي، سپین یې دویم او په پای کې یې شین رنګ راځي. دا ټول رنګونه په مساویانه ډول په عمودي توګه پراته دي. د بیرغ په مینځ کې آبي رنګه نښه ده.,"A graceful, many domed palace glimmers on a hill to the north of the city. Built as a summer residence with a huge swimming pool and surrounded by pine trees, it is currently being refurbished as a Foreign Ministry guest house for foreign dignitaries.",0.2592548
له روشن څخه د ټوکو له پاڼې سره، د غږیز سیسټم او لیکلي پیغام له لارې په پښتو او دري په زړه پورې ټوکو له اوریدلو او ویلو خوند واخلئ. یوه ټوکه مو خپل دوست ته واستئ,Let Roshan help you on your path by providing useful insights and tips to ace exams and find the right job.,0.2586192
د لشکر سره سلام - د بوټو پاڼو ویاړ او مینځل. کټ شوي ټیمونه اضافه کړئ او یوځای سره ګډ کړئ. د زیتون غوړ، مالګه او مرچ شامل کړئ او خدمت وکړئ.,"Salad with garlic - Wash and cut leaves of herbs. Add the chopped tomatoes and mix together. Add olive oil, salt and pepper and serve.",0.25521958
پاکستان د افغانستان په اوبو کې د ونډې لرلو په اړه موافقه غواړي,"The Hamouns are transboundary wetlands on the Iran-Afghan border made up of three lakes: Hamoun-e Helmand, which is entirely in Iran, Hamoun-e Sabari on the border, and Hamoun-e Puzak, almost entirely inside Afghanistan.",0.253142
دا ولایت د څو ننګوونو سره مخامخ دی. سره له دې چې برښنا د تاجکستان څخه واردیږي، د کندز لویې برخې برښنا نلري. دا کار د لرزیدونکي امنیتی وضعې سره یوځای په سیمه کې د خلکو د پانګونې پر لیوالتیا باندې منفي اغیزه کوي. په ټول ولایت کې د کارموندنې د فرصتونو، د څښاک د پاکو اوبو او د سړکونو نشتوالۍ لیدل کیږي.,"The province faces several challenges. Despite electricity being imported from Tajikistan, large areas of Kunduz have no power. Coupled with the volatile security situation, this adversely affects people’s willingness to invest in the region. There is a lack of employment opportunities, clean drinking water and roads throughout the province.",0.2519815
بلخوا، د امریکا یولوړ پوړي مامور وایې چې ایران د افغانستان په سیاست کې لاسوهنه کوي او د وسله والو طالبانو سره مرسته هم کوي.,"Dostum's presidential campaign in many ways sought to focus on the hardships facing the average Afghan. His first vice-presidential running mate, Shafiqa Habibi, vowed that a Dostum presidency would target poverty and joblessness as priorities.",0.2509778
"""·حاجيان، امير؛ نورنگ، احمد؛ اقبالي، محمد علي؛ """"مديريت ريسک­هاي زنجيره تأمين در بهينه­سازي فرآيند توليد، مورد کاوي: شرکت توليد کننده تجهيزات پرشکي در ايران """" اولين کنفرانس بين­المللي و سومين کنفرانس ملي لجستيک و زنجيره تأمين"""" آبان1388.""","M.Elhami Asl, M.Rahimpour, M.Merati, A.H.Panahi, K.Gholami. Novel Approach to Early Diagnosis of Myocardial Infarction Using Tele-Electrocardiography in Emergency Medical Services. 2nd Conference on Novel Approach of Biomedical Engineering in Cardiovascular, 2016.",0.2504733
"خو دغه امیدوارۍ هغه وخت به اعتماد بدلېدای شي، چې د دوی ځای ناسي به څوک وي.""","A comment on the recent events of student poisoning in Afghanistan Rape Case, in Public, Cites Abuse by Armed Groups in Afghanistan Afghanistan’s Peace Talks Hit Brick Wall",0.24824183
قاچاق وړونکي د کډوالو له زیانمنې ناوړه ګټه اخلي، او کله هم له دوی غواړي، چې د خوړو، استوګنې او یا چارواکو ته د بډې لپاره ډیرې پیسې ورکړي. ځینې وخت، کډوال برمته کیږي او د خوشې کیدو په بدل کې د جزیې ورکړې ته مجبور کیږي.,"How much does it cost to travel from East Africa to Europe? In an interview with The Migrant Project, East African migrants said they had paid up to USD 5,400 to reach Europe from the Horn of Africa. It costs around USD 1,600 to travel from Ethiopia to Sudan; then another USD 1,600 to be smuggled from Sudan to Libya; and finally, up to USD 2,200 to cross the Mediterranean.",0.24821562
په سوېل کې امنیتي چارواکو د دغه مطلب په څرګندولو سره ویلي دي چې اوس کمانډو ځواکونو د دغې لویې لارې د پرانیستو لپاره عملیات پیل کړي دي.,"At least even murders, one assassination attempt, and six threats of violence or use of force have been reported since the beginning of election campaign in February 2, according to Afghan nongovernmental election monitoring organization, the Free and Fair Election Foundation of Afghanistan.",0.24704242
د لیندۍ ۲۱ مه / ۱۳۹۱ دغه پروسه، د ظرفیت جوړولو او ددغه وزارت د کارکوونکو د کاري پرمختیا او اداري چارو د پېژندلو په برخه کې د کلیو د بیارغونې او پراختیا وزارت لومړنی اقدام دی چې په رسمي توګه په نوموړي وزارت کې پرانیستل شوه.,The newly-appointed directors of Afghanistan Institute for Rural Development (AIRD) and Human Resource Department of the Ministry of Rural Rehabilitation and Development (MRRD) were introduced in a ceremony to the employees of this Ministry today.,0.24636526
"په ځانګړي انټروال، اکسیل لري د مرکز د ښڅو د نسخې وژغوري، خو يوازې که د بدلونونو د ښڅو شوي دي. هر نسخه سره په يوې نېټې، وخت راځي، او تر ټولو مهمه، یو ""د دوی هر ~auto-وسپموي نوټ. په کېکاږلو سره به مرسته وکړي چې تاسو د مختلفو نسخو پرتله کړي.","You may find some system log cache files in the /var/log folder too. Besides, some system applications such as mail stored their own system log cache files elsewhere on your Mac. Web cache files: If you load, any webpage then browser first hit the related website server and open the webpage.",0.24586338
زموږ په هیواد کی الحمد الله دولت دښځو دسیاسي او اقتصادي هدفمندوفعالیتونو اوپه بېلابېلو برخو کېد ښځو د حضور او ګډون لپاره زمینې برابرې کړي او لیدل کیږي چې د ښځو نقش د ټولنې په بېلا بېلو برخو کېد درک وړدی .,"Women have an important role and it can be seen that this role increases with each passing day. The Ministry of Rural Rehabilitation and Development always seeks to provide support to rural women,many of whom are deprived and suffer violence in our society.",0.24488811
Accueil د ماين د پاکولو textes Traducteur د ماين د پاکولو سند Traducteur د ماين د پاکولو ځايونه Traducteur گورت Traducteur شارڎدي افير برېښليكونو Traduction professionnelle,Traduction vietnamienne professionnelle Traduction professionnelle de vos documents à et de Vietnamien. Apprenez plus Citation instantanée de traduction Citation professionnelle de traduction. Apprenez plus,0.24359703
د بیلګې په توګه، که تاسو د کارمند په برخه کې د ژوانديو، د يوې ډلې د هر بدلون تاسو به د اړونده مامور نوم وګورئ. که تاسو غواړی چې یو بل ارزښت (د مامور نوم پر ځای کارمند تذکرو) د ښودلو لپاره، له خوا د ټاکلو لپاره یو بدیل اومتوک ډګر، او یا د یو فورمول د جوړولو دتنظيمولو د ډلې نوم ډګر.,"Ekzemple, se vi kolektas la oficisto kampo je ĉiu ŝanĝo de grupo vidos la responda oficisto nomo. Se vi volas montri malsaman valoron (oficisto ID anstataŭ oficisto nomo), agordi la grupo nomon kampo elektante alterna datumoj kampo, aŭ kreante formulo.",0.24336258
د منظمو توکو لپاره، دا ټول هلته شتون لري. د مايع ویبر د خدماتو پر ځای د سوداګری ملګری په توګه دی.,"For the regular stuff, it’s all there. LiquidWeb is like having a business partner rather than a service.",0.24262948
the د فولادو برخې کاسټینګ الیاس سټیل د محصول وزن نه لرې فاصله مړینه کموي او د فورک لیفټ خدمت ژوند اوږدوي.,·The casting alloy steel of the folding part reduces the dead weight of no-load distance of a product and prolongs the forklift’s service life.,0.24136676
د چرګانو د بدن پوستکي میرمنې به د دې روښانتیا ټایټ لپاره د ګل سره او په الوت کې یو الوتکه، دا چې دوی ښایسته نظر ولري.,"Ladies with peach body skin will go for this bright Amazing Tattoo with a flower and a fly on their back, to make them have the splendid look.",0.24088252
دا به د 40 دقیقې په اړه وخت ونیسي ترڅو خپل ځای ته لاړ شئ که دا لومړی بند وي. که چیرې کشتۍ په بل ځای کې پاتې شي، کیدای شي دا د 1 ساعتونو یا یا هم وخت ونیسي.,"Hi Jean, it will really depend on things like the weather on the day, but in general, you should be able to see the plankton in June in some parts of Samloem – ask a tour guide when you are there",0.24014758
برېښناليک خامخا وليکئ. دغه برېښناليک تر ٤٠ تورو زيات دى. دغه برېښناليک باوري نه دى!.,"In other Ahadith, the Prophet (Sallallaho alaihe wasallam) is reported to have advised Hadhrat Fatimah (رضي الله عنها) to recite after every Salaat, Subhanallah 33 times, AIhamdulillah 33 times, Allahoakbar 33 times.",0.23781076
"عدالت میچل ټینګار کوي چې د لوستونکو جوړول د هغه مینځپانګې رامینځته کولو په اړه دي چې یو دریځ ، یا نظر لري ، ستاسو د لیدونکو سره د دې پراختیا ته لیوالتیا سره. ""زه د خدای پام کوم چې په صابونونو کې ناست یم او د خبرو اترو بریښنا لیک چې په لیکه کې نه راځي.""","Justice Mitchell stresses that building a readership is about creating content that has a position, or opinion, with a willingness to evolve it with your audience. “I loath guru's that sit on the soapboxes and browbeat conversations that don't fall in line.” I come from a creative place where ideas get bigger, and better (or trashed), the more they're refined.",0.23742494
بڼول هارډ ډرایو partitions- کله چې تاسو د هارډ ډرایو او يا يو ځانګړي تجزېې شکل، نو بيا تاسو ته به له لاسه د ټولو دوتنو همدارنګه د بل هر څه په دا ده چې وځلیږي. دا کیدای شي د معلوماتو د تاوان سبب په هغه صورت کې چې تاسو کوم شاتړ نه لري. ناسم repartitioning ده د لاسه د معلوماتو د تر ټولو عام لاملونه یو.,"Like most great data recovery software, it allows users to preview files to help you decide which files to recover. Advantages : comes with a SMART disk to monitor your hardware's disk status. Disadvantages : free version only allows files scan and preview, difficult to navigate, scan result does not show original file names and folder paths. 6. EaseUS Data Recovery Wizard for Mac Free 9.8",0.23249163
افغانستان او شانګهای! افغانستان او د یو دولت د سقوط خاصیتونه گزارش خطا RSS نورې ويب پاڼې له مونږ سره اړيکه زمونږ په هکله اړيکه wap آرشیف جمعه ۱۴ عقرب ۱۳۹۵ فارسی English لمړی مخ دينی، مذهبی شخصيتها ښوونه دچاپي رسنيو څېړنه پېښي س پورت فرهنگی هنری، علمی ټولنيز اقتصادی,This heady mix of credit and confidence exacerbated a boom and bust cycle that would last until well after the American Civil War.,0.23242569
آریانانیوز: د المسيره خبري چېنل د رپوټ له مخې د يمن د وسله والو ځواکونو وياند يحيی سريع وويل، يمني ځواکونو پرون د ايتوار په…,French police stopped two topless protesters who approached the motorcade of US President Donald Trump as he made his way up the Champs-Elysees to a…,0.23153603
په Mac کارونکي يو کس کولای شي څو تېروتنې سره مخ ته باوري کړئ چې د په توګه د کثافاتو او د يو پروت د سرپاڼې نوم غوښتنلیک هيڅکله په اخور کې کړي. خو څنګه چې ستاسو Mac تش خځلنۍ ته زور؟ ...,"This page offer the best solution for you to recover lost files from Trojan virus attack,Wondershare Data Recovery is the best software to recover lost file. ...",0.23118022
په اسسل سمین کې د متحده ایاالتو د متحده ایاالتو د متحده ایاالتو د کانګرس لپاره تاسو د ویناوزونو په اړه ستاسو غږونه په نښه کړئ.,U kunt dit doen door de coördinaten in Escel samen te voegen in vervolgens de keyin te bellen met de opdracht place-line.,0.2300767
د یادونې وړ ده - د ISO 8468، M نوټ 760، MSSN شمیره 1419 1998. د ډیزانسورانکن تولیدات - د سوډا تولید تولید یا ژوندی. ساساف® د ماین پاکۍ جینان 7 تڼی.,"The vessels were, Polar Endeavour, Polar Resolution, Polar Discovery, Polar Adventure and Polar Enterprise and they were the first to be built in the United States following the Oil Pollution Act of 1990, which mandates the phasing out of single-hulled tankers.",0.22880065
په زرګونو نیول شوي افغانان شړل شوي او خپل وطن ته یې د شړلو لړۍ روانه ده. د بخښنې نړیوال سازمان په حواله، د ۲۰۱۸ کال د جنوري او او اپریل په لومړیو کې ترکیې نږدې ( ۷۱۰۰) افغانان شړلي دي.,"Thousands of Afghans held were deported and continue to be deported back home. Between January and early April 2018, Turkey deported at least 7,100 Afghans, according to Amnesty International.",0.22869799
د دوام لپاره د تجربې تصدیق، د JBoss پراختیا بشپړول: د حبیریت سره دوام (JB297)، یا د JPA او Red Hat JBoss Hibernate سره د لیک جاوا اداری تجربه تجربه کړئ.,"Our training labs are well equipped with Projector, computers, LAN with high speed internet to work on cloud. We also serve lunch for corporate.",0.22721294
د پي اېس ډي پي له مخې د وفاقي ټېكس محتسب دفتر د روانو پرمختيائي منصوبو لپاره 97 لك 37 زره روپۍ بېلې كړې شوې,"ISLAMABAD, May 7 (APP): Russian Federation along with six other leading partners Thursday observed the 70th anniversary of the victory of Patriotic War and remembered the sacrifices of thousands who lost their lives to defend their motherland in the World War II.",0.22656053
د اهل بیت(ع) جهانی ټولنه په افغانستان کی حمله پرحسینی عزادارانو باندی محکوم کړ,"This shows just how desperate the U.S. is to get Afghanistan fighting on its own. After all, the sooner the Afghans can stand alone, the sooner the U.S. can scramble out of the nation.",0.22648764
د ننګرهار نوی والي محمد ګلاب منګل د يوې سترې غونډې په ترڅ کې د ننګرهار ولسونو او دولتي چارواکو ته ورپيژندل شو او رسما يې په کار پيل وکړ.,Afghan FM on official visit to Georgia 5 rockets fired from Afghanistan land in NWA,0.22646007
پنبه د پیل کولو لپاره، پنبې ډیر ښه ده ځکه چې دا ډیره جګړه نه کوي کله چې د سیسټم ماشینونه کښیني او د مشرۍ لپاره بشپړ وي. پنبې هم د لاسي صنايعو لپاره غوره دی. مخکې له دې چې پروسیس ته لاړ شي، نو باید ټوټې باید ومینځل شي، ځکه چې تل تل ځینې ننوځي.,"For sewing beginners, the cotton is very well suited because it does not warp much when cutting and on the sewing machine is perfect to lead. The cotton is also ideal for handicrafts. Before it goes to the processing, the fabric should first be washed, as it always enters something.",0.22557023
حامد كرزاي: ستا دپوښتنې ځواب ته به ورسته راشم ، غواړم دچین په اړه دااضافه کړم چې مونږ دیوه متحد چین غوښتونکي یو چین زمونږ دګاونډي په حیث دنړۍ یو ډیر لوي هیواد دی .,"But if the civilians deaths are confirmed, it will be a blow to Gen Stanley McChrystal, the commander of Nato forces in Afghanistan, who has vowed to limit such casualties, says our correspondent.",0.22544561
پښتانه سندرغاړي او د کلتوري چارو پښتانه پوهان په عين حال کې د پښتني کلتور او موسيقۍ د ودې او پرمختيا په برخه کې حکومتي مرستې اړينې بولي .,"In a letter addressed to the transport workers in Mardan, the NWFP Chief Minister´s home town, the Taliban complained that buses offering such kind of entertainment were responsible for spreading ´vulgarity and obscenity´ and that it was a ´source of mental agony for pious people´.",0.22522876
په شفا ورکولو کې 1 نه - E-Vitalizers - لوړ پوټ. د روغتیا درملنه - خپل ځوانان بیرته ترلاسه کړئ !! د 10 کلن ځوانان شئ. ستاسو په بدن کې د ټولو حجرو درملنه فعاله کړئ ...,No 1 in Healing - E-Vitalizers – High Pot. Health Treatment - Get your Youth back !! Become 10 years younger. Activate the healing of all cells in thy body ...,0.22511896
محمد اشرف غني وویل: « د ولس قاطع غوښتنې ته د احترام په خاطر د کوچني اختر له څلورمې ورځې څخه د هېواد امنیتي او دفاعي ځواکونو ته د اوربند د تمدید هدایت ورکوم، د تمدید شوي اوربند جزیات به ډېر ژر ملت سره شریک شي.»…,"SHEBERGHAN (SW) – On the 13th day of protests against the arrest of Nezamuddin Qaisari, district police chief in Faryab, the Junbish-e-Islami demonstrators warned to cut power supply to the capital Kabul.",0.2244571
د الجبر اساسي اجزاو یو سیټ (i.e. د Yes) او د عملیاتو په (i.e. متصدیانو) چې د سیټ د ټولو عناصرو عمل دي.,Basic ingredients of an algebra are a set (i.e. operand) and operations (i.e. operators) that act on all elements of the set.,0.22438122
د ام-پیسه له لاری خپلی شمیری او یا هم د کورنی او ملګرو شمیرو ته کریډیټ وپیرئ!,M-Paisa customers can now pay their Breshna bills at the touch of a button at anytime and anywhere from their mobile phone in Kabul.,0.2227743
زموږ زیات هېوادوال تراوسه مدني ټولنه او مدني فعال نه پېژني، خو د رسنیو څخه هره ورځ «مدني ټولنې او مدني فعال « اصطلاح اوري .,"People of District Mardan, Sawabi, Peshawar, Charsada and other pockets of the Province offered their homes, Hujras and lands for tenting to the displaced people and gave them shelter and food for more than three months.",0.22228947
"ایســـتگاه خبــری ""یکصــــدا"" ایســــتگاه خبـــری یکصـــــدا . برای اعضای مــــآ نام کاربری گذرواژه مرابه خاطر بسپار گذر واژه خود را را فراموش کردید؟ نام کاربریتان را فراموش کرده اید؟ ساخت یک حساب کاربری پـــــارســـــی تعداد آنلاین",Notice: Only variable references should be returned by reference in /var/ on line 287 Notice: Trying to get property of non-object in /var/ on line 92,0.22168097
په همدې ډول، د Dessan او زه د ناورين څخه د اوښتې، خو د لمر، عیسی تر لاسه کړي او موږ ته نوي جرئت ورکوي، له دې امله چې د نوې قوي ځنډولې بيا بېرته پورته ریندي.,"Similarly, the Dessan and I suffered from the disaster, but the sun, Jesus gets up and gives us new courage, so that with the new strong hold again to climb back up.",0.2211287
نړیواله ډله: دوه ایرانی کتابونه د مهدی آذریزدی لیکلې «ښکلې کیسې د ښکلې ماشومانو لپاره» او د آیت الله هادی معرفت لیکلې «د قرآن تاریخ» په تایی ژبه کښې په تایلینډ کښې چاپ او خپور شو.,"TEHRAN (IQNA) – Salah Abdeslam, the only survivor of the cell alleged to have carried out the November 2015 Paris terror attacks, has been jailed for 20 years over a shootout with Belgian police days before he was arrested.",0.22105055
5 ګام: د بهرنيو هارډ ډرایو شکل، د چپ لاس د پټې ستاسو په ذخيره آله شاید او په لریکول ټب کلیک وکړی.,"Step 6: After that, you will see format menu where you can select the file system that are compatible with your operating system.",0.22030959
داسې ښکاري چې داهغه لږ اقدامـ اوکړنه ده چې دافغانستان دولت يې، د يوخپلواک اوناپېیلي دولت په عنوان کولای شي سرته پې ورسوي!!!,"Now is the time for all Afghan groups, whether in power or not, to join hands for the welfare of their own nation; time is running out and so are their international saviours. (The Express Tribune)",0.2202028
هلمند کې ۱۴ وسلوال وژل شوي او یو طالب قومندان ژوندی نیول شوی په ننګرهار ولایت کي ۱۴تنه داعشیان مرګ ژوبله اوښتي ده,"President Hamid Karzai's national security adviser expressed optimism Thursday that the Afghan leader will sign a key U.S. security pact before leaving office this year, a positive sign after weeks of deadlock and anti-American rhetoric from the government.",0.21983159
د پاك فضائيه مشر ايئر چيف مارشل سهيل امان چين كښې شن يانګ ايئر كرافټ كارپورېشن ته لاړ,"ISLAMABAD, May 7 (APP) : Pakistan and Maldives on Thursday inked four Memoranda of Understanding on cooperation in areas including health, education, sports and combating illegal trafficking.",0.2168
سره Wondershare د تجزیې د معلوماتو د راستنولو تاسو سره د مرستې له Mac د تجزیې ړنګ او یا له لاسه مالومات بیرته. ...,There are many data recovery software for Mac available in the market. Good news is that some of them are free! View and select the best Mac data recovery software for you. ...,0.21678092
په دې وروستیو کې د کلیو د بیارغونې او پراختیا وزرات د (۲۱) پرمختیايي پروژو کار د ارزګان ولایت په مربوطاتو کې بشپړ او ګټې اخستنې ته سپارل شوې دي.,Two batches have already enrolled. The first batch (2010) of PGD-SRD afghan student successfully completed their program in July 2011 and the second batch (2011) of afghan students will complete the aforementioned course in Dec 2011.,0.21667677
اسفنـدیار له مور نه د یوې ګینـټې پاتي شوی و (۱۹ فبروری ۱۹۴۹، مخونه ۳۱، او ۷۷).,He asked the imam-e-masjid if there was another village up there. The imam replied in negative and told that there was only one house on the hill where a single man lived.,0.21615128
په شخصي توګه، زما په اند دا د کور پاڼه سمون شاید د بازار ځای ته د بدلون لپاره کلیدي وي. موږ یوځل بیا زموږ نعره بدل کړه، او خلک په پای کې پوهیدل چې موږ د بازار ځای و، چیرې چې تاسو کولی شئ له خپلو غوره پیرودونکو څخه فلټر واخلئ.,"Then, they added buttons to products, one direct link to the shop and one direct link to freebies. Personally, I think that this homepage adjustment was probably the key to changing to a marketplace. We also changed our slogan a little bit, and people finally understood that we were a marketplace where you could buy filters from your favorite photographers.",0.21575947
پس له ۷۲ ساعت جنګونه د بالابلوک په ولسوالی د فراه ولایت مربوطات ۳۱ طالب ټپی او ۲۶نور وژل سوی دی.,"The men were shot dead when they stormed the police base in Sarobi district,30 miles east of Kabul, after another suicide attacker died when he detonated a vehicle bomb outside the entrance.",0.21477821
شنونکي وايي، په ټوله کې په ولس کې د طالبانو ملاتړ کم شوی او تر څنګ يې طالبان له جګړې ستومانه شوي دي. دوی اوس په دې لټه کې دي، چې له اوږې ټوپک ښکته کړي، خو په خپلو کليو کې ورته اوسېدل بيا ګرانه چاره ده او ژوند يې له جدي ګواښ سره مخ دی.,"Source Link: Author: Michael Semple, Queen’s University Belfast Copy of the Post in PDF The first thing that I noticed in the gruesome pictures of two gunmen fleeing the scene of their attack on Charlie Hebdo was that the men were dressed from head Read More »",0.21453539
ستاسو څخه چې هر څوک هغوۍ د (مسلمانانو) په ضد کومکيان ونيسي، نو يقينآ هغه له هغوى څخه دي. بې شکه اللهج ظالم قام ته لارښوونه او هدايت نه کوي.,"After completing his secondary education, Khan also received a commission to be part of a prestigious corps of Pukhtoon (also known as Pashtun or Pathan) soldiers in the British Army, but refused due to his anti-colonial sentiments.",0.21432176
د ښکار کولو حوصلو له امله ، فیریټونه د مرغیو ، کوچني چرګانو سره یوځای ساتل خطرناک دي (مګر خرگوش چې ورسره وده کړې کیدی شي ملګری شي) ، پوټکی.,"because of hunting instincts, ferrets are dangerous to keep together with birds, small rodents (but the rabbit that grew with it can become a friend), lizards.",0.2142491
تقاضا یو بلاګرګر دی چې غوره ملګری او ترټولو بد دښمن دی - زه د فطرت لخوا بشپړ کمال کوونکی یم، دا څنګه چې زه تل تللی وم او د هغه عناصر شتون لرم چې د حیرانتیا شتمني وي.,"Perfection is a bloggers best friend and worst enemy – I’m a perfectionist by nature, that’s how I’ve always been and there are elements of that which can be an amazing asset. It can provide a path to creating a ground breaking blog, but the downside is that it can also paralyze you and stop you from progressing at all.",0.21357495
تعذيب انسان جواز ندارد، هيچ کس نمى‏تواند حتى به مقصد کشف حقايق از شخص ديگرى اگر آن شخص تحت تعقيب،گرفتارى يا توقيف و يا محکوم به جزا باشد به تعذيب او اقدام کند يا امر بدهد.,"THE HEAD AND MEMBERS OF THE GOVERNMENT, JUDGES, OFFICERS AND MEMBERS OF THE ARMED FORCES, OFFICIALS AND OTHER PERSONNEL OF THE ADMINISTRATION CANNOT BE APPOINTED OR ELECTED TO THE PARLIAMENT WHILE THEY ARE IN SERVICE.",0.21324396
آوا - خلګ غواړی چی دامام حسین (ع) د عزاداری او ماتم مراسم په ډیر شور سره تر سره سی - دچاپ وړ نسخه,AVA - A number of people gathered in front of the Human Rights Commission condemning the killing of children in Afghanistan,0.21323001
پای فریم: لومړی فابریکه د ریلان ویلډینګ درملنه کوي. خوندي کول، د پلی کولو پیاوړي او مصؤنیت لوړول.,"Customers can assemble them free as required. End frame: the first factory adopts raglan welding treatment. Secure, greatly enhancing the strength and safety of the platform.",0.21303701
â € ¢ د ولورپه – په بشپړه توګه يو ځاې د ګواښ د مخنیوي لپاره کارول امنيتي تدابير والز,"Summer Spa Reviver foar € 30 yn stee fan € 55 en gebrûk fan Spa Fasiliteiten op Soul Solutions, Qawra (giftable) – Soul Solutions- Iepen Deal",0.21263206
"د ړنګ انځورونه او وېډيوګانې څخه نوکیا ګرځنده تلیفون بیرته، تاسو کولای شي د غوراوي غوره ""انځور"" او ""ویډیو"" د پيل شي.","Make sure that the memory card can be detected by your computer and appear as a drive letter. Next, run the SanDisk memory card photo recovery software. Step 2: Select the type of files you want to recover",0.2126278
د غور ولایت د مرکز او دولتیار ولسوالۍ په مربوطاتو کې د اوبو د بریښنا د اته کوچنیو دستګاوو د جوړولو د بنسټ ډبره کیښودل شوه,"Until recently, women in the village of Jukna, in the remote province of Badghis in western Afghanistan, used to walk four kilometres a day to collect drinking water for their families.",0.2120778
اټکل کیږي چې د دغو نوو اصولو له مخې به، له هیواده بهر د پناه غوښتونکیو د دوسیو د څیړنو په منظور، مرکزونه جوړ شي او دغو مرکزونو کې به په درې اونیو کې دوسیې څیړل کیږي.,"The original treaty, which was suspended in February 2011 because of the instability that followed the overthrow of former Libyan leader Muammar Gaddafi, was signed in 2008. Libya was promised 4.2 billion euros of Italian investment as compensation for colonization and in exchange for stopping migrants from embarking for Europe from its shores.",0.21165524
ورځ تر بلی د هیواد نفوس ډیریږی ، زراعتي او صنعتي کړنې زیاتوالی مومې ، تقاضا او اړتیاوي هم ورځ تر بلی مخ پورته روانې وي د دغه اړتیا د پوره کولو په مؤخه هېوادونه ډول ډول اوږد مهاله اقتصادي ګلاري وضع کوي .,"Author : Gregory B Poindexter | Type : media article | Date of Publication : June 6, 2016 | Source/s : Hydro World | tags : , Afghanistan, Iran, Salma Hydroelectric Project, Transboundary Waters",0.21078138
د افغانستان د اسلامي جمهوریت جمهور رئیس محمد اشرف غني نن له غرمې مخکې د ځانګړو عملیاتو فرقې له جزوتامونو څخه د لیدنې پرمهال وویل، ټول ملت په تاسو ویاړي، ځکه تاسو د افغانستان د دښمن په زړه کې وېره اچوئ او هغوی پوهېږي چې تاسو په اسلامي عقیده او ملي ژمنتیا سنبال یئ.,"While women’s rights and their role in civic society are under scrutiny in Afghanistan, India’s top policewomen Director General (retd.) Kanchan Choudhry and Special Director General (retd.) Manjari Jaruhar visit their newly appointed Afghan counterpart, Colonel Jamila Bayaz, in Kabul to offer support.",0.21027376
د مرغومي ۱۷ مه – ۱۳۹۲ د غور ولایت د چغچران د کډوالو د ښارګوټي دېرش تنو ښځو، د کلیو د بیارغونې او پراختیا وزارت له خوا د یوې پروژې د پلې کېدلو په عملي کار پیل وکړ. یاده پروژه چې نږدې یو ملیون او اوه سوه زره افغانۍ لګښت پرې راغلی د...,The employees include: 1) two provincial employees of Badghis Rural Rehabilitation and Development 2) an Engineer of Rural Water supply Sanitation and Irrigation Program of the MRRD and 3) three day laborers of a construction company.,0.20839036
د ډول پر اساس چې موږ په عمومي ډول په اړه ليار خبرې کوي، د ځان کلمه کېدای شي او همدارنګه د سره قوت وپېژندله وي. يو سړي چې او په قوي دي نو تړلې چې دا ناشونې څخه د قوت ته ليار مفکوره جلا ښکاري. خو زه فکر نه کوم د موضوع دا ده چې په دغو دوو لغتونه عبارت دي له بيلتون.,"The gym provides a reprieve from the shame and fear of not measuring up to what a real man is supposed to be. And I think that’s the allure of the gym. Beyond the idea that if I’m not acting like a man or feeling like a man at least I can look like a man, there’s something about the gym that gives me a feeling of control.",0.20784172
زموږ د محصولاتو په اخیستو او له هغو څخه د استفادې په صورت کې تاسې د منصفانه استفادې لپاره د منلو وړ شرایط منئ او موافق یاست چې اړونده پالیسي مراعات کړئ.,"As such, the Acceptable Terms on Fair Use may be used to protect Salaam customers against entities or persons utilizing Salaam services in a manner that runs counter to the intent of the promo, fraudulent, or exceeding normal standards of use.",0.20526072
دريم اعلانونو زموږ همکاران ښايي د يو ساوتري تکنالوژي په كار روښانه gifs (د a.k.a. گورت Beacons/گورت منگړانو).,"If I'm supposed to follow in your footsteps, I have no idea how to get that kind of fuel or what it is -- again I would link to a specific product on Amazon, if it's important to have exactly the right thing, and if Instructables will let you.",0.20484622
کله چې تاسو د دې په څیر یو کس ترلاسه کوئ، نو تاسو غواړئ چې د کلونو کلونو په جریان کې نور هم واخلئ. دا روږدي دی.,"When you get one like this, you may want to get more as the years spread by. That is the addiction.",0.20476909
د ګمرک نقشې کنوانسیون ګمرک او تنظیم کړئ چې ستاسو تنظیم، او همدارنګه د نورو پیچلو شیانو لپاره ستاسو د ګومارلو ډلې ډلې.,"Customize and configure a custom map canvas that suits your organization, as well as group components of your deployment into more complex objects.",0.20448998
د مطلب کود: 61772 سرچينه : د صدای افغان خبری آژانس(آوا) په ننګرهار ولایت کي ۱۴تنه داعشیان مرګ ژوبله اوښتي ده,"But Karzai repeatedly has declined to sign the document, instead saying he wants to wait to sign it after the country elects his successor in the coming April5 presidential election.",0.20412578
د کارونکي ته اړتيا لري تر څو چې دغه پروسه چې په لاندې ډول ذکر شوي دی او ورپسې د آله مدیر لاسرسی:,1. The terminal application is to be launched with the help of the utilities folder under which this application can be searched for easily:,0.20357366
له بلی خوا ځینی نور کار پوهان باوری لری چی دغه اختلافات او ستونزی د نمایندګانو په مابین کی اختلافات په دوه بخشه ویشلی دی یو برخه چی بیخی جدی دی او د حقوقی او قانونی ضعفونه مطرح کیږی او د ولسی مشر غنی لخوا و نمایندګانو غړی ته استول کیږی.,"Other top contenders include former foreign minister Abullah Abdullah, who was the runner-up to President Karzai in the 2009 polls, and lawmaker Abdul Rab Rasoul Sayyaf, an influential ethnic Pashtun religious scholar.",0.20302662
د عامه ساتنې او امنیتي تصدۍ معینیت د قراردادونو آمریت د خپلو فعالیتونو په لړ کې په دې وروستیو کې د ملي او بین المللي پانګوالو سره پنځه امنیتي تړونونه لاسلیک کړي دي.,Office of contracting of APPF following its activities in year 2012-2013 has signed236 security contracts with various private investment companies compromised of national and international within the country.,0.202598
هغه ځوان خپلې مورته ورسيد او له هغې يې دوه ټوټے جامې وغوښتے چې ټول بدن يې ورسره پټ کړي. مور هم ورته دوه ټوټے ورکړے اوځوان په هغې سره خپل بدن پټ کړ او په ډيرې مينې د مدينې په لور روان شو.,"A Muslim woman may wear whatever she pleases in the presence of her husband and family or among women friends. But when she goes out or when men other than her husband or close family are present she is expected to wear a dress which will cover [her hair and] all parts of her body, and not reveal her figure.",0.20231768
روشن شرکت (د افغانستان ټلکام پراختیا شرکت لمېتېډ) له 6.5 میلیون فعالو پيرودونکو او د 34 ولایتونو په کچه د 287 ولسوالیو او ښارونو د پوښښ له پراخې ساحې سره، په افغانستان کې یو له مخکښو مخابراتي شرکتونو څخه دی.,"The opening ceremony will include RAPL 2016’s new THEME SONG performed LIVE by three “Afghan Stars” contestants, the audience wearing colors to symbolize the Afghan flag and many more surprises.",0.20093131
(36) پارس (ايران) لګيا دى د خپلې ژبي څخه ټول او پرهـ (غير) توري باسي، ډېره پنګه لري، سعدي، حافظ، فردوسي، په زراوو پاړكيان دي. دا ټول په خپل ځاى پرېيښي دي له دې سلو كلونو څخه خپله ژبه پاكوي. تر دې چې پردي توري خو پرېږده ځيني ټكي يې لا وايستل.,"In the Bangash pedigree tables, showing the allotment of shares in the land to the different sections, the Niazis are shown among the original sharers, but I expect that most of their lands were acquired independently of the Bangashes. The Niazi villages form a lone strip interposing between the Khattaks and the Bangashes from Togh, in Miranzai to Manda Khel, a distance of more than thirty miles.",0.19890875
د غبر ګولي ۳ مه – ۱۳۹۳ د هرات ولایت د پښتون زرغون ولسوالۍ د بېلابېلو کلیو اوسېدونکي په دې وروستیو کې د کلیو د بیارغونې او پراختیا وزارت د ۱۹ بنسټیزو پروژو د پرانستلو او ګټې ته سپارلو شاهدان وو.,"Recently, the Ministry of Rural Rehabilitation and Development completed and handed-over 19 utility projects in various villages of Pashtoon Zarghon district, Herat province.",0.19845462
کندهار (پژواک، ۸ کب ۹۶): د کندهار ښار په ځینو ساحو کې د تېز باران او ږلۍ له امله سېلابونه راوتلي او خلکو ته یې مالي زیانونه اړولي دي. که څه هم ورښت هومره زیات نه و او یوازې څو دقیقې یې دوام وکړ خو د کندهار ښار په ځینو ساحو کې سېلابونه را ووتل او یو...,"NILLI/ZARANG (Pajhwok): Two people, including policeman, have killed and four others wounded in traffic accident and bomb blast in central Daikundi and southwest Nimroz provinces, officials said on Saturday A woman was killed and two other injured...",0.19729581
تْشيانشانو تيرمي Hotel Edy تْشيانشانو تيرمي Villa Crociani تْشيانشانو تيرمي Hotel Marystella تْشيانشانو تيرمي La Vittoria 10 - La Soglia Della Val D'orcia تْشيانشانو تيرمي Grande Albergo Fortuna تْشيانشانو تيرمي Albergo Le Sorgenti تْشيانشانو تيرمي Park Hotel تْشيانشانو تيرمي Suisse تْشيانشانو تيرمي Albergo La Rosetta تْشيانشانو تيرمي Grand Hotel Le Fonti تْشيانشانو تيرمي Albergo Angela تْشيانشانو تيرمي Hotel Savoia Palace,"USD U.S. dollar EUR Euro GBP Pound sterling AUD Australian dollar CAD Canadian dollar CHF Sveitsiske franc DKK Dansk krone HKD Hong Kong Dollar JPY Japanese Yen NOK Norwegian krone NZD New Zealand dollar SEK Swedish krona SGD Singapore dollar CNY Chinese yuan KRW South Korean won TRY Turkish lira UAH Ukrainian Hryvnia ZAR South African rand RUB Russian ruble SAR Saudi riyal BRL Brazil, Real CZK Czech Republic, Koruna",0.19664067
د افغانستان اسلامي جمهوري دولت د موخو او د وړتیا اصل پاللو لپاره، په پارلماني چارو کې د دولت وزارت د دفتر ریاست څلورم بست (د کوچيانو چارو خدماتو د همغږۍ عمومي مديريت) د دوو اونیو . . .,"During a Special Occasion of Accountability, State Minister for Parliamentary Affairs shared with the public all the achievements of last year 1397 as well as the planning for current fiscal year 1398:",0.19652592
(د ارواښاد ډاکتر کبیر ستوري له ناچاپه لنډولیکنو څخه) د لیکلو نیټه: جولاي ۱۹۹۸,"But I learnt about this quote when Baba (Wali khan) confided to me in one of his lengthy discourses on the freedom struggle, and what became of the subcontinent after the birth of India and Pakistan.",0.19593954
څو وسلوالو کسانو نن سهار د ولسی جرګې د غړی فریدون مومند پر کور ډله‎ییز برید کړی چې په موقعې د پولیسو په غبرګون کې په هماغه پیل کې وژل شوی او یوه بریدګر مقاومت وکړ چې په نتیجې کې ئې یو پولیس هم و وژل شو .,US President Donald Trump’s predecessors also began crafting their Iran policy with similar bravado; but came around to accepting and respecting the reality of Iran as they became more experienced in office.,0.19539073
1 يک روش ترکيبي بر پايه شبکه ايمني مصنوعي و آتاماتاي يادگير براي خوشه بندي داده ها سومين کنفرانس داده کاوي ايران ملی محمدرضا ميبدي تهران 1388/08/27,2 History-driven firefly algorithm for optimisation in dynamic and uncertain environments International Journal of Bio-Inspired Computation 8(5) - محمدرضا ميبدي,0.19478276
د سرلیکونه په دې تړون کارول صرف د هوساینې لپاره شامل دي او به دې شرطونو نه محدود کړی او یا بل ډول اغیز وکړي.,The headings used in this agreement are included for convenience only and will not limit or otherwise affect these Terms.,0.19447073
د پښتو ته راواپس کېدل د لټولو د پاره خو خُدائ پاک خپله مينه مُونږ ته داسې ښکاره کړه،کله چه مُونږ لا ګُناه ګار وُو نو مسيح زمُونږ دَ پاره مړ ش,Answer: The Four Spiritual Laws are a way of sharing the good news of the salvation that is available through faith in Jesus Christ. It is a simple way of organizing the important information in the Gospel into four points.,0.19425878
دا د لمس وړ پړاو شاته راهیسې ليکوالو د معمولا د غوښتنې devirtualise، چې ستاسې د ليږد په خبرپاڼه کې (يا دنده آفسيټ نښه struct) نه شي.,"This is a tangible step backwards since compilers can often devirtualise calls, which your switch statement (or function pointer struct) can’t.",0.19339252
پروتوکول شماره ۳ – مربوط به قرارداد میان حکومت اتحاد جماهیر شوروی سوسیالیستی و حکومت پادشاهی افغانستان راجع به رژیم سرحدات مملکتی اتحاد شوروی و افغانستان,"This research revealed two types of challenges: i) internal (national level) challenges, and ii) external (international or transboundary) challenges.",0.19299491
د ویزی غوښتونکی، که د پوستی له لاری غوښتنه کوی او یا خپله سفارت ته مراجعه کوی، باید لاندینی اسناد او ضروریات سفارت ته وسپاری: ـ,"240 Argyle Ave. Ottawa, Ontario, K2P-1B9 _ Phone: (613) 563-4223 / 65 _ Fax: (613) 563-4962 _ contact@afghanembassy.ca",0.19287398
د ارواښاد استاد سعد الدین شپون له مړینی سره د پښتو نثر یو ستر څلی را ونړید او د معاصر ادبی هنر یو غروو چی را پریوت ....,AMBASSADOR ALI A. JALALI ATTENDED THE YEARLY RECEPTION FOR DIPLOMATIC CORPS AT THE MESEBERG CASTLE IN BRANDENBURG.,0.19213784
طالبان پر اسلام اباد د حملې گواښ کوي - نسيم پسرلى Swat civilians caught in the crossfire - پښتونخوا خبریال No Space For Art In ´´Taliban State´´ - Dr. Ashraf Ali,He demanded of the govt.other international donors to come forward and provide shelter to the affectees of the war and adjust all those students in colleges and schools in Peshawar and other comparatively safer districts to get education scot free.,0.1908259
"1 ګام د دوتنې تاسو غواړئ چې په توګه پر پرده لاندې ښودل بیرته ډول وټاکئ، چې تاسو کولای شي: ""ټول د دوتنې ډولونه"" د پیل او د 'بل' کلیک ټاکي.","Step 1 Select the specific file type, or you can select the ""All File Types"" and Next.",0.18979803
هر يو شې مې وليدلو په درياب کښې هم قايم او هم ژوندې په دغه آب کښې,"The crest of the mountain at the shrine is not the highest point, which is at one of the three knob-like peaks at the south end of the crest.",0.18860766
کوه رونګ یو لوی لوی ټاپو دی - که تاسو غواړئ چې د نورو حیرانتیاو ځایونو وګورئ (او هلته ډیری دي)، موږ ستاسو لپاره سپارښتنه کوو چې یو د جزیرے سفر.,"Learn everything about Koh Rong Island in Cambodia with our official Koh Rong travel guide, covering Koh Rong and its sister island Koh Rong Samloem.",0.18852527
"په دې وروستیو کې ما د 8,000th تبصرې د جنت څخه د بلاګنګ په اړه خپل نظر ترلاسه کړ. د دې مرحلې له منځه وړلو وروسته زه غواړم د قضیې مطالعه شریک کړم چې څنګه ستاسو په بلاګ کې د 8,000 تبصرو څنګه ترلاسه کول. تاسو ولې غواړئ ...","After hitting this milestone I want to share a case study detailing how to get 8,000 comments on your blog too.",0.18456733
ښځینه کډوالې د تیریو او استثمار د خطر په لوړ حد کې دي. د دې لپاره چې له دې خطرونو وژغورل، میرمنې غواړي چې له نارینه کډوالو څخه ځانونه ډیر لرې کړي. ستونزه دا ده چې دوی ډیر خپل ځانونه تجریدوي، نو د خوندیتوب، د ناقانونه کډوالۍ د بدیل په اړه مهم معلوومات لږ ترلاسه کوي.,"Even if they manage to get to the UK, they frequently end up in debt to smuggler networks and continue to be exploited. Can the UK force me to return to my home country? Even if you do reach the UK on one of these dangerous routes, there is a high chance you will be caught and removed upon or after your arrival.",0.18449536
ځینې ویب میزبان به د خپلو پیرودونکو غوښتنه وکړي ترڅو د ټیټه بیې ټیکس تبادله کې ډیر اوږدې مودې لپاره ګډون وکړي.,Some web hosts will request their customers to subscribe for a very long period in exchange of the low price tags.,0.18447945
په هلمند ولایت کې امنیتي او دفاعي ځواکونو هوايي او ځمکنیو عملیاتو کې ۲۴ وسلوال مخالفین وژلي او ۱۹ نور یې ټپیان کړي دي.,9 Mar 2014 12:23 Sri Lanka to support Afghanistan cricket development The agreement with Sri Lanka comes at just the right time for Afghanistan. 9 Mar 2014 12:13,0.18361694
تر بل هرچا د ناامنه سيمو اوسيدونکې سولي ته زياته اړتيا لري، چيرته دهغوی څخه امريکایې پوځيانو ته د اډو ورکولو په اړه پوښتنه شوې؟ چارواکې، حکومت او امريکا پلوه خلک خو په ښارونو کې اوسيږي، څه ډول کولای شي چې هغوی د ناامنه سيمو څخه استازيتوب وکړي؟,"McChrystal’s statement that ""we’ve been at this for about 7 months now"" is a two-fold assertion.",0.18213762
"په وروستي کلونو کې، په نړۍ کې یوه ډیره غمیزه نده لیدل شوې: د شاتو مچۍ په لویه کچه ورک کیږي. بیرته په لومړنیو نیوتیو کې، بیکیکرانو دا عجیب عامل وپیژندل، او په 2006 کې دا د پخوا په نوم نومول شوی ""د مک مکانونو د ویجاړولو یو سنډوموم"".","In recent years, a very sad trend has been observed in the world: honey bees are disappearing massively. Back in the early nineties, beekeepers noticed this strange phenomenon, and in 2006 it was already named ""a syndrome of destruction of bee colonies.""",0.1800403
اول د يوحنا خط ٥: ١٣ مُونږ ته وائى، ”دا خط تاسو له دا يقين درکوى چه تاسو دَ تل ژوندُون ولرئ ځکه چه تاسو دَ خُدائ پاک دَ زوئ په نامه ايمان راوړئ.“ خُدائ پاک غواړى چې مُونږ په نِجات باندې پوهه شو. خُدائ پاک غواړى چې يقيناً زمُونږ دا اعتماد وى چې مُونږ ته نِجات مِلاو شوې دې. راځئ چې دنجات هغه بُنيادى ټکى له ورشو:,"It is okay to not have all the answers. Solomon, the wisest man who ever lived (1 Kings 3:3–15; 4:30; 10:1–9), raised many questions in the book of Ecclesiastes, answered most of them, and then offered a final conclusion about life. He said that all people should “fear God and keep his commandments, for this is the duty of all mankind” (Ecclesiastes 12:13).",0.17862564
"د یو بل خبر له مخې، ښاغلی ""منصوري"" د دغه سفر په ترڅ کې د کنړونو ولایت د نرنګ په ولسوالۍ کې د ۸۰۰ متره په اوږدوالی د یو استنادی دیوال پروژه پرانیسته او ګټې اخیستنې ته یې وسپارله.","Subsequently, some of the participants delivered their view-points regarding the issue; they highlighted the challenges toward the implementation of the developing projects.",0.17699641
2. له لاسه دوتنه راستنول انتخاب دی بيا وټاکل شي تر څو باوري کړئ چې د کارن د هنر بڼې غوره او د دولت د هر ډول موضوع او ستونزې پرته تر لاسه کړي. په دغه ګام د کارونکي ته هم باید ډاډه کړي چې د ډرایو چې د معلوماتو له لاسه رامنځته شوې، انتخاب او د سيستم هم سکن:,2. The lost file recovery option is then to be selected to make sure that the user gets the best and the state of the art features without any issue and problem. In this step the user also needs to make sure that the drive where the data loss occurred is selected and the system is also scanned:,0.17584878
د کورنیو چارو وزارت د عامه‌ساتنې او امنیتي‌تصدۍ لوی‌ریاست د دولتي پروژو د ساتنې ریاست سرپرست مل‌پاسوال محمد ایاس اکبري د یو هیئت په مشرۍ پکتیا ولایت ته سفر وکړ,Over 40 guards of APPF and Enterprise Security were deployed to their Detachments after one month of military training from Command Educational Center of APPF and Enterprise Security.,0.17551583
له تاسو څخه په لومړۍ ضمیمه کې د ذکر شوي سامانونود تیارولولپاره د قیمت ورکولو غوښتنه کیږي.په دویمه ضمیمه کی جدول دی چی پکی به ستاسو لخوا نرخ ورکول کیږی. په دریمه ضمیمه کې د سامانونو ځانګړتیاوې او څرنګوالی تشریح شوی دی.,"د افغانستان د اسلامی جمهوریت،د مخابراتو د وزرات لپاره د تدارکاتو غوښتنه 0.297521 mcit.gov.af/d8/en/page/4876/6005.html mcit.gov.af/d6/ps/tender/15887.html With installation of SDH switches, the fiber optic project from Logar to Ghazni has been inaugurated.",0.17514515
ـ دولتي ودانۍ په اجاره ورکول، چې دهیواد په کورنیو جګړو کې له مینځه تللې وي او تراوسه د استفادې وړ نه وي، د دولتي امکاناتو په برابرولو او له اشخاصو او شرکتونو سره د پروتوکول له مخی د قانون مطابق بیا جوړول.,"– Rents to rebuild those government buildings that were destroyed during the civil wars and are now unusable, through the use of government facilities or protocols with companies or individual individuals in accordance with the law.",0.17491338
پرتګالي - ډیر خوندور او خوشحاله خلک، دوی مزاحیم او مذاق خوښوي، مګر یو څه خندا. د سبټیل انګلیسي انګلیسي مزاحمت نه دی شوی.,"Tingnan ang isang listahan ng mga online bingo site, pagkuha ng mga manlalaro mula sa Bolivia, at nag-aalok ng mataas na kalidad at ligtas na mga laro.",0.17466709
هغه انځورونه چې د محصولاتو استازیتوب کوي لږترلږه هغه څه منعکس کوي چې محصول یې په حقیقت کې دي: څه چې تاسو یې لیدل کیږي تل هغه څه نه یاست چې تاسو یې ترلاسه کوئ.,The images used to represent the products rarely reflect what the products actually look like: what you see is not always what you get.,0.17385373
پوهنې وزارت- کابل: پوهنې وزیر ډاکتر محمدمیرویس بلخي د هدفمندو ځوانانو ټولنې سره په لیدنه کې یاده کړه چې په نژدي راتلونکي کي به د پوهنې وزارت او مدني ټولنو تر مینځ د همکاري طرحه وروستي. . .,"KABUL: Deputy Minister on Youth Affairs of the Ministry of Information and Culture, Dr. Kamal Sadat handed over 8000 books donated by the ministry’s Public Libraries directorate to the Ministry of Education here yesterday, BNA reported.",0.17349762
موږ ټينګار په دقت سره تل جوړولو هره برخه، هڅه وکړي چې له ښه کیفیت، کامل د خدمت او د لوړو موثریت د پېرودونکو غوښتنې خوري.,"We insist on making every detail carefully always, try to match customers’ requirement with better quality, perfect service and higher efficiency.",0.17197147
دا ماده وړاندې کوي د په بازار کې په سر 5 Toshiba باندنۍ هارډ ډرایو نمونې څخه چې کارنان کولای شي غوره يو غوره جامع تفاهم! ...,Learning how to use an external hard drive can come in handy for the ones looking to expand their digital storage through physical devices. ...,0.1716464
تر اوسه پورې د کوچيانو ژوند ته هيڅ افغان حکومت پاموړ توجه نه ده کړې,"Despite the lack of support for science and innovation in Afghan schools, a young inventor in Logar has created a mini excavator from syringes and plastic pipes based on a photo he saw in class.",0.1703964
دا مسله له تیرو پینځو کلونو راهیسي د کابل او واشنګټن ترمنځ د جنجال زیږونکو مسلو په سر کې راتله چي څو ځله یې د نړیوالې ترهګرۍ او طالبانو دغه دوه دښمن ملګري سره ښکر په ښکرکړي دي.,"However, he said the US wanted to deploy its troops to eight areas for training Afghan forces, if Afghanistan wanted so.",0.16884592
"Wl bj var غواړئ غواړئ اې پي پي = = """"کولاې . د نور خپلواکې تنظيمونکې ادارې او داسې نور. زياته کړه, چې په پاي کې د د ژباړې رابطه كوم","var wl_bj_app = """"; // Extra parameters etc. that are added to the end of the translation link",0.16871059
"""آیا تاسو خوشبین، امبر-روی جیلی د پخه روانو برری څخه لرې کړی؟ که نه، نو زما لارښوونه وګورئ، زه به تاسو ته ووایم چې د جیل """"روح روان"""" کڅوړه څنګه وخورئ!""","Home pies can be not only simple and satisfying, but also incredibly exquisite, original and truly festive. One such classic",0.16745856
هغه وویل چی د دغی بهرنی وسله والو ۲۰۰ کس ته رسیږی او د ارغنداب په ولسوالی، میزان او خاک افغان په ولسوالیانوته راغلی دی.,"Though the Afghan forces endured, they did little to answer some persistent questions about their ability and image, including whether they can handle their own planning and logistics as American forces continue to pull back.",0.16699004
که په لاندې حالاتو کې په جرمني کې د چا بچیان په دوی پسې جرمني ته راشي؛ د پناغوښتنې پروسه به يې په اتومات ډول پیل شي:,"Please note: For unmarried children who enter Germany with their parents, an asylum procedure is automatically initiated when the parents apply for asylum.",0.16585748
هغه سبقونه چې ساده او اسانه وي په هغه ځای کې چې تاسو خبر کړئ کله چې تاسو خبر شئ. د دې کورس تطبیق او ستاسو د ویرې انلاین کول. خپل ځان ته فرصت ورکړئ چې خپل سرینګ وټاکئ او خپل ځان وساتئ!,"Terms of use : the site comme-un-pro.fr is proposed in different web languages (HTML, HTML5, Javascript, CSS, etc ...) for a better comfort of use and a more pleasant graphics, we recommend to use modern browsers like Internet explorer, Safari, Firefox, Google Chrome , etc ...",0.16556223
فزیکي او ذهني تمرین وکړئ، دا به تاسو سره د ښه احساس کولو په برخه کې مرسته وکړي.,“Japan is well known as a difficult country to export to and is not a huge market for Solar Solve but it is still a significant one for us and we are always pleased and very proud when win orders there.”,0.16425055
رییس جمهور اشرف غنی نن دغرمی نه مخکی په یو کنفرانس کی د امنیتی او دفاعي ارگانونو سره وکتل,And seasoned veterans like James Toler are desperate to ensure that monument incorporates the artistic expression of the real men and women who fought in this war.,0.15962863
"< 140 سم, 151 - 160 سم, 141 - 150 سم, 161 - 170 سم, 171 - 180 سم, 181 - 190 سم, > 191 سم","jomar1994 _ ذكر 45 _ Los Angeles County, California, United States _ Pinay Romances Dating",0.15929681
په دې ماډل کې، تاسو به پوه شئ چې څنګه د ویب پاڼې د خپرولو لپاره د ویب موادو محتوا حلولو لپاره کارول کیږي.درسونه,Its the best training which I had. The trainer had the most consummate skills of Java a...,0.15868373
"In د محتوياتو د بيا رغونې لپاره لارښود لارښود , د بفیرپ د کیان لی د پخوانی محتوا د بیا رغونې په برخه کې لاندې ګټو لیست کړی.","The benefits of recycling old content In The Ultimate Guide to Repurposing Content , Kevan Lee of Bufferapp listed the following benefits in recycling old content.",0.15840617
۳ــ فردا تا = (فراه رود) . ۴ــ خواز ننګهيتي = هاروت رود . (دفراه په سيمه کي).,"The committee included Dr Syed Mahmood, Lala Dooni Chand and Maulana Abdul Qadir Qasuri, the grandfather of Pakistan's former prime minister, Moeen Qureshi.",0.158117
۱- ځواک لرونکي ملت د خدای ج په اتکا او د نفس په اعتماد سره مبارزه تر سره کوی اود دینی علمی ټولنیز مشارکت او صحیح مدیریت په استفاده سره دا ستونزی حل او ژوند پر مخ بیایی .,"Partial ownership also called as incomplete ownership. It means that a person onlyowns one aspect of the property, either its corpus or usufruct and also own the rightsincluded in a land.",0.15746403
ستا استازی یې باید غوښتنه ( درخواستت) وکړي، مهرباني وکړه د خپل استازي څخه پوښتنه وکړه. که ستا سن د ۱۸ کلو او له هغه څخه پورته وی نو باید غوښتنلیک خپله ولیکې. مخکې تر دې چه یو کال پوره شي باید غوښتنلیک ورکړې. کیدای شي ستا ویزه د ۲ کالو د پاره تمدید شي .,Please ask your legal representative. If you are already 18 years old you need to make the request yourself. You have to make the request before your right of residence expires. You might then get a right of residence for two years.,0.15689686
2 ګام د شتون له لست څخه چې تاسو غواړئ چې د معلوماتو بیرته له ټيکلی ډرایو نوم غوره کول.,"If you can't find your partition go to select the option ""I can't find my partition"" and start. Step 3 There are four paritions on the list, chooes one partition to scan files.",0.1563999
په هغه صورت کې چې تاسو د لمر لیوالتیا یاست (څوک نه ؟!) غوره لمرونه عموما په لویدیز او شمالي برخو کې موندل کیږي کوه رونګ او کوه رونګ سیمومیم.,"In case you’re a sunset enthusiast (who isn’t!?), the best sunsets are generally to be found on the western and northern sides of Koh Rong and Koh Rong Samloem.",0.1555355
تحت 158 ر.س (13) 158 ر.س - 236 ر.س (26) 236 ر.س - 276 ر.س (1) 276 ر.س - 315 ر.س (1) 315 ر.س - 394 ر.س (8) 394 ر.س - 591 ر.س (6),Polyester (21) Cotton (11) Lace (6) Satin (5) Spandex (2) Ponte-de-roma (1) Silk Blend (1) Chiffon (1) Rayon (1) Chinlon (1) Crepe (1) More,0.15485898
هیڅ شی نشی کولی چې څوک د Sitejet په اړه ووایی، یو شی روښانه دی او دا حقیقت دی چې دا شرکت بې حده انګیزه لري.,"Targeting itself against CMS behemoth WordPress, Sitejet nevertheless has its unique skew – web designers, freelancers and service providers.",0.15411055
د ښځو او ماشومانو د ځورونې مخنیوي عالي کمیسیون دوهمه ناسته د کار، ټولنیزو چارو، شهیدانو او معلولینو وزیر فیض الله ذکي په مشرۍ او د یوشمیر نورو دولتي او خپلواکو ادارو په ګډون...,Reinforcement of the private sector and small businesses enterprises will reduce unemployment rates in the country said His Excellency Faizullah Zaki minister of Labour and Social Affairs in the...,0.15363596
په کابل کې اوبه او پایداراه پرمختګ تر سرلیک لاندې څلورمه ملي غونډه جوړه شوه. افغان ولسمشر وايي، چې اوبه د افغانستان له مهمو سرچینو شمېرل کیږي؛ نو، ځکه یې باید د مدیریت لپاره جدي هڅې وشي. ...نور,AAN researcher Said Reza Kazemi presents his observations and conversations with households and water stakeholders.,0.15330642
په تیرو کال کې یا هم په دې کې ځینې مهم بدلونونه رامینځ ته شوي چې څنګه د نع قلم څخه سیم سیم ته راشي (او د سییم ریپ څخه د نوم قلم څخه). د نویو بسیا شرکتونو څخه، د ټیکسي ترټولو غوره خدمات ته، ډیر آسانه الوتنې ته، دا هیڅ کله هم د ښار څخه تر لاسه کولو آسانه نه و [...],"Over the past year or so there have been some major changes in how to get from Sihanoukville to Siem Reap (and from Siem Reap to Sihanoukville). From fantastic new bus companies, to the very best taxi services, to more convenient flights, it has never been easier to get from one city to the other. […]",0.15329194
فایل '' Word د ترميم او ښه لاره ده MS Word تېروتنه د ترميم,"If there are a lot of files to choose from, you can simply select the files, and hit the ""Recover"" button to have them back on your system.",0.15286484
مخکې په یوه شتمني پانګونه، سوداګرو غواړي چې د ټولو په اړه پوه شي. خبرونه-خواړه، د شتمنیو پېژنڅېر، شاخصونه، يو څو نوم: او iqoption پلاتفورم يوازې د دندې لپاره د وسیلې برابروي. خو هغه څه چې که د معلوماتو اندازه زيات شي او د مغشوشتيا لامل کېږي؟,"Before investing in an asset, traders want to know all about it. And iqoption platform provides just the tools for the job: news-feed, asset profile, indicators, to name a few. But what if the amount of data becomes excessive and causes confusion?",0.15263192
د بن په دوهم کنفرانس کې چې د ډسمبر په پنځمه جوړیږي، د افغانستان د ګاونډیانو په شمول د نړۍ د شاوخوانوي هیوادونو او نړیوالو سازمانونو استازي برخه اخلي.,Taliban violence threatens Afghan elections: HRW Gen. Abdul Rahim Wardak Withdraws From Election Race,0.15168357
د جمهوري ریاست لومړي مرستیال سترجنرال عبدالرشید دوستم پرون د هېواد د بېلابېلو مسایلو په اړه څرګندونې وکړې.,"That translates into 5300 to 8000 U.S. troops, considerably below the 13600 that Gen. Jim Mattis, former commander of Central Command, estimated to be necessary–and that itself was a low-ball estimate in the judgment of many military experts.",0.15147364
اوټاوا، ON - FileCatalyst، د امیسي® ګټونکي پاینډر د مدیریت په فایبر لیږد کې او د نړۍ د چټک فایل شوي لیږد لیږد حل، [...],"Ottawa, ON – FileCatalyst, an Emmy® award-winning pioneer in managed file transfers and a world leading accelerated file transfer solution, [...]",0.15123823
آئين نامه اجرايي بند الف ماده 26 قانون برگزاري مناقصات ... ادامه مطلب تاریخ : 1394-04-13 آئين نامه اجرايي بند ج ماده 12 قانون برگزاري مناقصات,Fatal error: Allowed memory size of 134217728 bytes exhausted (tried to allocate 101 bytes) in C:\Inetpub\vhosts\abfagolestan.ir\ on line 38,0.15101448
لږ تر لږه د پينځو کالو لپاره د استوګنې اجازه (د پناغوښتنې د پروسيجر د مودې په ګډون) بل لازمي شرط دی.,Your permanent EC residence permit may be revoked if you have obtained it as a result of providing false information to the authorities.,0.1504353
اوس چې تاسو بریالي شئ، یو بل مهم ټکي شتون لري: ستاسو د پروسې چټک کول.,The contents in video format on the site are numerous (around 3714) and will suit all those who would like to acquire more knowledge. What Smartnskilled offers,0.14991546
امریکائي كانګرېس د اسياء او بحر الكاهل د 12 هېوادونو ترمېنځه د سرمايه كارۍ لوظنامې په اړه د قانون جوړولو منطوري وركړه,"ISLAMABAD, Jun 25 (APP): Pakistan Cricket Board (PCB) Chairman Shaharyar Khan on Thursday termed ace batsman Younis Khan as one of the best produced by the country saying his performance is a source of pride for every Pakistani.",0.14777935
""" دا لومړی ځل دی چې زموږ په ټولنه کې یوه ښځه د نوبل جایزه تر لاسه کوي. هغه ښځه چې بدبختانه زموږ په ټولنه کې ورته د تعلیم او کار حق نه دی ورکړ شوی او دوی د کور څخه هم بیرون نه پریښودل کیږي .",Prof Dr Rajwali Shah Khattak director Centre of Pashto Language and Literature assured the participants of the conference that their genuine problems would be addressed and they would utilize their expertise and capabilities for Pashto.,0.1476929
سيستم دفع ادرار فم-پي براي سه حالت نشسته، ايستاده و در حركت بكار مي رود. بدينوسيله بيمار مي تواند با خيال راحت كارهاي روزمره خود را انجام دهد.,Perfectly hygienic: The FEMPEE™ is manufactured with Medical Grade Silicone under strict bacteriological control and it has been sterilized by Gamma Irradiation.,0.14721504
د خپلو توليداتو يا pricelist په اړه د پوښتنو، لطفا موږ ته خپل ایمیل ووځي او موږ به د 24 ساعتونو په تماس کې وي.,"Jinjia Green Decoration Co.,Ltd - XPS Foam Board, XPS Board, PVC Tile, Marble Tile, Tile Floor",0.14619729
> حكومت د ستراتېجك ډائيلاګ سره د دوه اړخيزه سياسي عمل په بابله امريكا سره د نزدې اړيكو زياتول غواړي۔۔۔ اولس مشر آصف علي زرداري,"LAHORE, June 29 (APP): Pakistan Cricket Board is all set to appoint a former interim chairman of Lahore city cricket association, Aizad Hussain Syed, as the director game development, national cricket academy, ignoring the set criteria and merit.",0.14606822
چې د يوې ژبې اثار د نړۍ په ټولو ژونديو ژبو وژباړل شي نو دا څنګه سيمه ييزه کېدلی شي؟,"The writer of ""Mahzan e Afghani"" claims that the mother of Pashtoons an the wife of their Forefather, Qais Abdul Rasheed was Sara, the daughter of Khalid Bin Waleed RA.",0.14542422
د کانونو وزارت وايي چې دغه کانونه د تیر لمریز کال په لیندۍ میاشت کې په لندن کې په یوه کنفرانس کې داوطلبۍ ته وړاندې شوي و.,"Global Witness, along with its partners at Integrity Watch Afghanistan, said in a report it was time for the Afghan government to commit to greater measures to ensure any resource extraction was shielded from corruption.",0.14406036
د افغانستان اوبه- عمومی د کابل سین حوزه د هریرود سین حوزه د هلمند رود حوزه Close,"“The Ministry of Water and Energy is silent and is not paying attention to these issues that can create a disaster,” said another MP Nazifa Zaki.",0.14328302
د جامو نقلونه د هغو خلکو لپاره یو ښه حل دی چې د خپلو بوټو سپما او شتمنی ارزښت لري,"Instead, you only need to visit our store and choose the jewellery replicas that you like the most and are easy on your wallet.",0.14283325
د پوره صادق وي، زه هم ګورې نه چې ... چې څومره ما ته مهم دی. زه دلته راغلم لپاره FSX د غوره الوتکو د ځينو په فورم په شاوخوا کې او دلته تر لاسه کړي، له ستونزې سره مرسته وکړي او یوازې په دې بې سارې ټولنې، چې په رښتيا سره وده کوي، لکه هره ورځ .... نه د ځينو ټکو راټول خوند .. .,"To be perfectly honest,I don't even notice that...that's how much is important to me. I came here to get some of the best planes for FSX around and here at the Forum,to help out with problems and just enjoy in this amazing community,which really grows ,like every day....not to collect some points...",0.14263868
په پای کې ژورنالستانو خپلې پوښتنې مطرح کړې چې د کلیو د بیارغونې او پراختیا وزیر او د ناروی هېواد د سفیر د مرستیال له خوا ورته ځوابونه ورکړل شول.,At the end Minister of Rural Rehabilitation and Development and Deputy Ambassador of Norway answered to the questions of journalists.,0.1414755
دا یو دی مطلوب که تاسو په ساده ډول نه کوم رنګ په ټولو غواړي. که تاسو د ښکته په لور له نږدې وګوري نو تاسو به وګورئ چې دا د دې يخ آبی اغېز او له همدې امله نه په بشپړه توګه د رنګ القلب لري.,"Depending on the screen size and the acceptable image resolution, the iOS installed on your iPhone automatically tries to best fit the selected photo on the background.",0.1413818
دا مهمه ده چې تاسو پوه شئ چې د سينه ټایټ ډیزاین اړین دی. تاسو باید خپل وخت غوره کړئ مخکې له دې چې د خپلې خوښې غوره کولو څخه دمخه د سیسټمونو انالین کټګورۍ په لټه کې شئ. انځور سرچینه,It is important that you understand that chest tattoo design has become essential. You should take our time in searching through the online catalogue of chests before you pick your choice. image source,0.14076033
هغه وويل: کله چې فوځي ځواکونه له داعش څخه د سيمې د پاکولو لپاره دغې سيمې ته نزدې شول، داعش قوماندانانو وويل چې له بارزاني ځواکونو سره د موافقې په بنياد د داعش د غړيو کسانو کورنۍ به له دغه ښارګي څخه بهر ووځي.,"Pakistan has sought help from the United States President Donald Trump in building a wall along its border with Afghanistan, saying that the war is costing much more.",0.13841937
د تعریف له يوه انسان په لاس جوړ محصول دی چې په یو لابراتوار له دننه شوي دي. (د جوړولای ده چې په ګډه او یا عناصر په یوه پیچلې ټول په ګډه). په پای کې پایله کې کیدای شي یو مصنوعي قیمتي وي (یعنې، چې یو طبیعي سیال) او یا د یو مصنوعي قیمتي (يعنې، یو چې د طبيعي سیال نشته),"small glass cell for containing suitable liquids. The principle behind using an immersion cell is that the refractive index of the liquid is to the stone, the easier it will be to see into the stone. Almost any colorless liquid, even water, will cut down surface reflection, and make viewing inclusions much easier",0.13778052
د بریښنا او د بریښنا د انرژۍ سیستم په ټولو برخو کې له اصلي بسته بندۍ، چې د ډاډ د ماشین د لوړ کيفيت ته راوړل کیږي.,"Optical System: High magnification CCD industrial camera made in Germany, Japanese industrial lens plus a whole set of professional illumination systems",0.13724083
پولاريس په بنګله ديش کښي دَ سونالي بينک او بي سي بي ايل سره د “سونالي پولاريس فنانشل ټيکنالوجي لميټډ“ ( ايس پي ايف ټي ايل) په نوم يوه مشترکه کمپني جوړولو دَ پاره دَ مفاهمت پر يادګيرنے دستخط وکړو۔ دا کمپني به په دے ملک کښي ايف ټي خدمات وړاندے کوي۔,- Polaris signed a MoU to form a Joint Venture Company – Sonali Polaris Financial Technology Ltd (SPFTL) – with Sonali Bank and BCBL in Bangladesh to offer FT services for the country,0.13718179
سرور دانش دآزادو رسنیو پر اهمیت اظهار درلودی: دلوی څارنوالی او نورو عدلی او قضایی نهادونو په همکاری دژورنالیستانو پوری مربوط قضیی څیړنه دحکومت دکارو په اولیتونو کی قرار نیولی دی.,5 rockets fired from Afghanistan land in NWA Army Corporal: Afghanistan is 'much more secure' Error report RSS Links Contact us About us Mobile Edition Archive Friday 4 November 2016 فارسی پشتو Home Photos Religious Celebrities Foreign celebrities Local celebrities Training Accidents Sports Art Science Social Economic Newspapers review Politics Military,0.13600792
په خپلو کړنو کې د بریالي غوښتنې غوښتنه او د خپل ځان لپاره د هغه څه لپاره چې تاسو کولی شئ زده کولی شئ د قضیې مطالعه,A Case Study of Successful Call to Actions and What You Can Learn for Your Own Site,0.13561338
تاسو کولای تل په Wondershare عکس راستنولو تکیه وکړو فوجی عکس بیرته څخه فوجی د ګڼياليزې کامرې او عکسونه بیرته. ...,"If you want to recover data from your hard drive, you might need to find and the local hard drive recovery service and let staff here to help you. ...",0.13492577
د یو میلیارده خلکو سره د اړیکو کې مرسته حیرانتیا، خندا او د هغه څه ډیره برخه ده چې زه په خپل ژوند کې ډیر ویاړم.,"Helping a billion people connect is amazing, humbling and by far the thing I am most proud of in my life.",0.13279036
په یوه لوی شرکت کې د منطقې او فزیکي تخنیکي ډیزاینونو لپاره د ډیپلوماټیک ډینکسکس ډیپلوماتټ او اداره کولو لپاره لږ تر لږه یو کال تجربه.,Its a great institution with quality staff and all necessary Infra. Cleared ITIL founda...,0.1324752
مسلکي ټیټسټسټان په پارلماني او آنلاینونو کې لیدل کیږي. تاسو کولی شئ د هغو ځایونو سره چې تاسو یې احساس کوئ احساس کړئ. مخکې له دې چې تاسو یو کارپوه استخدام کړئ چې تاسو ته یې چمتو کړئ، د دې ګناه غلط مه کوئ چې دا شخص ماهر مهارت لري.,"Professional tattooists are seen in parlors and online. You can choose to meet them in any venue you feel deem. Before you hire an expert to give you that drawing, do not make the mistake of assuming that the person is skilled until you confirm.",0.1317612
د مرسته نشتوالی - که څه هم د پوستکالي د ليدنمخ ډېر پاک او د کارونکي دوستانه ده، هلته د مرستې او یا د ملاتړ برخې نه دي لپاره تاسو ته که تاسو کومه ستونزه سره مخ دي او يا اضافي مرستې ته اړتیا لري لاسرسی. تاسو ته به ضرورت لري چه په آنلاین ملاتړ تکيه کوي.,"Once you are done with the work, just take the work folder and transfer it to the trash. Upon transferring the trash you can view all of the files that you have transferred, just a quick glance, just to ascertain that all of the files in the trash are the ones you actually want to get rid of.",0.13105358
په داسې حال کې neodymium د دايمي ګرځي دي زیاتره په منځني او لوړ ټولګي ویولون وکارول شي. د لهجه کیفیت ده ښه، غږ elasticity ښه ښایسته ښه غږ د فعالیت دی، او د غږ برخه کې د ځای دی کره. د غوره کړنو، د وړو او منځنیو رڼا neodymium ګرځي او کولای شي په يو شمېر غوښتنلیکونه ورو ورو لوی منځنیو او درنو ferrite ګرځي او ځای.,"The tone quality is excellent, sound elasticity is better, pretty good voice performance and the positioning of sound field is accurate. With the superior performance, small sized and light neodymium magnets can displace large sized and heavy ferrite magnets in some applications gradually.",0.12921992
د ابتدايي ناستۍ وروسته تاسو به روډراپایګ ته ورسوئ، د رب شیوی (روډرا) وروسته، د روډراپایګ ټوله سیمه د طبیعی ښکلا، جرګو او ګلایکیرونو سره برکت لري (140 kms / 5-6 hrs). راځئ او خپل هوټل ته لاړ شئ. د ورځې آرام په هوټل کې د شپې لخوا د انفرادی فعالیتونو لپاره په تفریح ​​کې دی,"Arrival at Delhi railway station/airport, pick up & transfer to Corbett. National Park by road (300 kms/6-7 hrs). Arrive & proceed to your Jungle resort rest of the day is at leisure for own activities, overnight at the resort",0.12913755
هغه مېرمنې چې بې وزله جامې یې پټې وې، په شا کې د کینسر ربن ټټې لپاره ځي ترڅو خپل ځینې موټرې وښيي,Men go for Cancer Ribbon tattoo on their shoulder to show their nasty memory of their beloved ones,0.12906379
ملاتړ له ریسایکلبین، هارډ ډرایو، د حافظې کارت، فلش ډرایو، د ګڼياليزې کامرې او camcorders مالومات بیرته.,"This one is an important step because it shall require you to remove the existing partition on the flash drive. Deleting all the volume on the drive would amount to losing all your data. However, if you have taken a data backup, you don't have to worry.",0.12905826
HEZ په چټکۍ سره د پام وړ شرکت کې وده کړې چې د هیدرولیک او میخانیکي ضمیمو پراخه لړۍ تولید کې تخصص لري. د هايډروليک ضميمو عمده کټګورۍ د گردش ډول ، د سلايډ بازو ډول ، د اړخ بدلون / hinged ډول ، د ځانګړي مقصد ډول او نور شامل دي.,"HEZE has grown rapidly into a sizeable company specialized in producing a comprehensive range of hydraulic and mechanical attachments. The major categories of hydraulic attachments include rotating type, sliding arm type, side-shifting/hinged type, special purpose type and others.",0.12803811
اوبه د ځمکې په سر د انسانانو، حیواناتو او نباتاتو لپاره د ژوند تر ټولو مهمه ماده ده او له اوبو پرته ژوند ناممکن دی. همدارنګه اوبه د چښاک او کروندې تر څنګ د انرژۍ او په ځانګړې توګه د برېښنا د تولید مهمه سرچینه ده. ...نور,"NEW DELHI: It will not just be Qatar and the USA that will keep Narendra Modi busy in the early part of June, the prime minister is likely to stop by at Herat in northwest Afghanistan en route to Doha to inaugurate the Salma Dam...Read more",0.12755497
د امریکا تکزاس ایالت کې په یوې کلیسا کې وسله وال برید شوی چې په پایله کې یې ۲۶ تنه وژل شوي او له شلو زیات ټپیان دي.,"The United States action on Pakistan could extend beyond a new freeze in aid, according to a report by Reuters.",0.1271367
په دې سیمه کې د ابوالفضل زیارت هم موجود دې، چې هر کالې په کې د عاشورا مراسم پر ځای کیږي.,"So, there's a lot of focus - there's a lot of energy behind it right now,"" said a U.S. defense official, who asked not to be identified.",0.12634678
ډاکټر رضایي، په ایران کې زیږیدلې، هغه په دیارلس کلنۍ کې له خپلې کورنۍ سره افغانستان ته راستنه شوه. هغه وايي چې مور او پلار یې په بشپړه توګه د دې د تعلیم او د هغو کوښښونو ملاتړ کوي چې غواړي د افغانستان د ښځینه بوکسرانو اتله شي، خو د هغې پراخه کورنۍ ویرونکې ده.,"This is not a good culture here. Of course it was hard, but it made me work harder, to prove everyone wrong. The attitude was that girls can’t do anything and I wanted to show them that girls aren’t less than boys.”",0.12498
هغه څه چې موږ یې غواړو مخکې له دې چې د یو بلاګ پیل پیل شو,Note: This site you are reading is now hosted on Digital Ocean via Cloudways. Please read Jerry's Cloudways review to learn more about the company.,0.12454322
پرته له وړیا (او ښکلی) . ټي هغه سیمې چې تاسو کولی شئ د دې وړتیا ولرئ چې د وړیا ډومین نوم واخلئ د یو ویب له کوربه چمتو کونکو څخه. دا خورا ښه انتخاب دی، ځکه چې په ډیرو مواردو کې هغه سیمې چې دوی ته ورکول کیږي ډیر باوري دي.,One good example of a web host which is doing this is Hostinger. This company is a full-service web hosting company which offers almost anything you’ll need to host up a website. Their hosting plans range from the humble shared hosting option all the way to powerful VPS and Cloud Hosting options.,0.12326791
د سپوږمۍ نړۍ جذبوي او په ورته وخت کې. ځینی وختونه خوبونه په درست ډول راتلونکی پیښو ته اشاره کوي چې یو کس په غیر ارادي ډول د خوبونو د پروژې حقیقتونو ته په کتو پیل کوي. ولې د ګلانو ګوتو خوب اړین ارزښت لري. د ګلونو ګولۍ څه دي - اصلي,The world of dreams attracts and at the same time scares. Sometimes dreams so accurately convey upcoming events that a person involuntarily begins to believe that dreams project reality. Why dream of a bouquet of flowers?,0.1220924
هغه مهال چې اروپا کې د یوې دندې تنخواه د کډوالو هېوادونو په پرتله لوړیږي، نو په اروپا کې د ژوند کولو لګښت هم خورا ډېر دی. اورپا کې ورځینی لګښت لکه: د کور، ترانسپورټ او خوړو لګښت پراخ دی. د بېلکې په ډول: ۲۰۱۸ کال کې یوې کورنۍ په اوونۍ کې په منځني ډول ۷۳۰ ډالره لګښت درلود.,"But if the young person has family in another EU country, their claim should be transferred to that country so they can be with their family during the process of the asylum application. That is how the system should work. However, in reality the young person must prove that they really are under 18 years old, which can be very challenging.",0.12176047
نور خلک آنلاین ترلاسه کوي چې ممکن په کلیوالي سیمو کې چټکه انټرنیټ ولري چېرې چې دوی ژوند کوي مګر د دوی د ګرځنده وسیله له الرې بېسیم خدمت لري.,"People may read more during down time, such as when waiting in line, at a doctor's office, or while at their child's soccer practice. More people are getting online who might not have high speed Internet in the rural area where they live but do have wireless service through their mobile device.",0.12006504
همدارنګه چې د غوره ګډون کوونکو ټاکنې ته لانور هم نژدې کېږو، د صحنې پر مخ احساسات لانور هم زیاتېږي.,This week only 9 contestants made it to the next round. The Coaches can only save 1 contestant and the rest will depend on the voting again.,0.118478894
دا خو بس مينه ده چې زه ئې كړم راښكېل ګني نو هغه خود سر يم چې د ځان تمنا هم نه لرم,"ISLAMABAD, Feb 11 (APP): Former Prime Minister Syed Yusuf Raza Gilani met Prime Minister Muhammad Nawaz Sharif here at the Prime Minister’s House on Wednesday.",0.117286354
په تیره برخه کې، ما په ډاګه کړی چې د اوسط درملنې اغیز څنګه اټکل کوي. پدې برخه کې، زه به د دغو اټکلونو بدلونونو په اړه ځینې نظرونه چمتو کړم.,"\[ SE(\widehat{\text{ATE}}) = \sqrt{\frac{1}{N-1} \left(\frac{m \text{Var}(Y_i(0))}{N-m} + \frac{(N-m) \text{Var}(Y_i(1))}{m} + 2\text{Cov}(Y_i(0), Y_i(1)) \right)} \qquad(4.6)\]",0.11690349
ځواب: دا د تړاو په ډیزاین، موږ به هڅه کوو تر څو تاسو ته يوه طرحه چې لږ خو اغېزمن لګښت ورکړي.,"Answer: It is according how much your land is and what do you want to plan , if you do not know it so well,",0.11625906
تاند - د افغانستان د هوايي ځواک اکثره الوتکې او هیلي کوپترې د نه پاملرنې او څارنې له کبله په وروستیو میاشتو کې له حرکته پاتې شوي دي.,Karzai’s allegations of bad faith against the US have dampened the Obama administration’s enthusiasm for a bilateral security agreement. Whether Karzai fully appreciates the costs of alienating Washington is unclear.,0.115532175
...نور د سند ډونلوډ د اصلي پاڼي لینک پاکستان د افغانستان په اوبو کې د ونډې لرلو په اړه موافقه غواړي,"Unfortunately climate change and low precipitation levels, coupled with dam construction and not providing the downstream with their water rights have caused dryness in northeastern, eastern, and southeastern parts of Iran which have sparked protests between the two countries.",0.11385378
پورته ذکر شوي استادان په بیلابیلو دوهم، دریم، څلورم ټولګیو او د ستاژ د دورې زده کړیالانو په عملي او نظري زده کړو برخه کې بوخت دي.,"In accordance with the National Strategy and the Office, the following activities were undertaken in accordance with the Development Plan:",0.11290066
د دې توان لرئ چې د بدن فعالیتونه په سمه توګه پرمخ بوځي او بدن د ناروغیو د بریدونو لپاره ښه مقاومت ولري.,To be able to move and carry out bodily functions properly so that the body has a good resistance to disease attacks.,0.11250681
که تاسو په منظمه توګه خپل تلیفون ته ګورئ او هر یو خبرتیا وګورئ تاسو خپل ټولنیز رسنۍ ترالسه کوئ، دا به ستاسو تاریخ تاثیر ورکړي چې تاسو لیوالتیا نلرئ. امکانات دي، ستاسو د بوره مور به نه کښیني او هیڅکله به تاسو سره ونه ګوري. دا به ښه وي که تاسو خپل ګرځنده تلیفون ونیسئ او په ځینې معتبر خبرو اترو کې د اړیکو د پیاوړتیا لپاره لیوالتیا ولرئ.,"In this type of setting Sugar Babies are often the ones expected to do most of the chase. As a rich older and more experienced woman, she’s probably used to going after what she wants and getting it.If you’re lucky, the tab is not the issue. Once she knows you’re interested in her, change the roles by letting her do the chasing…",0.11220085
نارینه به د نیلني رنګ ډیزاین سره د کینسر زیدک ټایټ په خپل کلیک کې مینځ ته مینه وکړي. دا د ټایټ ډیزاین په دوی کې یو ښه نظر ورکوي.,Our website is made possible by displaying online advertisements to our visitors. Please consider supporting us by disabling your ad blocker.,0.10934636
ټول د MS دفتر فساد غلطيو ډول (د XLS او XLSX دوتنې یوازې) کولای شي په دې وسیله اداره شي.,Allow you to recover deleted files on the same drive that the files resided before. Enables preview of drive and file properties.,0.1071305
د ارزګان ولایت چورې ولسوالې کې طالبانو نږدی ۱۵ ورځې کیږی چی لاره د خوراکې او غیری خوراکې توکو په وړاندی تړلي او خلګ وایی چی حتی واښه خوړلو ته مجبوره شوي ده.,"Afghanistan will not be able to sustain its army for six months without assistance from the United States, the ...",0.10707823
پخوانی ولسمشر حامد کرزی وایی چې د ډېورنډ کرښې او ګاونډیو هېوادونو ته د بهېدونکو اوبو پر سر بحث د افغانانو بشری حق دی او کوم هېواد باید ترې خفه نشی. نوموړی وایی، د هېواد د پولو په تېره بیا د ډېورنډ کرښې او اوبو څخه افغانانو زیاتې ستونزې...نور,"President Ashraf Ghani’s senior advisor for infrastructure Humayun Qayumi on Saturday said at a press conference in Kabul the 21 Dam Project has been delayed as technical assessments are incomplete. Qayumi said the Ministry of Water and Energy has not completed its assessments, despite the plans having been drawn up two years ago.",0.10556872
کيلۍ (Königsteiner Schlüssel): دا د هغه توافق نوم دی چې له مخې يې هر ايالت ته د هغه د ماليې او وګړو شمېر له مخې ټاکلې اندازه مهاجر ورکول کيږي.,"The Königstein Key is an agreement defining how many people a federal state is to absorb, based on the state's tax base and population.",0.105257675
۲ ـ بین المللی ټولنه باید دپښتونستان ملکی اوعسکری اړتیاوی ترهغه مهاله پرغاړه واخلی چی پښتونستان په خپلوپښوودریږی.,"If you look up in the dictionary for a word for a person who’s put on the Cross but does not die; you will not find any word. So, we have to coin a new word.",0.10411683
· د شخړو د ښکېلو خواوو تر مینځ د شخړو د خوځښت د لا زیات مخنیوي له پاره د بندیزونو لګول او د هغو څارنه.,One of many precious wooden image from Nuristan The Taliban's this action wasn't anthing new to the people of Afghanistan because the ministry of Vice and Virtue were those who were overseeing the destruction of the artifacts.,0.10396847
ځينې دولتي ادارې د اسنادو د تاييد اجازه لري. دا کار د جرمني له يوې سيمې تر بلې توپير کوي. د سندونو د تاييد لپاره (Gemeindeverwaltungen، Landkreise، Verwaltungsbehörden) او ځينې نورې ادارې مشهورې دي.,Please note that the German Embassy in Damascus is currently closed. The next diplomatic mission for Syria is located in Beirut (Lebanon). You can get certified copies from there. All German embassies and diplomatic missions are listed here.,0.10248633
• بشپړ تړل نوري Pathway د انحراف هنداره او تمرکز ذره، په اسانۍ سره تطابق، اوږد ژوند د وخت او کم ساتنې څخه جوړه ده.,"• Full closed optical pathway consists of a deflection mirror and a focusing lens,easily adjustment,long life time and low maintenance.",0.10139628
د ISC لوړې کړنې 2018 برخه اخیستونکو لپاره چې غواړي نور زده کړه وکړي ، فایل ګیګالیسټ به په بوت K-447 کې وي. د فاټا کالیست بوټ ته مراجعه وکړئ ترڅو د دوی د محصولاتو بشپړ سوټ ، راتلونکو اعلاناتو ، او د سوداګرۍ شو پوړ کې ژوندی ډیمو ترلاسه کولو په اړه نور معلومات زده کړي.,"Wait times can grow significantly when sending data to and from HPC facilities. FileCatalyst’s accelerated file transfer technology sends all of this data, regardless of size, format or distance, in record time by overcoming the transfer challenges faced by traditional transfer methods such as FTP and TCP.",0.10118516
• د پراجکټور کولای شي د شکل کې دننه د ګرافیک، نه غوښتل د ساحاتو کېنډۍ د دقیق ځای وړاندوینه داچه نصب شي.,"• The projector can be mounted alternatively to precise positioning projection of the graphics within the format, no required alignment template.",0.09900235
د ملګریو په لیکو کې موږ باید د مهمو تمرکزونو په یوې برخې کې یو مشر واخلو چې تاسو باید په یاد ولرئ چې تاسو د دې تکړه او منطقي پلوه اشغال د یو هډoop ډویلپر په توګه د ځمکې د مینځلو وړتیا لرئ.,In the accompanying passages we should take a gander at a portion of the critical focuses that you have to remember in the event that you craving to land that cushy and rationally animating occupation as a Hadoop developer.,0.098282725
کله چې تاسو د بدن په هره برخه کې تاج ولرئ، دا برخه هغه څه دي چې تاسو ورته اړتیا لرئ کوم چې تاسو ورته اړتیا لرئ. انځور سرچینه,"When you have a crown on any part of the body that is open to the public, that part is what will you the full attention that you need. image source",0.09588526
د مای پائی ته نږدې د سنوکر کولو لپاره یو څو ښه ځایونه شتون لري مګر تر ټولو ښه کار به تاسو د ډووګیشن مرکز څخه پوښتنه وکړو کله چې تاسو هلته یاست - دوی به ستاسو سره مرسته وکړي ترڅو د سنوکر لوی سفر تنظیم کړي.,There are a couple of OK places for snorkelling near M’Pai Bay but the best thing to do would be to ask one of the diving centres when you’re there – They will help you to organise a great snorkelling trip.,0.09575457
د دې احساساتو له امله تاسو ځانونه غصب کړئ، تاسو غوسه درکوي او تاسو په ژوند کې خوشحاله فرصتونو څخه ډډه وکړئ، مسلکي او شخصي دواړه.,"By letting yourself be overwhelmed by these emotions, you let anger direct you and scare away opportunities to be happy in your life, both professional and personal.",0.094605796
موږ په هر وخت کې چې په هر وخت کې پرته د اعالم تغيير او يا په خدمت کې (يا په هره برخه کې او يا محتوا برخې) بنده حق لري.,We reserve the right at any time to modify or discontinue the Service (or any part or content thereof) without notice at any time.,0.094008744
سخت ډول ازموینې د هر ډول تصویب شوي بدن لخوا ترسره شوي ترڅو دا ډاډه کړي چې د SOLASOLV® سنسونوز تازه وروستي مقررې اړتیاوې پوره کوي.,Rigorous tests have been carried out by each Type Approval body to ensure that SOLASOLV® sunscreens meet the latest regulatory requirements.,0.09364132
فارغ التحصيل دانشگاه هنر در رشته سينما با گرايش تدوين در سال 1370 همكاري با واحد تدوين وزارت ارشاد اسلامي تدوين ده ها فيلم كوتاه بين سالهاي 1373-1370,"Editing many short films in years 1991-1994, including “ I have made a mirror out of art “, “ mother assistant”, “ it’s the windows’ turn “",0.09316974
لاندې په مونږ د میتودونو چې تاسو د خپل د میک خپل د فابریکې امستنو یو ساده بهیر له الرې مرسته کولی شي خبرې وکړي. ...,In the following we discuss the methodologies that can help you restore your MAC to its Factory settings through a simple process. ...,0.08889444
د محصول توضیحي نوې ټیکنالوژي اتوماتیک د تیلو ډکولو ماشین 1. د تیلو جوړولو ماشین اصلي فریم ماشین اتومات ...,Product Description New technology automatic oil filling machine 1. The main frame machine of oil making machine adopts the automatic ...,0.08851387
د متوازن وزن لرل ستاسو د زړه د ناروغیو، د ویني د فشار او د کولیسټرولو په متوازن ساتلو کي مرسته کوي. څنګه باید متوازن وزن ولرم؟,"But only those lucky and pious Muslims will be safe who have received Allah’s special mercy and grace, among them are seven people who give little sacrifice in this short life but will achieve rest under the shade of Allah’s throne on that sorrowful day.",0.08771408
د یادونې وړ ده، چې نوموړي پنځه کسان د لومړنۍ محکمې له لوري په درې درې کاله حبس محکوم شوي او دوی کولای شي د استیناف محکمې غوښتنه وکړي.,"The court sentenced Ghulam Sediq to 15 years’ imprisonment according to the article 396 of the Penal Code for the charge of violating weapon rules, which resulted murder of a person.",0.08399463
سړي د نوم او نیټې سره د پښو پربنسټ د سربو ربنټ ټیټ لپاره ځي؛ دا کار دوی ته د خپلې غمیزې دقیقې څرګندوي,Women go for Cancer Ribbon tattoo on their shoulder with a blue ink design to show their unhappy moments of the dates designed on the tattoo.,0.08398846
که تاسو راتلونکی تمایل ای فون یا د قوي ګړندي فایل فایل لیږد حل پیرود کوئ ، ملاتړ تل د بونس ب featureه ده چې تاسو ته ستاسو په شا کونج کې ټیم چمتو کوي. د امنیت دا احساس [...],"Whether you are purchasing the next trending iPhone or a powerful fast file transfer solution, support is always a bonus feature that provides you a team in your back corner. This sense of security [...]",0.083951734
په اوسنی وخت کې هم کولای شو د بشر لپاره دسترو ګواښونو دمخنیوي په خاطر که هغه دایدس بدمرغه ناروغی ده یا نشه یی توکي او ځان وژنې اونور ، ددین لاره غوره کړو او په دې توګه هم دخپلې دنیا او هم دخپل آخرت د نجات او خلاصون لارې برابرې کړو.,"There is no doubt that this policy would poison the well for generations to come by dividing people on the basis of ethnicity, religion and tribe, as the British did when their empire began to disintegrate. “The Taliban are winning, we are losing,” he said. “They have high moral and want to continue the insurgency.",0.08181767
وروسته بیا یو لنده فلم نندارِي ته کیښودل شو چي په هغه کې دی ارزوني په اړه لیدونکو ته معلومات ورکړل شو.,This was followed by Dr. Tomasz Janowski’s presentation in which he welcomed the national conference on electronic governance and the initiatives of the MCIT and Afghan government in ICT and e-Governance development.,0.08123559
ژباړه: او کله چې ورسږي هلکان له تاسو نه د عقل درجې ته نو هغوی به هم داسي اجازت اخلي لکه څنګه چې له دوی مخکني يې اخلي.,"Behold, of all people the most generous toward me in regard to his companionship and his property was Abu Bakr and were I to choose anyone as my bosom friend, I would have chosen Abu Bakr as my dear friend, but (for him) I cherish Islamic brotherliness and love.",0.08018431
هندوستان: سی بی آی په وړاندې سی آی ای: محکمه تحقیقاتي ادارې د آزموینو په ترسره کولو کې پاتې راتلل تورنوي.,"The financial strains that Keyonte’s family experienced are common, said Carla Tardif, CEO of Family Reach, an organization that provides cancer patients and their families with financial assistance and planning.",0.0800958
"ګام 2 د sepcific فزیکي ډرایو چې معلومات له لاسه Chooes. که تاسو د حضرت نوح د ډاډمن ځای ته لاړ شي چې د غورونه وټاکئ: ""زه نه زما د تجزېې د موندلو"" او ""پیل"" ټک د لاسه مالومات سکن کول.","Select the file type you wish to recover from your pen drive. You can select the option ""All File Types"" to start. Select pen drive to start scaning the lost data.",0.07845484
هلمند کې ۱۴ وسلوال وژل شوي او یو طالب قومندان ژوندی نیول شوی په ارزګان ولایت کي پراخوپوځي عملیاتوپيل شوي ډي,Some of the agreed projects are: rail projects including the establishment of new rail links to connect Torkham with Jalalabad as well as Chaman to Spin Bolduk; initiation of highway projects; early implementation of CASA 1000 and TAPI energy projects; and development of a joint hydel power project on the Kunar River.,0.078391135
پرټولنه باندی دپردو په مټ دمصنوعی جوړکړل سوو غټانو ،کلونه کلونه تبلیغ سوو منفور مشرانو دهریوه وزن او اعتبار دولس په منځه کی دغو د ریاست جمهوری انتخاباتی بهیردهغوی دمخونو پرده پورته کړل.دپخوانی پاچا دنوم او ادرسه زلمی رسول ،داول رئیس جمهور شهید سردارمحمد داود خان دنوم اودرسه، سردار نادرنعیم میدان ته راوتي.,"Reviewing the history of post-conflict countries as Afghanistan, their initial human investment which primarily included educating their population has given them the current economic prosperity and a well informed society.",0.07320558
په تصادفي ړنګ انځورونه او وېډيوګانې څخه ستاسو د ړومینګ مشال؟ اندیښنه مه کوه. دا لارښود وړاندې کوي په 3 ګامونه یې بېرته یو موثر او اسانه لار وي. ...,Recover Data from Raw Hard Drive with Wondershare Data Recovery for Free. ...,0.07076983
کله چې تاسو د دوی شریک شوي کوربه توب پالنونو سره لاسلیک وکړئ ، نو تاسو کولی شئ د خپل موجوده ډومین نوم فاسټکوم ته وړیا لیږدولو لپاره وټاکئ. دوی به د نوي کال پروسه او د یو کال لپاره فیسونه اداره کړي.,"When you sign up with their shared hosting plans, you can choose to transfer your existing domain name to FastComet free of charge. They will handle the renewal process and fees for one year.",0.06980267
تاسي بايد داثبوت کړايسۍ چي تر تعقيب لاندي ولۍ،المان فکرکوي چي تاسي په خپل پلرني هيوادکي ترتعقيب لاندي نه ولۍ۰توجه وکړۍ چي دتښتيدو ټول دلايل مو ورته وواياست داستاسو حق دۍ!,The German government thinks that your home country is safe. Many people in Germany have a different opinion and believe you when you say you have good reasons to leave your country.,0.068798974
مصونیت ضروري دی - خلک ګوري چې تاسو به له نورو سره څنګه اړیکه ونیسئ، نو دوی کولی شي د هغه څه تمه ولري چې کله تاسو ته رسیدلی وي اټکل کیږي.,"Engagement Is Essential – People are watching to see how you will interact with others, so they can have an expectation of what to anticipate when they reach out to you.",0.06711315
"'کار نه کوي، خو دا کار د موضوع د حل د پروسې نه د بشپړولو لپاره ""~system ته وروګرځوي. تاسو بیا اړ یو جوړ سیستم ټکی ته وروګرځوي.","If you are looking to sort programs by their memory usage, choose ""˜'Memory (Private Working Set).",0.065574735
[04.Aug.2010 - 19:01] پيښور کی ځانمرگي بريد کې د ایف سي قوماندان وژل شوی - د پښتونخواد خبریال,The stranded people especially women and children are having nothing to eat as the little or small stock they had has already either finished or drained by the flood water.,0.061697673
د وړ وړ وړیا ویروس په اسانۍ سره په اسانۍ سره ځي، په ځانګړې توګه که چیرې تاسو ګډون کوئ د سنګراین او ځانګړتیاوی منځپانګې.,"Valuable freebies go viral pretty easily, especially if what you share is evergreen and niche-specific content.",0.060167704
یو بل امریکايي چارواکي ویلي، دوی د بې پروايۍ له مخې دا لویه تیروتنه کړې او دا کار یې په قصدي توګه نه دی کړی.,"After the U.S. invasion, with President Karzai’s accession to power, they’d been urged to return, told that it was safe to go back.",0.059941284
دسرپل اقتصادی پروسی (روند) لاتر اوسه هم هغومره چې هیله یی کیدله ، پرمختګ ندی کړی او د خلکو اقتصادی ستونزې د کرنی له لیاری حل کیږی او سوداګری تر اوسه هم پخوانی او کلیوالی بڼه لری.,Jawazjan is one of the important province in northern Afghanistanborders with Turkmenistan at Uzbekistan these located this province is rich of gas resource.,0.059625726
کولی شم د دغو اضافو کسانو نوم ورکړم نو زه د دې غلطۍ بیا پیلولو لپاره ځینې ازموینه ترسره کوله او په پای کې یې سمه کړه.,May I have the name of one of those addons so I could run some test to reproduce the error and eventually correct it.,0.058577865
مګر دلته د غورځولو لپاره ستنې (ماشین عادي یا پنونه) ، زما په اند ، باید داسې نه وي: د موندلو لپاره یې ځورول ، او هم یې وچول.,"But the needles (machine ordinary or pins) to throw there, I think, should not be: tormented to find them, and also prick. For the needles, I have a cuff attached to the shoulder of the machine.",0.057055805
يو شمېر چارواکي د نوي هوايي ډگر د جوړېدو له امله د گرځندويانو راتگ ته هيله من دي، خو د رښتياپلويان له دې امله خوښ دي، چې کولاى شي خپل ځايي محصولات له هلمند بهر وليږدوي.,IWPR has launched an online media resource for journalists and analysts to access on-going training through video lessons and expert webinars....,0.056955263
په جرمني کې يې لږ تر لږه درې کاله د ماهر کارګر (Fachkraft) په توګه کار کړی وي او لږ تر لږه د يوه کال لپاره يې د خپل ژوند لګښت ورکړی وي.,"""You have been working as a skilled worker (""""Fachkraft"""") in Germany for at least three years and have been earning a living mainly through your income for at least one year.""",0.056101944
افغان چارواکي وايي چې د وردګو ولايت په جغتو ولسوالۍ کې د ګډو افغان او بهرنيو ځواکونو د ځمکنيو او هوايي عملياتو ... نور,"Government of Japan decided to extend an Emergency Grant Aid of 13 million US dollars, in response to the damage caused by drought ... Subscribe",0.0527442
تاسو د یو څه مودې لپاره خپل بلاګ پرمخ وړئ او تاسو فرصت لرئ چې له خپلو لوستونکو ، او په ځانګړي توګه ستاسو خورا ملاتړ کونکو سره خبرې وکړئ.,"You've been running your blog for a while and you've had the chance to talk to your readers, and especially your most supportive fans.",0.051601686
تیرماښام دهلمند ولایت د سنګین ولسوالی دسروان کلا دریګی په کلی کی د واده په مراسمو د لاس پوڅی پوځ دڅلوروپوستو لخوا د غرنی هاوان ګولی ویشتل شوی چی په پایله کی د ناوی په شمول۶۰ولسی وګړی شهیدان اوتر۸۰ زیات کسان ټپیان شوی دی، ویل کیږی چی دوژل شویو ډیره برخه ښځی اوماشومان جوړوی.,"Other Possible Causes You may get a 404 error for images because you have Hot Link Protection turned on and the domain is not on the list of authorized domains. If you go to your temporary url ( and get this error, there maybe a problem with the rule set stored in an .htaccess file.",0.051314913
Mac OS X سیرالیون کتنه: د Mac OS X سیرالیون د نوي مشخصات,Want to wipe your memory card to protect your personal and sensitive photos or videos against viewing by others? Here is guide for you to clean memory card and shred photos and videos permanently. ...,0.051038355
د مالي راپور ورکولو شورا د سه شنبې په سهار تایید کړه چې د خپل وروستي مالي کال (د سپټمبر 2018 پای ته رسیدو) لپاره یې د ناڅاپي سفر ټیټ آپریټر پلټنې پیل کړې.,"When talking about the history of their nation, the guides also mentioned the many wars that had troubled their individual countries, including the socialist/communist era after the Second World War, which held back their rate of progress at managing change and integration back into the free world enjoyed by most Western countries.",0.050539155
په Qawra د روح د حل د سپا سهولتونه 4 Anesi Facials او Reflexology فوټ درملنه + استعمال #FaceTime د ټاکلو په (giftable) – روح Solutions- Open Deal,Grundig Titanium Volume curler ki Hurihia i runga i Taumahi – Jokate Malta- Open Deal,0.0484007
"(۷) فرانسوي عالم جيمزډار مسټټر James Darmesteter (۱۸۴۹م- ۱۸۹۴م) د پښتو پر شفاهي او ولسي شاعري باندې يو كتاب ليكلى دى چي "" د پښتونخوا هار و بهار "" نومېږي.","However, Punjab, Sindh and Baluchistan, also have sizeable linguistic groups, probably more than in the NWFP and these Provinces acquired their respective names to reflect the majority ethnic inhabitants.",0.048002213
د غوره کیفیت، د زده ژبو په اسانۍ سره، موسيقي او سندرو ويلو سندرې، سگ بڼه، د جملو ژباړه د اود، د بیده کیدو غږ سره د مشرتابه بدلون، ECT ...,"ACCO TECH, devotes to OEM & ODM reading and talking pen, electronic learning product and other smart electronic product, focusing on high-quality and service.",0.043322623
پته: شمیره 51، Jinghai ختیځ سړک، جنوبي Shatou ولسوالۍ، Chang'an ټاون، Dongguan ښار، Guangdong ولایت، د چين د.,Here we are using a set of parallels to raise the work and provide support against the downward force of the cutting tool. Adjustable vises are helpful in holding parts that have to be machined at an angle.,0.04229384
امکان لری څو ورځی دتوجه وړوګرځی خو کوم کار به ونه سی کړای او دنظرو څخه به هیڅته سی او دنورو طالبانو درهبرانو په شان چی دحکومت سره یوځای سوی دی دهغه اهمیت به هم لږ سی.,"That's just one of the questions that emerges from Kramer’s clear-eyed look at whatconce you’ve read her piece, “The Pentagon’s Phony Budget War”—can only be considered the Pentagon’s sequestration con game.",0.041475393
تودوخه په ژړا کې ده! او دا پدې مانا ده چې دا یو ښه وخت دی چې د بیلابیلو ښایسته ځایونو له لارې ودرول شي، په نوي سجیلا جامو کې چټکۍ، او البته په دې ګرمو ورځو کې خوند واخلئ. او دا اړینه نده چې د دې لپاره نوي شیان وپلورئ، په ځانګړي توګه که ستاسو مالي مرستې وي ...,"We equate the change of a loved one with betrayal. And often we are not ready for it. It breaks the ground from under the feet, carries with it destructive feelings and consequences. We are trying to build relationships on trust and love, and betrayal crosses out everything in one fell swoop. ...",0.04028044
د یادولو وړ ده چې سر بیره پر دې چې د یادو کلیو او بانډو اوسیدونکو د دغو پروژو په جوړولو کې پوره ونډه اخیستې ده د خپلو پروژو لس سلنه لګښت یې هم ور کړی او د پروژو ساتنې او پالنې چارې یې هم پر غاړه اخیستې دي.,It is worth mentioning that the communities apart from cooperation in construction of the projects have also given a 10% contribution toward the finalization of the projects.,0.0374726
د کرسټال پاکو اوبو اوبو څخه د کیکایک یا پوډل په واسطه ستاسو په لاره کې د بورډ کولو له لارې مزایده وکړئ - د ملګریو او کورنیو لپاره یو مثالی فعالیت.,Enjoy the crystal clear ocean waters by Kayaking or paddle boarding your way around – An ideal activity for couples and families alike.,0.036965787
نو له دې امله، که تاسو تخصیص لپاره لوی بودیجه نه لرئ، موږ به په بشپړ ډول د زده کړې استعمال لپاره وړیا بدیل غوره کړو.,"Therefore, if you do not have a big budget to allocate, we will prefer a free alternative for purely educational use.",0.03479836
تاسو باید د فکر کولو مشرانو سره ستاسو په ځای کې شریک کړئ چې تاسو کولی شئ تاسو ته درناوی واک لرئ؟,What do you have to share with the thought leaders in your niche that can make you a respected authority? These people do not have to be bloggers but they do have to have a strong social media presence.,0.034404412
د نظر له چاپولو څخه ټول وخت: نږدې 2 کاله، یوځل بیا، د خپرولو شرکتونو او لیکوالانو سره د مختلفو وختونو وخت.,"Total time from idea to print: approximately 2 years, once again, the timeline with vary with publishing companies and authors.",0.03339422
څنګه چې هغه ټوکرۍ ته یو مشکل پنډوسکې غورځوو، هغه له شا نه یو غږ واورید چې هغه یې ډیر وډارولو. ’ فکر کوم چې تا ته یو بله زده کړه درکړم‘ دغه غږ راغی.,"Just as he was practicing a difficult shot into the net, he heard a voice behind him that sent shivers up his spine. ‘I see we are going to have to teach you another lesson,’ said the voice.",0.03335879
خو شكرچې په رښتيا دحيرانوونكيوپېښوپه ليدلو دانسان ښكرونه نه شنه كېږي كه د عجايبو په ليدلو ښكرونه شنه كېداى نو باورو كړئ چې يو افغان به هم بې ښكرو نه وى او دځينو ښكرونه خوبه له ګوزو هم اوږده وو او په ځانګړې توګه دښاغلي كرزي په دوره كې دعجايبو دليدلو له بركته خوبه دهرافغان په كوپړۍ كې دښكرونو ځاى نه وو .,Law abiding citizenship begins from the grassroots of a particular society which is indeed the initial stages at school and kindergartens. It is the responsibility of the parents and the teachers at schools to educate our kids about their lawful rights and responsibilities towards their society and fellow citizens.,0.032937832
(۶) ډاكټر هنري والټر بيلو هم په ۱۸۶۷م كال د خپل پښتو ګرامر د سريزې پر ۱۲مخ د پښتونخوا يادونه او ستاينه په دې ډول كړې ده:,"The Province borders Afghanistan to the North West, the Northern Areas to the North East, Azad Kashmir to the East, Federally Administered Tribal Areas (FATA) to the West and South, and the Punjab and Islamabad Capital Territory to the South East.",0.032342378
وروسته له برید څخه افغان ځواکونو سیمه کلابنده کړه او د ډزو غږونه اورېدل کېدل. ویل کېږي چې دولتي ځواکونه توانېدلي چې ودانۍ ته د ننه شي.,Signing an agreement costs 4.3 million pound between the Ministry of Public Health and two foreign organizations,0.03148454
هغه بیې چې ښاغلی انجنیر امیرزي سنګین او د مخابراتو او معلوماتي ټکنالوجۍ وزارت رهبری هئیت او د افغان تیلي کام د رئیس له خوا تائید شويوواعلان شول.,"5. Internet Bandwidth for 256kbps, USD225/Mbps/Month. 6. Internet Bandwidth price for 512kbps, USD450/Mbps/Month. Price reductions are mainly for Internet Service Providers and Telecom Operators, while Internet Service Providers may also reduce Internet bandwidth prices on their end.",0.031419247
د کوفې اوسيدونکی او د امام رضا عليه السلام او امام جواد عليه السلام له خاصو او عزتمنو ملګرو څخه ؤ. د الجامع په شمول يې څو کتابونه تاليف کړي دي او يو باوري فقيه ګڼل کيږي.,"Additionally, a 404 Not Found error was encountered while trying to use an ErrorDocument to handle the request.",0.02895319
نینسي شریکوي چې په خپل بلاګ او نورو بلاګونو کې پوسټونه چې ډیر بریالیتوب لري ډیری وختونه د کیسې وینا کول شامل دي.,Nancy shares that posts on her blog and other blogs that are most successful often do incorporate storytelling. My most effective posts have an attention-grabbing or comical graphic.,0.028745726
- د تریزا قدیسی مسیحی مور چې د نوبل د جایزی وړونکی وه، دی دخپلو وروستیو مصاحبو کې دا خبره لوڅه کړی ده چې په برازیل کې هر کال په سلهاو زره ماشومان د کثافاتو د سطلونو څخه راوباسی.,"One obvious initiative is the creation of symbols of national identity like national flag and anthems, which are accepted by all ethnic groups.",0.028568072
هغه زیاتوي: (( دغه میرمنې له خپلې سوداګرۍ سره د مرستې او د خپلې ټولنې د ټیکاو په لاره کې پر داسو ننګونو بریالۍ شوي چې هیڅ باور یې نه کیده. نو دا اړینه ده چې موږ د دوی او دوی ته د ورته میرمنو ملاتړ وکړو. )),"“These women have overcome incredible challenges to help their businesses grow and communities thrive, and it’s important we support them and other women like them,” she added. Related Articles",0.02845391
کندهار والي دميوند اتلانو لوبډلي ته د دوهم مقام ترلاسه کولو مبارکي وويل,U.S. military planners have been operating under the assumption that they would retain a force of between 8000 and 12000 U.S. and allied troops at bases in the capital and in the four corners of the country.,0.027879175
پداسې حال کې چې دا ګرین ګیکس لپاره مناسب دی چې د ډومین راجسټریشن او اډون ب featuresو باندې تادیه نه کړي ځکه چې دوی د دریمې ډلې خدماتو لپاره تادیې ته اړتیا لري.,While it's reasonable for GreenGeeks to not refund on domain registration and addon features as they need to pay for those third party services.,0.027704433
د انګلستان سرپرست د لومړي ځل لپاره د متحده ایالاتو د نومول شوی دفتر لپاره ویناوې,"Solar Solve Marine, based in the UK, recently received an order from a Swedish interior outfitting company to supply 58 custom-made ROLASOLV® blackout roller blinds for the MV Santa Cruz II.",0.023319483
د ګډ علت سره یوځای کار کولو او شراکت جوړولو لپاره کافي ډګر شتون لري چې دا به نه یوازې ستاسو دواړه سوداګرۍ یا پروژې ګټه پورته کړي ، بلکه دا به تاسو ته په انساني کچه هم ژورې اړیکې کې راشي.,"There's plenty of ground to work together on a common cause and build a partnership that will not just benefit both of your businesses or projects, but it will get you into a more profound relationship on a human level, too.",0.022372486
ستاسو د فاسد اکسل دوتنې ټولو ته د خپلو اصلي ولاړې راوګرځوئاو.,"NOTE: You will see the Mail icon only after Outlook has started at least once. The name of the existing profile is contained in the title bar of the dialog box that is labeled, ‘Mail Setup’.",0.019470107
د سول سویلینین ویینز د سویلي کوریا څخه 40 - سپارښتنه نشر شوي په 20 مارچ 20196th جنوري 2020 by د سولی سولی,For many years wipers have been installed on ships with clear view screens to provide navigation safety in rainy or stormy weather but often the captain has little […],0.019136056
---------- نوټ : لاندې د ماریا ابي حبیب د خبر لینک او همدا ډول د خبريالانو څخه د دفاع کمیټي لینکونه دي:,"Commanders of the powerful Northern Alliance, which with American help overthrew the Taliban in 2001, continue to profit from the trade in northeastern Badakhshan Province.",0.015143648
په هغو مراسمو کې چې له همدې امله جوړ شوي وو، ښاغلي شريفي د معينيت د پاليسيو او کاري موخو په اړه ګډونوالو ته معلومات ورکړل.,He mentioned about the discipline of the guards and thanked their commitment to their duty which shows high training which has been given to them.,0.013640051
موږ ډیری خلک لرو چې زموږ لپاره لیکل د کاپیسکس له لارې ثبوت وړاندې کوي چې د هغوی کار په اصل کې دی.,We often have people that write for us submit proof via Copyscape that their work is in fact original.,0.010408973
د اسحاق ډار په مشرۍ كښې د اقتصادي رابطه كمېټۍ غونډه خریف سېزن له د يو لك 50 زره ټنه زياتې يوريا سرې اخستو او په روژه كښې په چينۍ د سبسډي وركولو منظوري,"ISLAMABAD, Oct 29 (APP) Minister for Inter Provincial Coordination Riaz Hussain Pirzada on Wednesday informed the National Assembly that around 39 National Sports Federations (NSF) are affiliated with Pakistan Sports Board (PSB).",0.010170769
خادمزي وایې چې نننۍ مرستي بسنه نه کوي او داړوندو ادارو څخه یې وغوښته چې دخپلو مرستو لړۍ تر ولسوالیو پوري وغځوي,Deadly traffic incident leaves 22 dead or injured in Herat A number of the injured passengers are critical health condition and they are currently being treated in Adraskan and Herat provincial hospitals.,0.0043753777
ظاهرا دهغه د مشاورانو تعداد دومره ډیر وو چی هغه خپله هم دقیق امار یی نه درلودی!,"The X-47B, which is about 38 feet (12 meters) long with a wingspan of 62 feet, can reach subsonic speeds and fly at an altitude of more than 40,000 feet.",0.0037736455
برسېره پر دې، دا په ځانګړې توګه د الرښوونکو د زیانونو لپاره سپارښتنه کیږي، ځکه چې دا د مغزوبې غزنیو دفاع پیاوړې کولو کې مرسته کوي.,"In addition, taking the oil can lower the blood pressure in the long term. In addition, it is especially recommended for allergy sufferers, because it helps to strengthen the defenses of the mucous membranes are stronger.",0.0007774234
ټول بیرته راغلل شوي توکي باید په نوي برنامه کې وي، نه کارول شوي / ناپاک شوي، ناپېژندل شوي، د اصلي اصلي ټګیو او اصلي اصلي بسته بندي سره راځئ.,"All returned items must be in brand new condition, unused/unworn, unwashed, come with all original tags and their original packaging.",0.00075334683
د ډېرو نورو نباتاتو په څیر، آرکۍ لمر خوښوي، مګر یوازې په منځګړیتوب کې. هغه باغونه چې په لمر کې ډیر اوږد دي، د اندیښنو د راټولولو له امله حساس دي. دا ښه نه ښکاري او نبات د ناامنه احساس احساس کوي. په دې حالت کې تاسو باید د ګل لپاره نوی، سایډیر ځای وګورئ. ډیری رڼا د آرکائ سره مرسته کوي، مګر هیڅکله د لمر وړانګو نه.,"Another care reference concerns the roots that stick out of the pot. These are not pretty to look at. However, the aerial roots are important for the orchid. They are the center of the plant and therefore responsible for the nutrient supply. There is one exception: if the roots are rotten or dead they may of course be removed.",-0.0002163928
۴ دلغمان ولایت دعلینګار په ولسوالی کی په هغه ښځوبمبارد چی دلرګیو د راوړلو لپاره دکلی غره ته تللی وی.,"If your blog is showing the wrong domain name in links, redirecting to another site, or is missing images and style, these are all usually related to the same problem: you have the wrong domain name configured in your WordPress blog.",-0.00077623595
وروسته تاسو ټاکلی او په پای کې يو سند سکن، چې تاسو کولای شي دا په دریو مختلفو طريقو مخکتنه.,There are many scenarios where you delete the files permanently like pressing “shift+del” without having a backup. The Wondershare recovery tool comes into play in all such scenarios.,-0.0034637675
"د تیروتنې کتنه ""اکسیل دغه دنده سره د موجودو منابعو نه بشپړ شي""",They are also normal files which is currently being used by the system and hence prevents its deletion. There are several reasons which do not allow the file to be deleted.,-0.0049667545
پدی توګه پیسو کې زیاتوالې منځته راځي او د پیښې د منځته راتللو په وخت کې همدا پیسې د زیان د ورکړې په نوم د دویم ځل لپاره تاسې ته درکول کیږي.,"Under this policy, the insured is provided with financial aid in case of an accident resulting in loss to him...",-0.009541446
لېږل نوی په ننګرهار ولایت کي ۱۴تنه داعشیان مرګ ژوبله اوښتي ده,"Without putting his statement in quotation marks, (Wall Street) Journal reporters Julian E. Barnes and Matthew Rosenberg reported Petraeus as claiming that the use of IEDs “has generally flattened in the past year”.",-0.009608016
راجع به مطالعه استفاده مشترک و متنوع المرام از آب و انرژی دریای پنج و دریای آمو در طور سرحد مشترک افغانستان و اتحاد شوروی,The Rubik’s cube starts to usually find structure and the different pieces find their places when its solver adopts a systematic approach.,-0.0104618
د تر ټولو غوره حل ویجاړ یا فاسد MP4 دوتنې آنلاین ترمیم، او دانلود MP4 ویډیو ترميم وسيلې په فساد ویډیو دوتنې ترميم کړي. ...,"With Wondershare Data Recovery to help you recover deleted,lost,formatted data from Seagate Backup Plus Desktop external hard drive. ...",-0.015104277
"زه) د (د, معلومات, نظر, او د ډېټابېز كې ساوتري پوړج ترجمه د سرچينې په کار د توکو د, او","If it was just a popularity contest, I wouldn't even bother. I guess that was what I was really concerned about, that this might, like everything else in life, turn out to be more about who you know than what you know. (not that I'm cynical or anything)",-0.01585398
پداسي حال کې چې د فایل لیږد نورې طریقې نشي کولی د فایلونو د زیاتوالي سره مخ شي، FileCatalyst د فایلونو خوندي لیږد ډاډ ورکوي، هیڅ ډول اندازې یا اندازې بڼه نلري.,"Combining a world-class exhibition with specially curated feature areas and events\, the IBC Exhibition provides the perfect platform for you to network and build relationships with suppliers and customers\, discover the latest trends and technologies and drive your innovations and strategy.",-0.01702432
نوموړي زياته کړه، چي بس موټر د ټونیس پیما نومي ټرانسپورټي شرکت اړوند دی او په اړه يې د پلټنو خبر ورکړ.,"""There is no single source of problems,"" said Docher. ""It is a multitude of challenges we face, and it is the variety that makes it so difficult to manage.",-0.018846085
...نور د سند ډونلوډ د اصلي پاڼي لینک دسلما او کمال خان بندونه او د ایرانیانو چیغی,"Moreover, there is a perceptible lack of connection to the human dimensions which are truly at the heart of what makes water such an integral part of our landscape, be they plains, mountains, the delta, wetlands, river basins or deserts.",-0.020967986
ستاسو په ژوند کې یو څه ورک دی ، او تاسو باید پدې درک پوهه شئ او ومومئ. حتی که تاسو دا مهال نه پوهیږئ چې دا څه شی دی ، لټون مه پریږدئ. تاسو په څرګنده توګه یو څه له لاسه ورکوئ ، نو تاسو اړتیا لرئ یوځای شئ او په مهمو شیانو تمرکز وکړئ ، حتی که دا تاسو ته مهم ښکاري او ستاسو پام وړ نه وي.,"This week's key card is the Knight of the Cups. She says that you should not shoulder the burden of others and load yourself with unnecessary problems. When you give priority to your needs, it is much easier for you to overcome life's difficulties.",-0.025796568
څنګه چې تاسو یوازې د خپل بلاګ سره پیل کوئ ، او دا ځکه چې دا به یو څه وخت دمخه وي ستاسو لپاره پیسې ګټل پیل کړي ، نو دا د وړیا موضوع سره پیل کول سم دي.,"Since you're just starting out with your blog, and because it will be sometime before it starts making money for you, it's okay to start with a free theme.",-0.026472878
د بیک لنکو د بریتان ډان وضاحت کوي چې څنګه د 785 لخوا د بدلونونو کچه لوړه شوې٪ د A / B ازموینې پرته د ساده پی ایچ پی سکرپټونه، پلگ ان او ویجټس سره.,"She has a high-school diploma in Psychology and Education and attended a 3-year course in Comic Book Art, from which she graduated on 2008.",-0.028235234
var روښانهcoveBrandsafety = '4 د سپورت او متخصص خبرونه - د اعلان هدف ګرځولو لپاره لیږدول شوي' ملکه الزبت بل II به میغان مارکل او شهزاده هري ته خبرداری ورکړی و چې دوی به اجازه ورنکړل شي چې د سانسیک رائل برانډ وکاروي د دوی ...,"Researchers with the cancer research center collect building-block level data from cancer patients, including the precise blueprint of their DNA and how their immune systems respond to cancer cells. Analysis of such data could help unlock the many intricacies of how cancer and patients’ responses to it work, including what triggers some people’s immune systems to attack cancer cells.",-0.03256964
د سقاوۍ په رانسکوریدلو سره، محمد نادر شاه د قد رت واګی په لاس کی ونیولی ( ۱۹۲۹ ـ ۱۹۳۳) .,"incorruption…It is sown a natural body; it is raised a spiritual body. There is a natural body, and there is a spiritual body.",-0.03465811
"""موږ نه يوازې WorldLingo ځکه غوره نه يو اغېزمن لګښت دا ژباړه, د کارکوونکو د حل لاره برسير هم يو مسلکي او زموږ ته. په هغې برسېره, د برازيل Portuguese WorldLingo وړاندې کولاي شي د يو ژبې په توګه د ملاتړ. د نظر څرګندولو باوري کوي چې د nuances د برازيل Portuguese په کې په دي د ڎباړو,"" نن اَؤ يعقُوب اَؤ Treleaven.",And you only have to buy the USBASP once and you can use it on multiple boards. Although you are right that the arduino has usb built in which is much more convenient but this is just V1.,-0.03707446
جوړونکو په ګټه چې په سي ډي بیرته وېش جوړ توګه دا ښايي چې د preloaded سافټ له اجازې پرته د ویش سبب ګرځي، لکه څنګه چې بیرته د رسنيو د کمپيوټر سره راغی په اوږدو کې سکس نه دي.,There are few way you can erase hard drive both on Windows and Mac. There are many third party software that you can use to erase hard drive data but nothing is as reliable as the OS itself.,-0.039348416
د دویچی ویلی راپور وکړه، د آلمان د دفاع وزير توماس ديميزير په يوه ملکي الوتکه کي افغانستان ته سفر کړی دئ او ويلي ئې دي چي دا د دې څرگندويي کوي، چي د افغانستان په شمال کي امنيتي وضعيت د ډاډ وړ دئ.,"Over the past decade, streets have been built, schools renovated. Teachers and craftsmen have been trained.",-0.04292036
"پیل کونکي د ورډپریس سره رواني ب featuresې خوښوي؛ او په ځانګړي توګه هغه وړتیا چې پخوانیو نسخو ته بیرته راګرځول شوی. په دې توګه ، که پا pageه ""پرمختګونه"" له لاسه وتلي ، دوی کولی شي پرته له ځنډ سره بیا پیل وکړي.","Beginners love WordPress' intuitive features; and especially the ability granted to roll back to previous versions saved. That way, if page “improvements” get out of hand, they can start over again with no hassle.",-0.045569908
"نشر شوي په اوسنۍ خبرونه, خبرونه او پیښې د سولی سولی له خوا څخه د سوسیالی فعالیتونو سوابقو ته لاره ایښودل.","The navigation bridge windows of both ships are equipped with SOLASAFE roller sunscreens to protect personnel from solar heat, glare and uv light, thereby creating a safer and more comfortable working environment.",-0.047672868
په فوري توګه فکر مه کوئ چې ستاسو مدیر دلته شتون لري چې تاسو ستونزې پیدا کړي، مګر، په برعکس، تاسو سره په اغیزمنه توګه کار کولو کې مرسته کول.,"having on average 6 years of professional activity, who have not benefited from individual training leave, leave for setting up a business or sabbatical leave during the previous 6 years within the company. The duration of sabbatical leave generally varies between 6 and 11 months maximum.",-0.04793715
زمونږ خبریال وایی د روسیې ولسمشر ولادیمیر پوتین(Vladimir Putin) د جرمنی له صدر اعظمې انګلا مرکل(Angela Merkel) سره په ګډ خبری کانفرنس کښې د اټومی موافقې د ساتلو په اړتیا ټینګار وکړ .,"Indian troops have killed at least three pro-independence militants in New Delhi-controlled Kashmir’s main city, Srinagar, prompting angry protests by residents against the Indian government.",-0.051238336
لپاره د غوښتنليک د فعال د اړتیاو او نه خوری ډیزاین (په پرتله چې په لومړي درخواست چې دعامه سمتياوې حاضرينو د نور خاص) امتحان اډه.,Test base for the application’s functional requirements and query design (more specific than those present in the initial application domain specification).,-0.05545769
"کهکشان ریاض پنځه کلن ماشوم سره د کاغذ په پا ofه د پنسل ساتلو کې مرسته کوي ، د هغه څلویښت کلن چې اوس د شاهین باغ ""نوي ښوونځي"" لاریون ځای ته راځي - هغه ځای چې د ماشومانو…","They don’t know how they’re going to get to treatment tomorrow,” she said. “I’m not smart enough to cure cancer, but we can fix this.” Cet article est apparu en premier sur",-0.056583498
د چليز غونډال سره وجنګولې: د چليز غونډال د سیستم د قوماندان دی. دا د آرامۍ د کمپيوټر د ټولو نورو سافټ چلولو ترلاسه کولو په غاړه لري. خو که د چليز غونډال پخپله مسایلو تجربه پیل او د پیل څخه وخت په وخت سره وجنګولې نو ښايي د اکسل دوتنې د فساد سبب.,"Other times it is the hard drive itself that can malfunction and cause you to lose all your files. Whatever happened to erase all the data from external hard drive, you can get it all back if it wasn’t completely overwritten or corrupted hard drive.",-0.057753414
لدې امله چې اژانس به همېشه رښتيا او سم معلومات خبري ادارو ته په واک کې ورکول د لږې مودې په تېرېدو سره نه يواځې دا چې شهرت يې ترلاسه کړ بلکې د هرې ورځې په تېرېدو سره به د نړيوالو خبري ادارو باور پرې نور هم زياتېدلو.,"AIP started its regular news service from a scratch on September 1, 1982. While such institutions were desperately needed at that critical juncture, many people considered it a useless effort and did not lend any support to this nascent news agency.",-0.05960346
د آیډیا پیل کونکي د بلاګ کولو هڅونو لیست دي چې تاسو لیکلو پیل کوي او د لیکوال بلاک مخنیوی کوي کله چې تاسو نشئ کولی د موضوع یا یوې زاویې په اړه لیکل وکړئ.,Idea starters are lists of blogging prompts to get you started writing and avoid writer's block when you can't come up with a topic or an angle to write about.,-0.06774247
یوځل چې تاسو د خپل سایټ لپاره د بېلابیلو ارقامو ډاټا ترلاسه کړئ، دلته ځینې هغه عملي شیان دي چې تاسو یې کولی شئ ستاسو بلاګ ته وده ورکړي.,"Once you have a grasp of the different types of data available for your site, here are some of the practical things you can do that will improve your blog.",-0.06889183
Gemalto وHuawei تبتكران حلاً فعالاً من حيث التكلفة لإنترنت الأشياء التي تستهدف أسواق الجملة أمستردام، 14 نوفمبر 2017 – في سبيل مساعدة شركات تصنيع الأجهزة على تلبية الطلب المتنامي على وحدات إنترنت الأشياء ضيق النطاق الأكثر استمرارية والأقل استهلاكاً للطاقة، تتعاون شركتا Gemalto وHuawei – من خلال ذراعها لأشباه الموصلات HiSilicon – من أجل تطوير […],Three persons were killed and another injured in a road accident on Islamabad-Lahore Motorway near Hiran-Minar Interchange on Tuesday morning.Punjab Chief Minister Shahbaz Sharif has expressed deep sense of grief and shock over those killed in the acci...,-0.073174775
• معيوب UAC ده بل انتخاب چې کولای شي د کار د ځان کړې ده. په داسې حال کې د کاروونکو تر ټولو سره د کارن د نشتوالي له هوسا نه دي Account ځينې يې دي کنټرول.,"After it completed, you can simple preview the recovered files and get them back. If you can't find your files at quick scan result, go to scan again with Deep Scan. Step 4 Scan again with Deep Scan",-0.07697366
بې کوره خلک او د آلمان په ښارونو کې د استوګنې ستونزې باید د ورځې په رڼا کې حتی ډیرې وي او په مخکیني مخونو کې.,Homeless people and the rampant housing problem in German cities should be even more in the light of day and so on the front pages.,-0.0795974
3 ګام scaning وروسته تاسې کولای prview او هارډ ډرایو له لاسه دوتنې بیرته ، د مطلوبه دوتنې وګورئ او د دې لپاره چې خپل مالومات بیرته کلیک وکړی.,How to repair the Error 15 File not found issue in Windows?,-0.11589965
چک په داسې حال کې چې د احتساب زیاتولو لپاره لارې چارې تشریح کوي او په سوداګرۍ او ژوند کې خورا زیات اغیزمن کیږي.,"Why would I ask that? Because that is how the majority of us live. We play it safe by thinking we are incapable of pushing harder, faster, and higher than we are right now.",-0.13277176
